title,text,score,created,num_comments,url
"2,000 Workouts Without a Rest Day","This is another update about training without rest days. I have surpassed 2,000 consecutive training days. Along the way I have grown bigger, stronger, and generally more fit. This is because training without rest days requires sustainability above all else. To accomplish that, my priorities as a lifter have shifted to consistency, patience, and effort. These are what I have previously referred to as “[the triumvirate of progress](https://swoleateveryheight.blogspot.com/2022/).” Those three priorities govern sustainable progress, meaning gains.

**What this post is not…**

… me saying that rest days are wholly or even generally unwarranted.

… me saying that rest days are bad, suboptimal, unscientific, etc.

… me making a moral or ethical argument about rest days themselves.

… me trying to make you feel bad for taking rest days.  

**This post is…**

… an anecdote about training without rest days and how daily training has benefitted me.

**Stats**

Age: 38.7

Gender: Man(let)

Weight: 210

Height: LOL

Lifts: Squat [525](https://www.instagram.com/p/C0KGr8rAkAY/?img_index=1), Bench [340](https://www.instagram.com/p/CuSzsrhgtCx/), Dead [600](https://www.instagram.com/p/C4qKfzxAq9K/) (best ever was 635), Press [250](https://www.instagram.com/p/Czw7oYDAwKT/?img_index=2).

Natty Status: I was on TRT nearly a decade ago. Tried it for a year. Didn’t benefit from it like I thought I would based on what I was told at the time. Nothing during this period. I have not and do not claim to be a “lifetime natural.”

**Why I decided to start training daily (and heaps of other detailed information)**

That and more can be read in my previous posts:

[Five Years Without a Rest Day](https://www.reddit.com/r/Fitness/comments/1bob6rg/five_years_without_a_rest_day/)

[The Tom Platz Experience: Pain, pleasure, and high rep squats](https://www.reddit.com/r/Fitness/comments/1953k9l/the_tom_platz_experience_pain_pleasure_and_high/)

[Four Years Without a Rest Day](https://www.reddit.com/r/Fitness/comments/12lgk9f/four_years_without_a_rest_day/)

[No Rest Days](https://www.reddit.com/r/Fitness/comments/yaw8qa/no_rest_days/)

[1,000 Workouts Without a Rest Day](https://www.reddit.com/r/Fitness/comments/sb7tbh/1000_workouts_without_a_rest_day/)

**Training without rest days has benefited me because:**

**-** By prioritizing sustainability over all else, I make better training decisions. This results in fewer injuries and minor setbacks, meaning more gains with less risk.

**-** [Lifting is something I enjoy, so I do it often and feel better because of it.](https://swoleateveryheight.blogspot.com/2023/04/physicality-creativity-and-consciousness.html)

**-** Frequency is a significant factor in making progress, whether that is gaining size or strength. I am now bigger than I’ve ever been and stronger in nearly every lift.

**-** My general fitness has improved due to the increased training frequency allowing for more training diversity. Meaning more opportunities to include conditioning workouts whereas previously nearly all my workouts were strength oriented because “I didn’t have time to do conditioning” consistently (an excuse).

You might benefit similarly if you decide to train without rest days. You might not. All I can say definitively is that I am happy with my results and because training is itself a luxury and a pleasurable experience, I will continue to do it daily.

Counterintuitively, busier people seem to do better with daily training. This is because a three-, four-, or five-day training week (as is typical) packs in exercises and a progression that can take an hour or more to complete. Busy people often do not have that kind of time. I have found that my busy clients can manage 30 to 45 minutes consistently and sometimes even less than that. So, to accomplish their goals they have started training daily, with each workout being shorter, biasing the program towards consistency, which ushers results when coupled with patience, effort, and of course sensible exercise selection, volume, and intensity progression.

While most of my training has been based on my [General Gainz training framework](https://www.reddit.com/r/gzcl/comments/aqkdgo/happy_gday_gainerz/), there are occasions when my progress is not derived from General Gainz, or even my own [original training structure](https://swoleateveryheight.blogspot.com/2014/07/the-gzcl-method-simplified_13.html) (modeled after a pyramid). These resources will provide to you a reasonable structure with which you can build your own training programs. Even brief ones, so that you can also begin training daily (if it is right for you; some may have contraindications).

There are two things that have recently benefitted my training. The first was when I ran a program called Maelstrom which resulted in a lifetime personal record [600-pound beltless deadlift](https://youtu.be/q0_bACQ8MvI?si=YjLVb1mWvqcaiBps). Here is [a review another user wrote](https://www.reddit.com/r/weightroom/comments/1cy1oq2/upcoming_program_review_gzcl_maelstrom_for/) of their experience running that program. This was a very unusual approach to training the deadlift because it is high frequency, high volume, and low intensity.

The second occasion was when I had only a brief period to get a training session in. This happens somewhat regularly now because I own my own business. To train effectively in a short period of time I would do workouts that I began to call Monotony. These helped me maintain the daily training streak because even if I had only 15 minutes in my schedule, I could still hammer a lift and benefit from the workout. Perhaps you would likewise benefit.

You can read [Maelstrom & Monotony](https://swoleateveryheight.blogspot.com/2024/10/2000-days-maelstrom-monotony.html) and watch me perform those workouts on my blog and Instagram. On my blog you will have access to an updated program compendium, so that way you can perhaps run one of my old programs like GZCLP, Jacked & Tan 2.0, or try drowning in deadlifts by running Maelstrom.

I wish you the best with your training. If you have any questions, drop them in the comments and I’ll do my best to answer them.",591,2024-10-16 17:08:37,137,https://www.reddit.com/r/Fitness/comments/1g54ik2/2000_workouts_without_a_rest_day/
Five Years Without a Rest Day,"Hello, /u/gzcl here with another post about training without rest days. I recently crossed the five-year mark of training without rest days, so I figured it warranted an update.

[Here](https://www.reddit.com/r/Fitness/comments/12lgk9f/four_years_without_a_rest_day/) is the update from last year. Many other details about my training, including videos of PR lifts, can be found in my post history, Instagram, YouTube, and blog. Each is linked throughout this post.

Before we get into the post, I want to be clear that I am not saying that everyone should train without rest days, or that nobody needs them, or that I’m better than anyone because I have not taken rest days, or that rest days are inherently useless or bad, or that not taking rest days always produce better results or training like this makes me a hard-core tough guy type. So, please, do not read into this post such contrivances.

Again, this post is not telling you that you absolutely do not need rest days, no matter what. This post is critical of rest days because it has been my experience that rest days are often taken for granted and are therefore abused; something which may inhibit training rather than aid it.

Now, I would like to address some basic facts of who I am and what my situation is. These things will provide insight into why I chose to train without rest days, how I am able to do it, and why I am here encouraging you to consider whether rest days are necessary, based on your circumstances, abilities, and goals.

**About me:**  
**Age:** 38  
**Years Training:** 15+  
**Bodyweight:** 205 to 210, daily average. (Up from [158 on day 31](https://www.instagram.com/p/BwItaivA_2-/) of training without rest days)  
**Height:** 5’5”  
**Recent 1-Rep Maxes:** [525 squat](https://www.instagram.com/p/C0KGr8rAkAY/?img_index=1), [340 bench](https://www.instagram.com/p/CuSzsrhgtCx/), [600 deadlift](https://www.instagram.com/p/C4qKfzxAq9K/) (no belt), [250 strict press](https://www.instagram.com/p/Czw7oYDAwKT/?img_index=2). 

All these lifts were performed within the last year of training without rest days. The only lift that is not an all-time PR 1RM is the bench. That is because the bench press messes with my shoulder, a longstanding injury that I am always training around as best as I can; my lifetime 1RM bench PR is 380 pounds. While 635 pounds is my best deadlift, it was with a belt, so the above linked deadlift is a PR of significant variation.

**Training Environment:** Home gym for the first three-ish years of training without rest days, then I opened my own gym. I train at very high elevation (over 10,000 feet) in a well-outfitted commercial facility.

**Health:** No chronic illnesses or diseases. I very rarely get sick. In these five years there was only one time where I had very bad congestion. I still trained. I opted to do a conditioning workout of KB swings and push-ups. It was a great choice at the time because I felt much better the next day. The worst are migraines I get somewhat frequently. When this happens, I will just go lighter or change the plan of the day to doing arms, as those workouts are less stressful in general. If I am even feeling a bit under the weather, I train with reduced volume, intensity, or both, depending on the day and my assessment of where I am then standing recovery wise.

**Injuries:** No serious recent injuries, mostly just training around or in consideration of preexisting injuries (sustained before training without rest days). This has limited the frequency of very heavy lifting, so I’ve opted for more of a volume, and therefore, lighter weight approach in general. That said, I’ve still hit 1RM personal records in these five years. I’m just not lifting heavy each week because when I do I increase my chances of aggravating an old injury.

**Drug Use:** No, I am not using steroids, testosterone, SARMS, or other such chemicals, peptides, hormones, etc. I do have low test and nearly a decade ago I tried TRT for a year. It did not help me. I do not claim to be a “lifetime natural.” These five years of training without rest days was not benefitted by using such performance enhancements.

**Diet:** Whatever my wife makes, or wherever we go out to eat (which is mostly Mexican food). I do not adhere to a strict diet. I eat a lot of breakfast burritos which have plenty of eggs and meat. Most of my diet is based around red meat, especially dinner. Lately, my household has been having a lot of hot pot, which is a copious amount of thin sliced meat, golden radishes, various noodles, and rice cakes. For the last five years I have been rotating different lengths of bulk and cut cycles. I have gained about 50 pounds in this period.

**Supplements:** I try to take creatine and vitamin D consistently. Sometimes I miss days. Same goes for electrolytes. I may incorporate other supplements from time to time, such as fish oil, but have found much of that to have no clear benefit to performance. Not that I doubt those things. It just isn’t a priority for me.

**Sleep:** Average around 6 to 8 hours per night. Sometimes I get less, as I do suffer from sleepless nights occasionally. These may be just 2 to 4 hours of sleep. Still in such cases I will train, adjusting the goal of the session as needed. I do try to have a relatively strict bedtime.

**Why do I train daily?**

1. To see if I can.
2. [Because I enjoy the process](https://swoleateveryheight.blogspot.com/2023/04/physicality-creativity-and-consciousness.html) (despite some torturous individual sessions).
3. It improves my mood and general outlook on life while at the same time [improving my quality of life by making everyday tasks easier](https://swoleateveryheight.blogspot.com/2022/10/1300-days-process-is-goal.html) (shoveling snow in particular) by limiting the impact of old injuries.
4. It keeps my efforts in the gym better regulated so that I do not go overboard in a single session (“because tomorrow is a rest day”) and risk injuring myself, as I’ve done many times in the past when I was taking rest days.

**What does my training look like?**

The overwhelming majority of my workouts are based on my [General Gainz](https://www.reddit.com/r/gzcl/comments/aqkdgo/happy_gday_gainerz/) training framework. You can read more about programs and constructing workouts with GG on [my blog](https://swoleateveryheight.blogspot.com/). A very detailed description of GG and a progression constructed from that framework can be read in my blog “[General Gainz Body Building](https://swoleateveryheight.blogspot.com/2022/01/general-gainz-body-building.html).” Searching “General Gainz” on reddit will provide many reviews as well as examples of programs others have created with the framework or adapted existing programs to their needs and goals.

In a nutshell, nearly all my workouts are based around using weights. When on vacation I’ve had to do a few bodyweight workouts. Those would typically be done for reps against the clock, so a conditioning session. That said, I estimate that 99% of my workouts these last five years used weights of some kind (bars, dumbbells, kettlebells, cables). Most of my workouts in these five years have consisted of adding reps until I reach a determined volume threshold, then adding weight (this is called accumulation). By training in this way I have managed to set many rep max PR’s. This is especially true for the squat because last year PR’d rep maxes from [1RM (525LB) to 100RM (135LB)](https://www.reddit.com/r/Fitness/comments/1953k9l/the_tom_platz_experience_pain_pleasure_and_high/).

None of my workouts these last five years have consisted of only doing stretching or yoga, or going for a walk, hike, cardio only, or other such activities. I do not call shoveling snow a workout, nor chopping wood. As I live at over 10,000 feet elevation, my winters have plenty of those things which I just call “living.” Some days I’ll shovel snow for a few hours, then workout. That’s just how it is. In general, my training resembles those common traits of strength and conditioning and/or bodybuilding training.

Because consistency is my primary goal, I am not stuck to a certain split or weekly training schedule. I have a loosely planned schedule and shift days as needed, based on how I assess my recovery. If I planned to squat but my legs are still very sore from a few days before, I will push that a day or two later, instead opting to do something like press. I have found that while I have successfully trained full body for many weeks on end, it does become tiresome, so when it does, I’ll shift to a movement or body part split.

There have been several periods of time in these five years where I have trained the same lift every day for many weeks. I have done this for squat, press, and most recently, the deadlift. Such periods were great for developing those lifts. In each time I was able to reach goals, setting new personal records. Just last week I hit a 600-pound beltless conventional deadlift, a lifetime 1RM PR (the most I’ve ever deadlifted without a belt). That came on the heels of training the deadlift for ten weeks, every day (at submax weights and submax volume). Before testing that 1RM I did take two days off from deadlifting (training shoulders and triceps respectively). For context, in October 2023 I barely completed a [545-pound deadlift](https://www.instagram.com/p/CzJJIFmg7eF/) while wearing a belt (and with the hype of doing that lift at my gym’s deadlift party).

Most of my workouts are an hour or less. If I do a conditioning workout, I try to keep those around 20 to 30 minutes. If you want to see more specific examples of workouts or lifts I’ve done, you can see those on my [Instagram](https://www.instagram.com/thefeverfever/), [YouTube](https://www.youtube.com/@GZCL), blog, and previous posts here on reddit.

**The goals of this post are to prove that:**

**1.	Rest days are just another training variable that can be manipulated to benefit training.**

Rest days are like the weight on the bar, the number of reps, total volume, variety of exercises, rest times, lift frequency, and so many other variables when it comes to training. There is no optimal frequency of training that applies to everyone. Likewise, there is no optimal frequency of rest days that applies to everyone. Such is the nature of individual differences. When not taking rest days, other variables need to be adjusted to account for training the next day.

Does this mean you probably cannot train every day to complete exhaustion, taking every lift to absolute failure? Yes. However, because training frequency is higher without rest days, that means skill development can be emphasized. This means greater efficiency and lower risk of injury, thereby improving work capacity and recovery potential. Over time these improve how well you can recover from heavier and/or higher volume workouts. So, as work capacity and skill increases, your ability to perform and recover from tougher workouts more frequently will likewise improve.

**2.	Excluding rest days does not necessarily inhibit progress to either size or strength.**

Before these five years I trained with rest days. I had competed in powerlifting for several years. During that period I won best lifter at a state championship as well as competing several times at the USPA American Cup and the IPL World Championships, often placing first in my weight class. I was decently strong for a lightweight powerlifter who moved up from the 148 class to the 181 class over four years.

I am now bigger than I’ve ever been, both in terms of overall bodyweight and the measurements across my shoulders, chest, legs, and arms. I recently achieved [18” arms](https://www.instagram.com/p/C2TngiMAZ_w/?img_index=1) for the first time in my life; a goal I had set a few years ago. I also set all-time personal records in many lifts, despite not training how powerlifters usually do.

Not only that, but I have trained several clients who also no longer take rest days. Each of them improving their own size and/or strength. So, not only have I grown bigger and stronger without rest days compared to those times when I was taking rest days, I have also witnessed others do the same. I credit this largely to increased training frequency and finally prioritizing more impactful recovery habits (sleep, nutrition, hydration, and de-stressing). When it comes to recovering from training, those practices matter a whole lot more than days of inactivity (AKA “Rest Days”).

**3.	Excluding rest days is a great catalyst for improving training consistency.**

When taking rest days it was easy for me to justify going too hard because “tomorrow is a rest day.” This would frequently result in going too hard, thereby necessitating unaccounted for deloads and rest days (at the time I thought rest days were a make-or-break recovery factor). Such training is akin to two steps forward one step back, and sometimes, many steps back. That kind of regression can be demotivating, which may result in a period of not training at all. While I didn’t have many of those periods, and was consistent before training without rest days, now my training is far more consistent. Not only in terms of frequency, but also in terms of intensity, volume, and effort.

Without rest days I have learned how to better dial in my training, resulting in more effective workouts. Such compounding results add up! Training without rest days is now one step forward, followed by another, and countless others. Because my training is better regulated without rest days, I have not sustained a major injury that resulted in significant setbacks. Lastly, I don’t have to drag myself into the gym anymore. It is now just something I do, and I am nearly every day looking forward to my workout (some workouts I know will be grueling, and I do not look forward to those as much). This is because nearly every workout produces results, albeit small; they are frequent and just as rewarding.

**4.	Excluding rest days can improve training knowledge (knowing how to train).**

Because I am not taking rest days I must account for the other variables when it comes to my training and align those in such a way that both produces results while at the same time allowing for training again tomorrow. This means that I am more aware of my effort, volume, and intensity. Without rest days, learning how to train happens faster, resulting in better progress sooner. I am now better at choosing exercises that benefit me and the way in which I execute those movements. For example, I am no longer benching as often because I feel I should, or simply that it is “in my program, so I must do it.” Rather, I limit that as needed while being more aggressive with other upper body pressing movements.

Similarly, I am better at constructing and executing fruitful workouts, compared to times past, when I would frequently go off plan and do more than needed, at the time believing that pushing myself to complete exhaustion and nearly always taking sets to failure was necessary to progress. That is not the case for me, or anyone. While I do believe that minimal is not optimal, the idea that more is always better is also not true. When it comes to training, as much as you can recover from is best. The only way to know that limit is to train enough to learn what that limit is and the various ways in which that limit can be reached; all while understanding that your limit will increase over time, and when it does, so too must your training.

**5.	Rest days are not the make-or-break factor when it comes to recovering from workouts.**

As I’ve said many times these last five years, the recovery habits that matter most are sleep, nutrition, hydration, and de-stressing. Rest days, meaning days of inactivity, are at best the worst form of recovery. Recovery depends on your work capacity. If you can only do little, you can recover from little. Gradually improving your work capacity through training increases your ability to recover. That process requires the all-important factors of sleep, nutrition, hydration, and limiting non-training related stress, not sedentary days.

Days of inactivity are counterproductive most of the time. Such days would be better spent doing low-impact training like pushing a sled, or cardio, thereby improving your work capacity and therefore your ability to recover from future workouts. If rest days were necessary, then I would not have grown as big and as strong as I have in these last five years. I’ve seen many people online say that not taking rest days produces negative results, guaranteed injury, burnout, and other such undesirable outcomes. The opposite is true, that is, if you learn how to train without rest days, something which necessitates prioritizing genuine recovery habits.

**Common Objections**

In previous posts here on reddit, or as I’ve experienced on social media, people have said a few things about my not taking rest days. Here I will address these common objections and criticisms to training daily.

**1.	“But you cannot train hard” or “You’re not training hard enough” by not taking rest days.**

**Response:** In these last five years I have grown bigger and stronger than I’ve ever been. My training is effective. With it I have achieved many goals. Whether you call it “hard” means nothing in the face of my results. Hard training, while important, is not the harbinger of results. Consistency, effort, and patience are. Daily training bolsters those three all-important factors.

The definition of “training hard” is individually dependent. Some will say that all sets must be taken to failure, or very close, to train hard. Others will say that massive amounts of volume are needed to train hard. Still more will say other things about what it means to train hard; drop sets, limited rest, supersets, no machines, “functional training” only, etc. In every case the assumption is that training hard, every workout, is necessary to progress in the gym. The reality is that our definition of hard is only as hard as we’ve ever pushed ourselves. Your hard may be my easy, or vice versa.

That “training hard” is necessary to progress is a false premise often made by those whose egos are built on how hard they proclaim their training to be. The fact is, my training is as hard as it needs to be, based on the session’s goal and how I determine my recovery to be. I have done many of the hardest workouts of my life in these last five years. But many are not nearly so difficult. Not every session needs to be as tough as the one before it. This truth is obvious when comparing leg workouts to arm workouts. Leg days are a meme for hardship whereas arm days are often believed to be easy – because it is true! Even the hardest arms workout pales in comparison to the hardest legs workout. I will always do an arm workout when I am not feeling well because they are the easiest workouts to do with a high degree of focus, quality effort, reps, and volume.

Training consistency and recovery from that training matters far more than proximity to failure, or the volume of a single session, or other such minutia of which so many overemphasize so that they can deem their training “hard” (and therefore, themselves). For me personally, I find lifting near max weights to be a whole lot harder than doing near max volume. It is tougher for me to recover from. Therefore, I do a lot more volume-based training. Does that mean my training is always easy because I prefer it? I guess in some way, yes. But I do not train so that I can feel hard or say that I do hard things. I train, firstly because I enjoy the process, and secondly, so that I can achieve goals.

Is that process sometimes difficult? Yes. Does progress depend on training always being difficult? No. Sometimes one more rep or one more pound comes easily, and those are just two forms of many kinds of progress to be made in the gym.

**2.	“Training every day doesn’t make you more hard-core” and “Hard-core lifters cannot train daily” (therefore, I am not hard-core, as such accusers themselves identify).**

**Response:** I agree with this. I am not hard-core for training daily. Furthermore, manufactured hardship, as weight training necessarily is, is something I do not see has being inherently or distinctly “hard.” There is nothing “hard-core” about the gym. It is quite a comfortable hobby, even when it is difficult. Even when there is pain, or, paradoxically, discomfort, the act of weight training is safe, nearly always indoors in climate-controlled gyms, with purpose-built equipment, done for self-improvement via sustained incremental progress. It costs money and time. It is firstly, a selfish act. It is, therefore, not a practice through which one experiences genuine hardship and thereby becomes hard themselves. Lifting weights is a luxury, a pleasure, and therefore, not hard-core. I don’t pretend it is and hope more begin to see it my way.

**3.	Training every day is not optimal.**

**Response:** This argument is often paired alongside the idea that training hard is required to progress. Thus, rationally (though incorrect), if training hard then rest days are necessary because if you are not taking rest days then you cannot be training hard. Superficially, this makes sense. However, after a moment of deeper consideration, even the meatiest head will see that it is possible to train hard one way and the next day train something else just as hard. Such is possible when employing any kind of split, whether that be by movement, or body part, or other variables such as volume, intensity, or density.

As touched on in the previous section, sometimes progress comes easily. It has been my experience that with a sensible structure and methodical progression, bolstered by keen autoregulation practices, that adding another rep or putting on five more pounds is less daunting compared to those times when I was always grinding myself into dust trying to eek out every pound, every rep, at every opportunity – at the cost of pain, which I conflated with progress; a common outlook regarding training. Such a mindset about training is based on the fear of missing out (FOMO), which from my experience, produces short lived results, injuries, and dwindling enthusiasm in the gym.

There is no standard of “optimal” that applies to everyone. The most recoverable work is optimal. That depends on the individual. That said, there is truth in the importance of frequency, volume, intensity (meaning load respective of 1RM), and effort. None of those things can be eschewed completely. Each is a variable that must be deliberately adjusted based on the individual’s goals and abilities. The first among those variables is frequency, something which rest days inherently limits. Higher training frequency means more opportunities to reach the limit of recoverable work, which is always the most optimal way to train. Frequency is king among variables (*Mentzer cultists in shambles*).

**4.	 “But you would be bigger and stronger if you were taking rest days.”**

**Response:** Such hackneyed remarks are made by those trying to ignite FOMO within me without considering my training history. For a decade I took rest days and “trained hard” (as I understood it then). I was strong then. But now, I am both bigger and stronger – without taking rest days.

This bromide idea is held by those say, “Rest days produce results, not the training” in one breath and in the next say, “I train harder than you, so I need rest days.” So, which is it? If the first, then training hard does not matter, only the rest days. If the second, then the training matters more than the rest days. The third position is that both matter equally, then necessitating equal rest days to training days, something not seen amongst the biggest and strongest lifters who often promote training up to 6x a week and sometimes multiple times per day.

This statement placates the accuser who themselves has FOMO about their training and their recovery, believing that without rest days they would be missing out on gains. I would bet the opposite because I’ve experienced it myself. Rest days limited my progress because I trained less and my training was less recoverable because I over emphasized the importance of inactivity, placing it above better means of recovery.

Rest days improving recovery is not a guarantee for everyone, because as I said above, rest days are merely another variable. They are not a fixed need and are the lowest tier of importance when it comes to recovering from workouts. Do some people need rest days, yes. Might they see better results without them? Perhaps. That is only knowable if one attempts to train without rest days, adjusting other variables as needed, including prioritizing the more important aspects of recovery (sleep, nutrition, hydration, and de-stressing).

**5.	“The science shows that rest days are needed to progress.”**

**Response:** This is a false claim made by those appealing to an authority which they have no meaningful connection to or understanding of. There is not a single study that unequivocally proves that regardless of how one trains that rest days are required to get bigger and stronger. Such claims are often paired with remarks about “CNS burnout” or “systemic fatigue” which is also false. Lifting weights is remarkably easier to recover from than other activities, in particular running, which people do daily for years on end without objection. How? By adjusting the many variables we have at our disposal to increase our training frequency.

Though some authorities on training may claim rest days are needed, they lack practical experience training without them while at the same time carrying a bias due to their investment in particular methods of training and the brand in which their status rests upon. Might rest days be needed because of the way they train and their recovery habits? Sure. That, however, does not prove that progress cannot be made unless rest days are taken. One such figure is Mike Israetel, PhD., who made a video on this topic, which [I responded to here](https://www.youtube.com/watch?v=aAZ85sXNJKQ). Though highly credentialed and regarded in the training community, his take is remarkably bad, irrational, and contradicts his own material.

**Conclusion**

Rest days, commonly practiced as day of low activity or inactivity, encourage doing too much in the gym in a single workout than one can recover from while at the same time limiting training frequency and therefore slow the improvement of work capacity and skill development. That was the case when I was taking rest days during the first decade of my training and I am sure it is for many of you. Therefore, I argue that rest days can inhibit progress rather than help it, as they did my own. As a result of my experience, I encourage you to see if increasing your training frequency (with a likewise increase in your recovery habits; sleep, nutrition, hydration, and de-stressing) will increase your results.

Consider whether rest days are something that inhibits you or benefits you. Are rest days when you backslide, eat poorly, sleep little, and stress over other parts of your life? Are they days you take because you find yourself going too hard in the gym and frequently grinding yourself into the dirt and potentially causing injury? Or might rest days be days you need because you simply do not like training? Think about your rest days and why you take them, and how you can make them better – perhaps including not taking them and training instead. Decreasing days of inactivity might not mean lifting weights more often, but perhaps doing more cardio, or some other form of physical exercise that you enjoy. Training without rest days for you does not have to look how it does for me. Find the appropriate level of activity for you, and should you find that to be lacking, strive to gradually do more.",684,2024-03-26 15:50:23,251,https://www.reddit.com/r/Fitness/comments/1bob6rg/five_years_without_a_rest_day/
"Progress Post: 7 Years of Showing Up, Asking Questions, and Trying Hard","## Summary

A former skinny kid starts lifting weights, discovers how to train and how to eat, and falls in love with getting stronger. 

| The usual measurements |  |
| --- | --- |
| Height | 6’2” |
| Weight | From 82kg to 106kg to 93kg |
| Steroids? | Nah, too dumb for that |

### Pictures

Before: [https://ibb.co/ZgncGfQ](https://ibb.co/ZgncGfQ)

After: [https://ibb.co/album/tq01Qc](https://ibb.co/album/tq01Qc)

### Lifts

|  | Starting Weight | Years 1-2 | Years 3-4 | Years 5-6 | Today |
| --- | --- | --- | --- | --- | --- |
| Bodyweight | 82kg | 89kg | 103kg | 105kg | 94kg |
| Squat | 60kg | 155kg | 210kg | 215kg | 220kg |
| Bench | 40kg | 115kg | 135kg | 145kg | 155kg unpaused, 150kg in competition |
| Deadlift | 80kg | 185kg | 235kg | 260kg | 270kg |
| Push Press | N/A | N/A | N/A | N/A | 100kg |
| Pullup | 3  | 6? | 8? | 15 | +40kg for 4 reps |
| Dip | N/A | N/A | N/A | 20? | +40kg for 4-5 reps |

---

# History

### Pre Weights

I was a tall, lanky kid with very little coordination through primary and high school. I did the usual sports that an Australian boy growing up near the coast did through high school – bodyboarding, swimming, cricket, touch footy – but none to a high level or competitively. 

The gym seemed weird, scary, and full of unintellectual “bros”, but I first stepped inside when I realised that swimming wasn’t going to get me jacked by itself. I was pretty inconsistent when I first started, doing a mix of Starting Strength, exercise classes, and a program my first trainer had written me. 

---

### Years 1-2: Greyskull LP, Candito’s LP, Candito’s 6 Week, Stronger By Science 2x Bench

| Weight | 82-89 |
| --- | --- |
| Squat | 60-155kg |
| Bench | 40-15kg |
| Deadlift  | 80-185kg |

**Training**

I followed a pretty standard linear progression for the first year, mainly Greyskull and Candito’s Linear Progression. When progressing from session to session got hard, I moved to a basic linear periodization program with Candito’s 6 Week for squats and deadlifts and Stronger By Science’s 2x Med Int Bench for bench (duh). 

After a couple of years in 2018, I entered [a novice comp and totaled 455kg](https://www.reddit.com/r/weightroom/comments/6tdxmb/meet_report_ptc_winter_improvers_comp_sydney_nsw/) at around 89kg, but I was still pretty clueless about lifting technique and programming. A prime example – I trained on a 25kg squat bar for most of my prep without realising, then was very confused when squats seemed extremely light in competition. I also trained on a deadlift bar and bumpers, then almost missed my opening deadlift on comp plates because all my projected maxes were off. 

I thought I knew a lot about technique from watching and reading a lot, but clearly my lifts were pretty bad. I was pulling sumo because it felt easier on my lower back, but that was just because I hadn’t figured out how to hinge yet. 

**Diet**

I aimed for about 1.5 grams of protein per kilo of bodyweight, and didn’t pay too much attention to carbs and fats as long as I hit my daily calories. I also didn’t worry about vegetables and nutrients. During this time, I dialled my drinking back a little, but I was still drinking very heavily one night a week while partying with my buddies and seeing music. Overall, my compliance with my calorie targets was around 65-70% and my recovery was pretty poor. 

## Years 3-4: GZCL, SSPT, Average to Savage 1.0

| Weight | 89-103-96kg |
| --- | --- |
| Squat | 210kg |
| Bench | 135kg |
| Deadlift  | 235kg |

**Training**

I started to branch out more into some longer linear periodisation via GZCL’s Jacked and Tan 2.0 and The Rippler, then tried out a [more specific powerlifting program SSPT](https://www.reddit.com/r/powerlifting/comments/7wix39/program_review_sspt_high_performance_training/). I even ran a program [by Brian Alsruhe, Powerbuilder,](https://www.reddit.com/r/weightroom/comments/amkupb/program_review_powerbuilder_by_brian_alsruhe/) during a cut. I then picked up [Average to Savage 1.0](https://www.reddit.com/r/AverageToSavage/comments/98wzzk/average_to_savage_3x_medium_int_aka_bench_more_to/), a simple linear periodisation program, and started cycling that consistently while working in some more bench volume. I competed and [set a 580kg total at 103kg around the 3-4 year mark](https://www.reddit.com/r/weightroom/comments/da9tk1/meet_report_top_lifter_iv_sydney_nsw_australia/). 

I still had no idea what I was doing, technique-wise, and managed to pull something in my lower back from a poorly-executed AMRAP on some sumo deadlifts. Apart from that, I was fairly injury-free apart from niggles. 

**Diet**

I completed my first cut from 95kg to around 90kg, before bulking up and breaking the 100kg barrier for a competition. From memory, my calorie consumption peaked around 3,900 or so. I still wasn’t paying attention to macros other than protein, and my compliance was still around 65-70%. I moved in with my girlfriend, however, and that meant I started to dial back the partying and alcohol consumption. 

## Years 5-Now: A Coach, More Volume, Squatting Every Day, Sandbags, PRs

| Weight | 96-105-93-100-93 |
| --- | --- |
| Squat | 220kg |
| Bench | 155kg |
| Deadlift | 270kg |

**Training**

A few weeks before my meet in 2019, I got talking to a guy at the gym squatting 240kg with ease. Turns out he was a coach, and told me I should be much stronger than I am because my technique sucked. I figured he was right, so I hired him to handle my training and nutrition. 

We spent a lot of time focusing on my technique, building weak points, squatting high bar, pulling conventional, and getting better at benching. I even spent about 8 months squatting using a Bulgarian program, which was good fun until I got sick of squatting to a max every day. I did learn a lot about fatigue, skill practice, and how to grind, and put 55kg on my high bar squat. 

In general, we did a lot more volume overall, about 25% more than before across main lifts and assistance. We spent more time in the 1-5 rep range for my main lifts while we pushed assistance to up to 20 reps. We focused a lot on incline pressing and pec work (chest flies), hamstring and glute work (good mornings and back extensions), and back work of all kinds. In general, the goal was to get me technically better, bigger, more jacked, and more resilient to injury. 

COVID hit during this time, so I bought some sandbags, trained in my basement carpark, and set some all-time deadlift and squat PRs, which you can read about [here](https://www.reddit.com/r/weightroom/comments/h8oilo/enter_the_sandman_8_weeks_of_sandbag_training/). During the second wave, I did the same thing, but was limited by some knee issues that cropped up. 

I also took more of an interest in anatomy and biomechanics by taking A[ustralian Strength Coach’s Strength System Certification](https://www.reddit.com/r/weightroom/comments/mgc4xv/course_review_strength_system_certification_level/), which was a course that covered anatomy, program design, technique, and rest and recovery. While the programming wasn’t ground-breaking for me (my coach has very similar programming philosophies as Sebastian Oreb), I found the anatomy portions very useful to start thinking about movements in more detail. 

When things opened back up, I competed again in 2021, setting a [603kg total at 104kg](https://www.reddit.com/r/weightroom/comments/jwmkui/meet_report_paragon_open_sydney_nsw_aus_603kg/), then most recently, a [622.5kg total at 100kg at the end of last year.](https://www.reddit.com/r/weightroom/comments/104gbqb/meet_report_strength_tribe_end_of_year_send/) I then cut down to 93kg in time for my wedding so I could look lean AF and good in a suit. 

**Diet**

My diet shifted here – my coach got me on a high-carb, low-fat, moderate-protein approach. This looked like 180-200gm protein, 40-70gm fat (depending on whether I was bulking or cutting), and the rest into carbs. The biggest thing that changed was the volume of food. To get to 105kg, we needed to go as high as 5,000 calories per day, which was a mental amount of food. I think one day, I hit 800gm of carbs. At the depths of the cut, we got to 2,400 cals. 

Over these years, I got much better at adherence to calorie targets (hitting 90-100% consistently). I also got much better at nutrient quality and getting in fruits and veggies while still having flexibility in the kitchen as I like to cook. I developed my own system of shopping and food prep which I’m happy to write about if people are interested. 

As an example, a typical day might look like:

*Breakfast*

- Two cups oats, 200gm greek yoghurt, 1 cup mixed berries, 1 tbsp golden syrup with added water, blended into a smoothie.

*Lunch*

- 200gm kangaroo mince, 200gm capsicum, frozen spinach, 350gm white rice, chicken stock

*****Snack*****

- Two scoops whey, shaken over ice, 2 slices toast with jam

******Dinner******

- 200gm lean protein in an Italian ragu, 125gm pasta, 70gm lettuce with dressing

I’m fairly utilitarian in what I eat during the week, but I’m a big fan of food, so I might cook something fancy or go out to dinner on the weekends. The way I see it, I get most of my basic nutrition out of the way with minimal thought, which frees up calories to eat something different or get creative with cooking in the kitchen. 

## Years 8+

**Training**

My overall goal is a 700kg total in competition. I set it way back when I first started when a 700kg total in the 105kg class would qualify you for Worlds in Australia. The totals have gone up now, but that still remains what I want to hit. For me, that number means I’ve taken myself from novice to fairly respectable strength athlete, which is why I want it so bad. 

Someday I’ll improve my lagging squat, always my Achilles Heel. 

However, for now I’m sick of powerlifting, so I’ve picked up some BJJ to learn a new skill and have fun until the lifting fire starts burning again. Until then. I’m enjoying using my strength and weight for a combat sport, even if I still get smashed by most other people in my class. 

---

# Lessons

In no particular order, here’s what I’ve learned from lifting over the years. 

- **Show up, ask questions, keep going** (from Dan John). Getting where you want is simple – just follow these three steps over and over again. Just like anything else, getting good at lifting takes time, patience, and knowledge, and consistency, curiosity, and persistence will get you there. And the time and money you spend educating yourself will pay off significantly later on.
- **Cultivate your passion for training, whatever that means for you.** Some people can chug away at the same program for years. I'm not one of them. I tend to lose my training mojo if I focus on one goal for too long. I get better consistency from changing up what we're focusing on. When my motivation starts waning, we switch up programming to learn new things and keep it fun, like making push press and front squats a main movement and trying to learn handstands, for example. This keeps the fire burning for when I inevitably feel the urge to get back to powerlifting.
- **Have a support network of people around you.** A good coach is invaluable, but you also want a good physical therapist to keep you healthy, heal things, and get you performing better. Having other people to consult in addition to your coach or to push you more helps an enormous amount. I've got other people I talk to about training like u/NRLlifts to help troubleshoot or tell me I’m being a wuss.
- **Your program matters way less than how well you execute that program.** I used to think the key was finding the optimal program, and that the perfect combination of volume, intensity, and frequency would get me strong. Now, I'm figuring out that the most important thing is how well you execute a program. Is your technique good every set, and are you constantly trying to improve it? Do you know what you're trying to achieve with each exercise and change your exercise tempo and execution to do that? Do you make smart training decisions when things feel light or heavy? Do you slowly evolve your program over time to make it work for you? That’s what will determine a successful training block.
- **Technical development is number one.** This is weirdly controversial, but I do think there are fundamental technical principles (eg staying tight, getting the primary movers lifting the weight, maintaining torso rigidity) for each lift that you should be constantly working on. Unlike “perfect form” which apparently needs you to deload to the bar every so often, excellent technique should allow you to lift the most weight possible, and you should always work to improve yours. Here, an in-person coach can really help. You can watch all the YouTube you want, but proprioception (understanding how your body feels moving in space) is critical to technique development.
- **You need to eat more.** Especially if you're tall. To look jacked and get strong you'll need to put on a lot of weight and muscle, and to do that you'll need to shovel down food. It took me way more food than I thought to get to 105kg.
- **It’s recovery dummy.** See above point. Nailing your recovery will get you stronger. The easiest place to get your numbers up is to improve your nutrition, sleep, stress, and alcohol consumption. Magic will happen when you get those in order as you leave more recovery resources for your body to adapt with.
- **You’ll get injured, and that’s fine.** Injuries are inevitable if you're trying to get stronger, but rarely are they life-altering. Injury recovery is a skill worth learning in itself. When you're hurt, you should be thinking “how can I heal this as quickly as possible, and what else can I work on in the meantime?” If your knee hurts, you can bench. If your elbow hurts, you can front squat. There is always something to improve while you're working on rehab. For more on injury recovery and mindset, read [this brilliant write-up](https://jujimufu.com/blogs/training/jujimufu-on-injuries) from Jujimufu.
- **What you do outside the gym matters** Often, we assume that only what we do in the gym impacts our lifts and the way we move. But when you think about it, we only spend 1-2 hours training, which leaves 22-23 hours for us to move and impact ourselves in other ways. If things start going wrong, the first place to look is outside. A real-life example: I was prepping for a meet and things were going well. All of a sudden, my squat nosedived. I went from squatting 190-200kg high bar to missing 170kg low bar. My coach and I went through every detail, and it turned out 6 weeks ago I'd bought a pair of shoes that was too small. I stopped wearing them, my squat recovered, and I set a 5kg PR in comp. Whatever those shoes did, they made it very hard for me to balance. 
- **Lifting will change you in ways you won’t expect.** I didn't expect lifting to have such a profound impact on me. I was a smart kid who didn't have to try that hard in school, so a hobby like lifting where I couldn't just cruise through was shocking and refreshing. 7 years into lifting, I'm far more disciplined, hard-working, and systematic in how I handle problems, and I’m way more confident in myself and my ability to accomplish goals, professionally and personally. And looking kind of jacked is pretty nice as well.

If you made it this far, I hope you took something useful from it. Always happy to answer any questions if you got em. Happy training!",195,2023-04-14 00:02:02,43,https://www.reddit.com/r/Fitness/comments/12lc8ie/progress_post_7_years_of_showing_up_asking/
18M Natural Transformation (Skinny to Muscle),"**Before:** age 18, 5' 11'', 135 pounds

**After:** age 18, 5' 11'', 145 pounds

**Timeframe:** 6 months

**Progress Pic (front):** [**https://imgur.com/UVh4mwc**](https://imgur.com/UVh4mwc)

**Progress Pic (arms):** [**https://imgur.com/2Mq8Qqb**](https://imgur.com/2Mq8Qqb)

**Diet:**

*Breakfast:*

* Oatmeal with ground up walnuts and 
* 1 glass of apple juice 

*Lunch:*

* pasta, either with chicken or grated cheese
* salad 
* 2 glasses of soy milk

*Dinner:*

* Various options: chicken/fish/lentils/beans/stir-fry with paneer
* Always with Rice and sometimes an extra naan

*Snacks:*

* Yogurt with fruit

I try to aim for 2500 - 3000 cal everyday (or at least enough that fills me up and ensures I am not overeating) with 100g of protein. I am not taking creatine or steroids.

**Training:**

Since I go to the gym 4 days per week, I follow an upper-lower split. For all my exercises, I perform 3-5 sets and aim for the 5-12 rep range

*Upper:*

* Barbell bench (started with a max of 85 pounds, it is now 170 pounds)
* Incline DB bench (started with 10 pounds 3 x 10, it is now 40 pounds 3 x 10)
* DB shoulder press (started with 15 pounds 3 x 10, it is now 40 pounds 3 x 10)
* Lateral raises (just incorporated these into my routine and don't have a before/after)
* Tricep cable pushdowns  (started with 15 pounds 3 x 10, it is now 35 pounds 3 x 10)
* Overhead tricep cable extensions (started with 10 pounds 3 x 10, it is now 30 pounds 3 x 10)
* Pull ups (couldn't do 1 when first starting, now can do 10 unassisted)
* Hammer curls (started with 15 pounds 3 x 5, it is now 30 pounds 3 x 10)
* Barbell bicep curls (just incorporated these into my routine and don't have a before/after)

With my upper body, I ensure I'm hitting every muscle group, however given the large number of exercises I sometimes need to cut out 1-2 exercises when I am short on time (e.g. alternating between DB shoulder press and incline, cable pushdowns and cable extensions)

*Lower:*

* Barbell Squats (started with DB squats 20 pounds 3 x 10. My max barbell squat is now 195 pounds)
* Leg extensions (started with 50 pounds 3 x10. It is now 130 pounds 3 x 10)
* Leg press *(*started with no plates 3 x 10. It is now 370 pounds 3 x 8)
* Seated leg curl (started with 30 pounds 3 x 10. It is now 120 pounds 3 x 10)
* Standing leg curl (started with 10 pounds 3 x 10. It is now 50 pounds 3 x 8)
* Calf raises (Can't remember my before/after)

These exercises sufficiently target my quads and hamstrings. 

**Next steps**

* My goal is to bench and squat 225 by the spring.
* My lower body is weaker than my upper body, so I will continue to work hard with my legs.",952,2023-01-04 23:21:21,162,https://www.reddit.com/r/Fitness/comments/103ik1g/18m_natural_transformation_skinny_to_muscle/
"Here's 70 pages of notes I've taken from 20+ podcasts/interviews/seminars from 3 leading strength and conditioning coaches: Stan Efferding, Matt Wenning, and Charles Poliquin. Summaries, cliffnotes, and personal lessons all provided.","[4 years ago I submitted a series of fitness, diet, and coaching notes that I compiled from the masterclass coaches Matt Wenning, Stan Efferding, and the late great Charles Poliquin](https://www.reddit.com/r/Fitness/comments/89tmux/xposted_w_permission_heres_41_pages_of_notes_ive/). Not knowing just how popular they'd become I still receive weekly emails, DMs, and PMs asking questions, clarity, or for a copy of the new PDF. For your viewing pleasure the notes have been semi-updated and compiled into a cleaner PDF, and made accessible for future reading. They're absolutely free.

Here's a link to the PDF: [70 Pages of Fitness Notes - A Collection](https://docsend.com/view/t2mth9ew87b8fixa)

I'm trying this website that Dropbox recommended as it tracks how many people access it, which I thought would be fun to see. I've never used it before so if it sucks feel free to tell me and suggest a better website that can handle the bandwidth.

I've considered doing the same notes compilation on coaches and professors like Mike Israetel, Matt Huberman, and Nathan Payton, but the problem is that it takes so much time that it's tough to do as a side-hobby. If there's enough interest I may dedicate time to it. Someday you may see my 840+ saved Instagram stories of Nathan Payton answering diet and training questions turned into notes, but for now, please accept these 70 pages as my guilt offering for being lazy.

If you have more questions feel free to PM me here on Reddit.

Love you all,

xoXOxo

_________Example of What's in the Notes_________

**Quick Intro:**

These are 6 months worth of reading books, watching documentaries, listening to podcasts, and trying new methods of training all in my pursuit to be more fit.  That said, I've decided to share notes I've taken on the three coaches I consider to be the top teachers and doers of the strength, conditioning, and nutrition industry, whose pedigree spread across the experienced  trenches of Olympians, US Special Operations, World Strongest Man, UFC, NFL, etc --just to name a few. Now, they are by no means the holders of the gospel of fitness, nor are they the only voices worth listening to, but here's why I chose who I chose:

**Philosophy of Choice:**

* Achievements in personal fitness - need to be fit, and have fitness results in their own life. Can't be all head knowledge or studies. No book worms or science nerds without the in-the-trenches experience.
* Achievements in client fitness - need to have produced results in others lives, because knowing what works for you is vastly different than being able to identify, correct, and advance what works for others.
* Renown and respected by the community - peers need to recognize contributions to the community
* Longevity - How long have they been in the game? How long have they stayed healthy? How long have they been training clients? All important questions in establishing reputation.


**Why I Chose Stan Efferding:**

> To me, Stan is the summation of an average guy with absolute discipline who's taken the best advice from the best gurushe's personally trained with from around the world for decades, and becoming himself an absolute beast. I chose Stan because of his humble demeanor, and because he's also one of the strongest bodybuilders in the world. Additionally, he has trained the Mountain to win his first Arnolds Strongest Man 2018 this past March.

>* Blue collar guy who presents some info. No tips or tricks. Turned over every rock looking for the secret. Spent loads of money, and there is only one answer: sleep, eat, and train.
* Matt Wenning calls him ""the strongest bodybuilder on planet earth.""
* Helped get Hapthorr ""The Mountain"" diet in check, where he set records in elephant bar (1000lbs+) and bag-over-bar, and take first as Arnolds Strongest Man 2018.
* Coached various bikini competitors, NBA, NFL, MLB, UFC, etc
* Worked with Brian Shaw's diet and helped him achieve second place at Arnolds Strongest Man 2018.
* Coaching Larry Wheels (aesthetic and powerful beast) and Dan Green. 
* Has trained with almost every guru in the business, directly or indirectly.
* Former bodybuilding and powerlifting competitor. 
* Squats in the 800lbs+ at 50+ years of age.


**Why I Chose Charles Poliquin:**

> One of the first world renown and truly experienced strength coaches of the modern era. ""Research catches up to Charles,"" has been said about his bleeding edge yet common sense approach to training. While considered by a few to be the king of psuedo-science, the ironic part of this claim is that from all my note-taking from the past 6 months --from books on Green Berets to interviews with the Mountain to 3-hour long seminars with various teachers-- Charles cites his sources and explains the history of what he's talking about more often than any other individual or source I've been reading, watching, or listening.

> * One of the best and most distinguished strength coaches in the world.
* Trained various Special Operations (Seal Team 6, SAS included)
* Coached the US womens team to win their first Olympic gold in history, and defeated Japan in their 20 year reign.
* 38+ years of Olympian training across 23 different sports, went to 3 different Olympics as a coach. Also have trained various high-level professional athletes and coaches in the military, Crossfit, NFL, NHL, MLB, etc.
* Researches studies from as far back as 1890's
* Ability to recall information, facts, research papers, all to the date, location of study, and to the author/researcher, a skill second to no other fitness expert (reminds me of the level of expert recall Robert McNaramara displays in the documentary ""Fog of War"").
* Lectures around the world with book authors like Jay Papasanas, Ed Coan, and world renown athletes like Dmitry Klokov.
* Always ahead of the curve (attributed as first in the US to recommend BCAAs, fish oils, German Volume training,  tempo training, cluster training, neuro transmitter profile training, etc).
* Stan Efferding, Matt Wenning, and Mark Bell have all implemented information from Charles into their personal training, and how they train clients, and all speak highly of him.
* Has huge biceps and abs for an old man.

**Why I Chose Matt Wenning:**

> I chose Matt because of his personal and professional achievements. Hired to train various Special Operations for the military and is the first to be implemented at a large scale. His methods have reduced injury rates across the board for fire, police, and military (and thus saved money for those organizations), and is a master of training and preventing overtraining.

> * Multiple records in the squat alone, including a 1196lb squat.
* Broke 4 world records; second highest RAW at 208 class with 2204lb total.
* Works with thousands of US military, including various Ranger regiments, 4th Infantry, and paratroopers out of Bragg. 
* Developed Mountain Warrior Athlete program out of Ft. Carson.
* Clients include NFL, US Special Operations, law enforcement, fireman, professional athletes, universities, elderly (difficult to train and yield safe results) and kids with disabilities
* His training with first responders and military has reduced site budgets significantly, due to decreased injuries and insurance claims.
* Attended university in Indiana where NASA funded the strength and conditioning programs and recruited top-tier professors.
* Top ten in the world for almost two decades with no major injuries (rare in the strength industry)
* Masters degree in sports biomechanics under Dr. Kramer
* Trained closely and mentored by various powerlifting legends like Louie Simmons, Ed Coan from his teen years, and was one of the youngest to squat 900lbs

**Notes on Notetaking:**

> Each section of notes will include everything I felt was noteworthy, even if it's repeated 3 times in 3 other podcasts. I did this as people will cherry-pick which seminars they want notes on, and I don't want them to miss out on key information just because I wrote it down elsewhere. Also, rehearing the same things over and over again just works as positive reinforcement and mentally conditioning good habits. Can't hurt to hear solid advice over and over again.

> Additionally, these notes are taken as a stream-of-thought process and later revised and edited, so they may seem short, fluid, or lacking in information. I reread the notes a few times and tried to expand and clean up, but I will have missed some parts. 

**Table of Contents:**

1. [Stan Efferding Seminar P.1 - The Importance of Sleep, Nutrition, & Steroids](https://www.reddit.com/r/weightroom/comments/89snua/heres_41_pages_of_notes_ive_taken_from_22/dwt7knt/)
	
2. [Stan Efferding Seminar P.2 - Grow BIGGER by Getting Good at the Basics](https://www.reddit.com/r/weightroom/comments/89snua/heres_41_pages_of_notes_ive_taken_from_22/dwt7knt/)
	
3. [Stan Efferding KOMPLETTES Seminar in THOR's Powergym P.1](https://www.reddit.com/r/weightroom/comments/89snua/heres_41_pages_of_notes_ive_taken_from_22/dwt7n3t/)
	
4. [Stan Efferding KOMPLETTES Seminar in THOR's Powergym P.2](https://www.reddit.com/r/weightroom/comments/89snua/heres_41_pages_of_notes_ive_taken_from_22/dwt7n3t/)
	
5. [Stan Efferding - The Matt Wenning Strength podcast Episode 8: Effiting It Up With Stan Efferding](https://www.reddit.com/r/weightroom/comments/89snua/heres_41_pages_of_notes_ive_taken_from_22/dwt7of3/)
	
6. [Stan Efferding - JuggLife | Return of the Rhino](https://www.reddit.com/r/weightroom/comments/89snua/heres_41_pages_of_notes_ive_taken_from_22/dwt7p00/)
	
7. [Stan Efferding - Strong Talk Podcast 113: Stan Efferding - Training The Mountain](https://www.reddit.com/r/weightroom/comments/89snua/heres_41_pages_of_notes_ive_taken_from_22/dwt7knt/)
	
8. [Matt Wenning - Ben Pulkaski's Muscle Expert Podcast Ep 48| The 300 Rep Warm Up and Expert Recovery and Programming Strategies](https://www.reddit.com/r/weightroom/comments/89snua/heres_41_pages_of_notes_ive_taken_from_22/dwt8cdi/)
	
9. [Matt Wenning - Absolute Strength Podcast Ep. 105 | Unique Powerlifting Techniques, Meet Prep, Sleep and Warming Up](https://www.reddit.com/r/weightroom/comments/89snua/heres_41_pages_of_notes_ive_taken_from_22/dwt8cx0/)
	
10. [Matt Wenning - Hammershed Podcast Episode 26 | Training the Military](https://www.reddit.com/r/weightroom/comments/89snua/heres_41_pages_of_notes_ive_taken_from_22/dwt8esc/)
	
11. [Matt Wenning - National Strength & Conditioning Association | Sumo Deadlift: The Base for Tactical Strength](https://www.reddit.com/r/weightroom/comments/89snua/heres_41_pages_of_notes_ive_taken_from_22/dwt8g99/)
	
12. [Matt Wenning - National Strength & Conditioning Association | Conjugate Periodization](https://www.reddit.com/r/weightroom/comments/89snua/heres_41_pages_of_notes_ive_taken_from_22/dwt8hxl/)
	
13. [Matt Wenning - National Strength & Conditioning Association | Programming for Tactical Populations](https://www.reddit.com/r/weightroom/comments/89snua/heres_41_pages_of_notes_ive_taken_from_22/dwt8iwg/)
	
14. [Matt Wenning - National Strength & Conditioning Association | The Squat—How it Improves Athletic Performance](https://www.reddit.com/r/weightroom/comments/89snua/heres_41_pages_of_notes_ive_taken_from_22/dwt8jx8/)
	
15. [Charles Poliquin - Training Volume, Nutrition & Fat Loss](https://www.reddit.com/r/weightroom/comments/89snua/heres_41_pages_of_notes_ive_taken_from_22/dwt82kp/)
	
16. [Charles Poliquin - Aerobic exercise may be destroying your body, weightlifting can save it](https://www.reddit.com/r/weightroom/comments/89snua/heres_41_pages_of_notes_ive_taken_from_22/dwt7v2e/)
	
17. [Charles Poliquin - Interview (P.1) | The Tim Ferriss Show](https://www.reddit.com/r/weightroom/comments/89snua/heres_41_pages_of_notes_ive_taken_from_22/dwt82kp/)
	
18. [Charles Poliquin - Interview (P.2) | The Tim Ferriss Show](https://www.reddit.com/r/weightroom/comments/89snua/heres_41_pages_of_notes_ive_taken_from_22/dwt855c/)
	
19. [Charles Poliquin - Powercast: The Myth of Discipline Pt 1](https://www.reddit.com/r/weightroom/comments/89snua/heres_41_pages_of_notes_ive_taken_from_22/dwt7v2e/)
	
20. [Charles Poliquin - Strength Sensei Part 1 | London Real Podcast](https://www.reddit.com/r/weightroom/comments/89snua/heres_41_pages_of_notes_ive_taken_from_22/dwt8647/)
	
21. [Charles Poliquin - Strength Sensei Part 2 | London Real Podcast](https://www.reddit.com/r/weightroom/comments/89snua/heres_41_pages_of_notes_ive_taken_from_22/dwt8647/)
	
22. [Charles Poliquin - Strength Sensei Part 3 | London Real Podcast](https://www.reddit.com/r/weightroom/comments/89snua/heres_41_pages_of_notes_ive_taken_from_22/dwt8647/)

**Misc Info:**

* [Example US Army Ranger conjugate workout split](https://www.reddit.com/r/weightroom/comments/89snua/heres_41_pages_of_notes_ive_taken_from_22/dwt8hxl/) (towards the bottom)

* [Vertical Diet, simplified (used for the Mountain, NFL, bikini competitors, etc)](https://www.reddit.com/r/weightroom/comments/89snua/heres_41_pages_of_notes_ive_taken_from_22/dwteztl/)

> **Compilation of Notes Regarding Training Women:** (work in progress)

> * For the female lifter: 10-minute walks better than 40 minute treadmill. Doesn't breakdown muscle, still helps with fat loss. 
* If on a limited calorie diet, then the caloric limit will yield results in body composition and performance based on the choice of foods, not just calorie choice. Choose nutrient rich foods like steak.
* 3oz of OJ or milk a couple times a day: liver and thyroid stimulus for metabolism. 
* Long cardio has high water demand. Sends wrong message to body: body holds on to fat to endure the longer workload. Also, body thinks heavy muscle is bad, gets rid of it.
* Stan noticed how joggers carry fat.  Body holds on to fat for fuel, gets rid of muscle. Body responds to stimulus you provide.
* Still need to develop cardio. Recommends HIIT under load: improves cardio while stimulating muscle. Weighted exercises with higher reps (why Matt and Stan recommend loaded exercise under distance). Performing 20 rep sets, or 30 second rest between weighted carries, running stairs (all concentric loading), pushing prowlers, 30s sprint/rest on recumbent bike (ten mins) are all great examples of cardio development.
* ""How do you talk people into losing weight by lifting weights?"" Cites his 60 year old women who lift weights and are lean. They don't have prior exercise experience, and they're stronger than most men.
* How much weight you have on you is 80% diet. Cardio isn't what gets bikini and stage competitors lean, it's they eat better. ""Don't want to be huge? Don't eat huge.""
* When you start training weights you start to retain water, so swelling occurs. Hypertrophy occurs, diet cleans up, everything will lean out.
* ""Foam rolling is a waste of time, and also leads to more scar tissue."" Evidence shows treadmill warmups insulin resistance by 46%. 
* Research: Sleep loss limits fat loss. Insulin resistance goes up; blood pressure goes up; hunger goes up; cortisol (breaks down muscle tissue; decreases testosterone, effects your thyroid; etc)
* Juicing and detox is completely worthless. All you can do is optimize how your body filtrates toxins, which is the liver. Best way to detox is to just not put the processed foods and oils into your body.
* 10 minute walks for athletes wanting to gain weight, with caloric gain. Also female competitors in bikini, but with calorie deficit. Helps digestion and insulin resistance. 
* Stan trained 40-50 minutes morning, 30 mins at night.
* Women tend to restrict and end of missing much needed fats and nutrients. Ability to absorb nutrients depends on using fats as a shuttle.
* ""*There's no black and white, there's only gray. Find out what fits you and do that*""
* States foam rolling is a waste of time, and also leads to more scar tissue. Evidence shows treadmill warmups insulin resistance by 46%. 
* If not yet deserving then stick to glutamine, amino acids, and whey. Losing body fat will make you more insulin sensitive.
* Steady-state cardio will cause you to get fatter. 
* Restricting fats causes fat. Fats help with insulin sensitivity.
* **Common mistakes with trainers and female clients:** not wanting to get strong. Not enough time on overload with women (don't have goals for strength). Short term goals to comply to regarding big lifts. Lean muscle tissue leads to insulin sensitivity.
* Believes most women in the gym are busy, not productive 
* Better glute development: split squats, squats, deadlifts (all of which develop horizontal and vertical jump). 



**TL;DR/Top Ten Changes I've Personally Made From These Lessons:**

There's a million bits of info in these notes, but here's some ten takeaways I was able to implement over the course of two months.

1. **Carbs:** Carbs are not the enemy, but need to be heavily regulated and based on individual performance, digestive health, and body-fat. Ethnic background is a huge factor. That being said, Charles states ""you need to earn your carbs,"" while Stan is more lenient, but still recommends you keep them low if you're not an elite athlete. If you do choose to eat carbs, white rice is the best carb as it doesn't cause inflammation or digestive issues like potatoes and brown rice can.
2. **Sleep:** The greatest anabolic, absolutely necessary. The elite performers sleep 10-12 hours a day, including long naps during the day. Important to muscle growth, fat loss, and hormone regulation. I dim the lights 2 hours before bed, do my best to not check my phone, tv, or any electronic screen to improve sleep quality. 
3. **Programming:** I've split my workouts with 72-hours between muscle groups. Using a variety of exercises helps overall performance by choosing accessory work that addresses weaknesses. ""Exercise rotation and having a big exercise library prevents injury while allowing constant key movements."" Only 4 main heavy days, with the other days as options for accessory or cardio.
4. **Food choice:** Grass-fed meat research isn't proven yet, and doesn't justify the price. Eat quality cuts of beef, bison, and wild game. ""Otherwise, the best diet is the one you stick to."" Just eliminated processed foods and snacks, and choose vegetables and fruits that the body will digest easily ([FodMap](https://www.ibsdiets.org/fodmap-diet/fodmap-food-list/)). Bought a sous-vide to prepare the Costco Steak, and a rice maker for the white rice. On it for two months and am seeing great results. Personally, I've added lots of berries, avocadoes, baby carrots, nuts, coconut oil, chia seeds to my daily diet. I also add kimchi and guacamole to some meals in order to keep the steak from being too routine. Also drinking 3oz of OJ multiple times a day.
5. **Warm-Up:** Static stretching isn't the best option prior to a lift, and cardio before your lift will cause you to be insulin resistant, preventing fat loss. Either do potentiation exercises, or follow this advice: ""brain should know the range of motion, and weights should get heavier."" Regarding potentiation: find where the weakest links are in the main lift, then pick a moderately light weight, and choose exercises that affect different muscle groups involved in the main lift. For example, the squat might be upper back (a), lower back (b), then hamstrings (c). Doesn't need to be heavy, just consistently volume with minimal rest. 4x25 with no rest: a, b,c, repeat 4 times total. Then rest 3-5 minutes, then you're ready attack the main lift (be if your heavy max or speed work). Matt noticed clients were getting stronger, and form was getting better over time. Matt started off light, but now can do 4x25's of 100lb dumbells on chest warmups. Work your way up. Here's the warm-up in practice with Mike O'Hearn, Stan, and Matt. 
6.  **Walking:** Not just for old people: Ten minute walk, after you eat a meal. Improves digestion, decreases DOMS, helps with insulin sensitivity. ""Blood is the life force, brings in all the nutrients."" Brisk walks with elevated heart outperforms leisure 10k step-walks in fat, heart, cardio benefits. Recommended is 3 ten-minute walks a day. Can replace all steady-state cardio with walks and HIIT. Recommended them to the women in competition and strongmen like the Mountain, both of whom saw fantastic results.
7. **Cardio:** Implemented rucks over distance running, along with adding swimming, cycling, and farmers carries. Long slow-distance work inhibits muscle growth *and* fat-loss. That said, some cardio is required, hence the HIIT, farmers walks, etc as they are recommended. Still learning to program into the workout regimen.
8. **Build the Backside:** If the muscle is behind you, chances are you need to build it stronger. The average person will have weak lower and upper back, hamstrings, glutes, calves, traps, rear delts, etc. Build those up by making them a priority in your accessory exercise selection. For example: Upperback not strong enough will change scapular position on bench press.
9. **Salt:** Upped the intake of my salt. Iodized salt, stimulates thyroid, immune system, stimulates the liver. When you hit a wall, it's because you're low on sodium, not carbs. Guaranteed. Single biggest thing you can do to impact performance, stamina and endurance at the gym is iodized sodium.
10. **Post-workout drink:**  Body super-compensates after a workout, so you need immediate replenishment, especially for two-a-days. Fructose (Orange juice) for liver stimulation, dextrose (scoop off Amazon) for glycogen replenishment, sodium (600mg), 100mg of caffeine (accelerates all of that). No proteins or fats immediately as it slows absorption.",1560,2022-07-26 16:10:07,159,https://www.reddit.com/r/Fitness/comments/w8nq4y/heres_70_pages_of_notes_ive_taken_from_20/
sarms,Sarms review lawless labs and freedom formulations are they good product,0,2022-04-01 11:14:27,4,https://www.reddit.com/r/Fitness/comments/tto6by/sarms/
How would you spend $25k to improve your health,"If you had $25k set aside to be specifically used to improve your health, how would you spend it?

Stem cells, steroids, HG1, a year of super healthy food?",0,2022-04-01 01:10:40,16,https://www.reddit.com/r/Fitness/comments/ttenih/how_would_you_spend_25k_to_improve_your_health/
"1,000 Workouts Without a Rest Day","**TLDR**

Age: 36

Years lifting: 13

Height: 5’5”

Weight: 158 to 196.

1,000 consecutive workouts without a rest day.

In this period I accomplished numerous goals. Including a [1RM Press of 235 lbs](https://www.instagram.com/p/B5i4OGAAyl_/). (+10 lbs. PR), a [315 lbs. 20-rep max squat](https://www.instagram.com/p/B5nlw7pgZ04/) (both at 175 lbs. bodyweight), gaining size ([about 20 lbs. of lean mass](https://www.instagram.com/p/CYfsa0hAOr-/)), and stamina (I can shovel snow literally forever). To celebrate the 1,000th day, I completed 33 rounds in a [60-minute AMRAP of a 1,000 lbs. total](https://youtu.be/_M-GCGod4RE) (345 squat, 243 bench, 412 deadlift).

**Introduction**

Hello! /u/GZCL ([Cody](https://www.instagram.com/p/CPhXX0CgmbJ/)) here. Creator of the [GZCL Method](https://swoleateveryheight.blogspot.com/2012/11/the-gzcl-method-for-powerlifting.html) and many popular programs derived from it. A good intro to the method is linked in the [/r/Fitness Wiki](https://thefitness.wiki/routines/strength-training-muscle-building/).

For over 1,000 days I have worked out without rest days. That means no days out of the gym, and no counting steps as a workout, nor yoga, and not even shoveling snow… quickly becoming my [least favorite activity](https://www.youtube.com/watch?v=SIwyZefLyL4).

All my workouts used resistance training in some way. Workouts were 99% barbell based and all but about 30 were above 10,000 feet elevation, where my gym is nestled. My training is structured by and progressed through my [General Gainz](https://www.reddit.com/r/gzcl/comments/aqkdgo/happy_gday_gainerz/) training framework.

I accomplished these things by using a simple training framework, being consistent, and patience – the three foundational elements of progress.

**Goals**

· To see if I could.

· Assess potential for overtraining.

· Better regulate my training.

· Improve strength, size, stamina, and the condition of lingering injuries.

· To test and refine my General Gainz training framework and programs derived from it. (Read the above linked reddit post to get an idea of what that looks like.) All my personal training clients have also been lifting within this training framework.

One client has surpassed a year without a rest day. Read his fantastic write up:

[365 Days and Counting](https://swoleateveryheight.blogspot.com/2021/).

**Results**

No missed workouts for 1000 consecutive days (closer to 1,050 now). Nearly all workouts consisted of lifting weights. Only one was bodyweight only (while on vacation, a fast paced, high volume, nauseating bodyweight circuit). Running, hiking, snow shoveling, etc., did not count as a workout, nor did yoga or other such activities. On many days in the winter because I live at over 10,000 feet elevation, I must shovel snow for hours. This I counted as survival, not training. Same for chopping and hauling wood in a sled. [Training is the means to survive easier.](https://www.instagram.com/p/CIJuOsogabe/)

Because I was working out daily, I grew more aware of my recovery limits, thereby avoiding overtraining. This allowed me to better regulate my training as the days continued. Previously, when I was taking rest days, I counted time out of the gym as being a major aspect of recovery. That is a false notion. Because of that former belief I would go too hard in some workouts, figuring that “I would be out of the gym, and so recovering for the next session.” This was not always the case, as some workouts would go on for hours, often performing excessive amounts of sets and needlessly high intensities at all to frequent occurrences.

I had the mindset that a hard workout was always a beneficial workout and that a hard workout meant that I must be puking, shaking, or crawling out of the gym – I was wrong. A beneficial workout is one that produces a positive training stimulus while not increasing recovery debt so much that it inhibits the next workout. As I continued to train within my General Gainz framework I grew to understand this distinction and apply it consistently to my training. This improved the quality and consistency of my training. Compounding interest, but for gains.

I set personal records across rep ranges, from [1RM](https://www.instagram.com/p/B55q4pKggk3/) to 20RM, particularly for [press](https://www.instagram.com/p/B5i4OGAAyl_/) and [squat](https://www.instagram.com/p/B5nlw7pgZ04/). These are the two lifts that I have favored because they are less stressful on previously injured joints. Six weeks ago I hit a PR 203 lbs. [behind the neck press](https://www.instagram.com/p/CWmTgj5gZu9/) at random. It was just feeling good that day, so I went for it – an unusual decision for me lately – but old habits die hard. This lift improving shows me that my regular pressing is also, despite not currently being in an intensity directed training phase.

This was not my first bulk. But I do consider it my best. I gained 38 pounds between Day 31 and Day 1,000. Going from a low [of 158 pounds](https://www.instagram.com/p/BwItaivA_2-/) to a high of [196 pounds](https://www.instagram.com/p/CVjId0WA6KI/), with about 25 of those in 2021. I committed 2021 to a long bulk and a body building phase. The words are separated because I do not mean the sport, rather the goal of building muscle, particularly my arms and shoulders, as those were my goals.

Fat mass increased by about 5%, going from approximately 12% at 158 pounds bodyweight to 17% at 196 pounds bodyweight. This increased how much lean mass I am carrying by about 23.5 pounds (158\*.88=139, 196\*.83=162.6). ~~This means that in about 1,000 days I gained on average 1.4 pounds of muscle (and associated water weight) per month, or .35 pounds per week average. This is the biggest I have ever been.~~

~~(1000 days / 365 = 2.739 years \* 12 months = 32.868 months / 23 pounds = 1.42)~~ If my math is wrong here, let me know. I’m a pleb history major, not a king math wizard.

Math correction (I knew my math was wrong...): I gained 23 lbs of lean muscle of 32-ish months, hence about 0.7 lbs/month (or 1.4 months per lb). (Thank you /u/itsgilles )

Additionally, I achieved the goal of rehabbing a hip and shoulder that would often cause pain while lifting and during daily living.  In 2017 and 2018, before these last 1,000 days, I could not even do a bodyweight squat, or bench, or deadlift one plate without pain. That is no longer the case, as I can now squat four plates and deadlift five without those prior issues. Not my best weights for those lifts but considering what they were rebuilt from – it is great progress for me.

This was accomplished without training either of those lifts with powerlifting-esq training intensities during 2021. Likewise, despite bench pressing maybe five times in 2021, I still managed an easy [293 pound paused single](https://www.instagram.com/p/CW3ZKIsLQ69/). This lift is the one that causes my shoulder the most grief, so I have not trained it much in the last two years (a mistake discussed in the following section).

Lastly, during this period I exclusively used General Gainz as the basis for every workout. Doing so improved the concept by expanding and refining the framework. Throughout these 1,000 days it became easier to plan, execute, and assess workouts. Since I began lifting in 2008, my training evolved from random everything to percentage-based powerlifting focused, to volume, intensity, effort relationship based, with a general strength and conditioning focus. In my early powerlifting years, from “[OG GZCL](https://swoleateveryheight.blogspot.com/2014/07/the-gzcl-method-simplified_13.html)” to [Jacked & Tan 2.0](https://swoleateveryheight.blogspot.com/2016/07/jacked-tan-20.html) to [UHF](https://swoleateveryheight.blogspot.com/2016/02/gzcl-applications-adaptations.html) and later [VDIP](https://swoleateveryheight.blogspot.com/2016/11/volume-dependent-intensity-progression.html). The last of which grew into what became General Gainz.

**Injuries**

This section is not a prescription or advice. It is meant to describe how I improved the conditions physically ailing *me*. Consult your physician regarding your specific problems.

Do not use reddit to diagnose and treat your injuries!

During the 1,000-day period I sustained no major injuries. Only aggravating a previous tear to the right trapezius and rhomboid, and a left groin strain. Both were caused by pushing too aggressively in a single session, causing old injuries (hip and shoulder) to flare up. When this happened, I trained those areas using light resistance and high rep exercises to improve the affected muscles. I would then focus on unaffected muscles and movements, training them with more weight and/or volume.

For example, when benching caused my shoulder to stiffen or ache, I began to do more overhead pressing, a movement that did not cause such problems. Likewise for deadlift, which affected my hip more than squatting – so I squatted more.

When a movement or muscle was giving me problems, I simply ‘worked it out’ in a very literal sense. In fact, years ago I bought a specialty leg press ([Shuttle Systems MVP](https://www.instagram.com/p/CIKA3q2ALIs/)) to help rebuild my hip strength after the joint sustained multiple injuries; the worse of which were not due to lifting, but by falling (I am clumsy and unathletic).

Through exercise I was able to improve the deteriorating condition of my two problem areas, left hip and right shoulder, thereby gradually improving the lifts that tax them most. Granted, I am not at my [peak powerlifting strength](https://www.youtube.com/watch?v=DvePo-WSuzg), but I have not been training for powerlifting for years now.

Where I could have done better is the bench press. Between 2012 to 2016 I had strained my right pec numerous times. This coupled with a once dislocated shoulder resulted in a total dislike of the bench by 2017, for even 135 pounds caused serious discomfort. Disheartened (as I once enjoyed the lift) I abandoned it almost completely these last three years. That I should not have done. Instead, I should have committed to regularly benching very light weights, alongside the other kinds of pressing that I had redirected towards (predominately the strict press).

Apart from those things described above I sustained no other injuries. Symptoms of overtraining, considered by some a kind of injury, were only experienced after months-long bouts of doing the same lifts daily (squat and press, later deadlift and press). Those symptoms were slight (and perhaps more psychological than physical) and came on the heels of testing High Frequency Undulating Progression (HFUP); a training program detailed in a link below. After ending the HFUP training cycle, symptoms of overtraining disappeared within days. Therefore, I do not think I had overtrained, I was just carrying more fatigue than I was used to at that time.

**Training Organization**

Workouts were built using my General Gainz training framework the entire period. From that framework, various training plans were built, tested, and improved. Training ranged from periods of high frequency and specificity, where I would do the same lift daily for a month or more (HFUP). Such periods resulted in all-time personal records for press, behind the neck press, and pause squat (linked above). Throughout 2021 I largely stuck to a body building training plan to achieve the goal of gaining size, especially to my arms and shoulders.

I have not done the same program throughout these 1,000 days, but I have stuck to the General Gainz framework, using it to construct numerous progressions to achieve various training goals. Example Training Plans:

[Generally Strong](https://swoleateveryheight.blogspot.com/2019/10/): A flexible upper/lower split. (Post includes details on applications and adaptations of General Gainz; ideas to implement GG and improve your training.)

[High Frequency Undulating Progression](https://swoleateveryheight.blogspot.com/2020/01/): (HFUP) Training the same lift(s) daily by changing the reps/sets/weights each workout.

[Wave LP](https://www.reddit.com/r/gzcl/comments/bw6qg0/general_gainz_wave_lp/): 4x Week Full Body. (Built by /u/ctye85) I’ve built and ran a similar progression to Wave LP.

[General Gainz Body Building](https://swoleateveryheight.blogspot.com/2022/01/general-gainz-body-building.html): (GGBB) A body part split using supersets. This is the training plan I followed for most of 2021, in some form or another, as I was tinkering with what seemed to work best and changing the workouts as my recovery dictated. This means I was adjusting or changing exercises, order of exercises, volumes, and intensity, so that I could workout frequently – without training an under recovered muscle group. The linked post describes in greater detail a weekly progression outline, schedule options, exercises, supersets, etc.

With GGBB, I followed (mostly) a split of this nature:

Day 1: Legs

Day 2: Shoulders

Day 3: Back

Day 4: Arms

These were the muscle groups that were the focus in the workout. I would often do abs alongside legs or back, for example. (I did not train chest intentionally, but if that is your goal, then you can tailor GGBB to suit you.)

I would progress volume first, then once I hit a designated Rep Max (RM) target I would add weight and try to push that new weight to a higher RM. If in a workout I could not add reps to an RM set, I would do more reps in the sets that came after it.

Lift variations were used and rotated as I trained with GGBB. Such as doing SSB squat or Romanian deadlifts instead of the standard variety. Same for football bar press or incline bench. I used barbells, dumbbells, kettlebells, cables, bands, TRX, etc.

The above linked posts detail the training plans I used during this period. Each was developed using General Gainz, which works by performing one or a combination of four actions to progress: Find/Hold/Push/Extend. Those concepts and associated progressions are also detailed in the above linked posts. (The GGBB post has a good intro to General Gainz.)

You can develop your own training plan using the GG framework. If you do, I have high confidence that you will be successful in achieving your lifting goals. GG provides a simple and intuitive organization and direction. Your consistency and patience produce the results.

My training is based in GG and so is my client’s training.

**How to Train Daily: Prioritize Recovery**

“Gains are made out of the gym” is a cliché.

One should not consider such a cliché the dominate factor in improving their physicality. People who say such things are often better at giving unsolicited advice than lifting weights.

To physically improve, it takes physical training. To consistently train, you need to recover – but that does not necessarily mean that sedentary days are required. There is nothing magical about staying out of the gym. Doing so does not guarantee an increased recovery rate.

If lifting regularly leaves you hobbled for a few days after, then you likely need more physical activity, not less. (And you also need to reassess how your training is set up. Follow a proven plan. Read the [/r/fitness wiki](https://thefitness.wiki/routines/strength-training-muscle-building/).)

Do more general physical preparedness (GPP) work, like snow shoveling, my favorite, not. If you don’t have snow, then just dig and fill the same hole in the dirt. If you don’t like those options, then push and pull a sled in the gym for an hour a few times per week. The point is that recovery is just as much about your work capacity as it is about your practices and habits outside the gym. None of which require staying out of the gym as a condition for success.

If you don’t want to lift weights or do manual labor daily, that’s fine. Go for walks, runs, bike – **do** something!

I have been able to recover from my workouts by prioritizing:

1.Eating and hydration.

2. Sleeping.

3. De-stressing.

People confuse not going to the gym with recovery because not doing something is easier than working on improving recovery habits. Knowing I had a workout tomorrow, I made those three things bigger priorities in my life. I was also able to better regulate my desire to absolutely crush myself, *because I have the weekend off and need to earn it*. (So I would say years ago.)

Time out of the gym is not the most important aspect of recovery. If it is for you, then you’re probably not prioritizing good recovery habits. An easy workout is better recovery than a hard night out partying, or a late night of Netflix, or a day full of stressed-out consumption of “news.”

Of the things listed above, I did the worst with eating. This has always been trouble for me, but I do think I improved a bit in this aspect these 1,000 days. Having always been a scrawny manlet, getting to 200 lbs. was my goal. I barely missed that. This is due to the many days where I forgot my lunch or was just too consumed by work to eat. I could do better here, and if I had, I know I would have had better results.

When it comes to nutrition, I have a consistent diet that is made up of rice, salad, eggs, and various meats. Often in the shape of a burrito.

I also eat a fair share of potatoes and bread but will limit those during a cut period when I am trying to lose weight. I do eat out a few times per month on average, but rarely more than once a week (if that). My most common meal is a salad with rice and beef. Since I was bulking for all of 2021, I simply increased the serving. In 2022, I’ll eat less, but typically the same kinds of foods.

Generally, my motto is: “If bulking, never be hungry. If cutting, always be.” And I try to bias my eating to the “Green Faces” practice (if it is green or had a face, eat it).

I tend to not track macros closely, nor calories. If I did, I would have had better results. 13+ years of training has developed my ability to gauge my own eating and practice good habits somewhat accurately and consistently. I could do better here, I admit.

As for hydration: I pee so often it sometimes annoys me.

Alcohol consumption is rarely more than a six pack per week. If I averaged out the number of beers drank over these 1,000 days, it would probably be one to two per week. Some weeks have more than others, especially if I find a beer I have not tried, and it turns out to be good.

I regularly get 7 to 8 hours of sleep per night. If I do not, then I try to squeeze in a nap. I try to nap as much as I can. One to three a week on average.

De-stressing can be hard. To do this I have tried to limit my media exposure, which I determined to be the greatest source of stress for me. Doing so has reduced worrying about things I cannot control. I admit that I could do better, and just delete every social media account and stop watching and reading any current events whatsoever – perhaps later down the road.

I have found that spiritual and philosophical practices are helpful in de-stressing and am working on improving this aspect of my life. Same for reading literature. My favorite book from last year’s reading was Hemingway’s *A Farewell to Arms*.

Regarding supplements, I infrequently consume protein powder. Perhaps 3 to 5 scoops per week. Many weeks not even that much. I try to focus on whole foods as best as I can, and supplement as may be necessary (they’re called supplements, after all). More protein powder is consumed during bulking periods for this reason, as it is easier to get in a few ounces of fluids with 30 grams of protein than it is to eat that much more beef, chicken, or fish. On reflection, I should always have an emergency shaker of protein, just in case I forget my lunch.

Additional supplements I use are creatine, vitamin D, ZMA, Arginine and Ornithine. I had (have) an unhealthy amount of caffeine daily, but I have recently switched to half-caff and have drastically reduced my energy drink consumption. I try to keep it less than 300mg daily.

At no point in these 1,000 days have I used prescription or otherwise obtained performance enhancing drugs such as hormones, SARMS, pro-hormones, or steroids. I am not a “lifetime natural.” For about one year, ending in 2016, I tried TRT. I did not find it that helpful and I could no longer justify the cost. Well before that I was a crackhead addicted to Jack3d, which was basically crystal meth… *remembers the good ol’ days* (they were, in fact, not).

**Summary**

Over 1,000 days ago I started lifting daily and have not stopped. I gained size, strength, and stamina. I have not overtrained. The condition of pre-existing injuries has improved and were only aggravated on occasion that I became a knucklehead and did more reps than I knew better to.

Additionally, I worked through my General Gainz training framework, further developing the concept, and many successful training plans in the process. Several are linked in this post. GG improved my training and my client’s training too. I hope this post improves your training similarly.

If you’ve made it this far, thank you. I hope you’ve found this information helpful. Below are more links to posts I’ve written along the way to 1,000 days.

[100 Days](https://swoleateveryheight.blogspot.com/2019/06/100-days.html)

[200 Days](https://swoleateveryheight.blogspot.com/2019/10/200-days.html) (Also linked above for Generally Strong.)

[300 Days](https://swoleateveryheight.blogspot.com/2020/01/300-days.html) (Also linked above for HFUP.)

[500 Days](https://swoleateveryheight.blogspot.com/2020/07/500-days.html)

[600 Days](https://swoleateveryheight.blogspot.com/2020/11/600-days.html)

[1000 Days](https://swoleateveryheight.blogspot.com/2022/01/1000-days.html)

Lastly, /r/fitness – *thank you*. It was about 11 years ago that I started sharing my training with you here. Now people around the world use my training to get bigger, stronger, and more fit. Moderators, you have a thankless job that you do wonderfully. I appreciate you. Without your help I would not be as successful at doing my part in improving humanity.",2699,2022-01-23 23:58:53,378,https://www.reddit.com/r/Fitness/comments/sb7tbh/1000_workouts_without_a_rest_day/
"OVERTRAINED: 50 consecutive days of deadlifting 605-750+ pounds, and what I learned along the way","**TLDR:** **I Deadlifted over 600lb every day for 50 days, and came out the other side stronger, and better for it.** 

In the process I took my 1RM from **712 to 752** (323->341kg), and hit a bunch of other PR’s along the way.

* [Chart of my Daily Lifts](https://imgur.com/a/3rqWd7v)

* [**Starting 1RM: 712 vs  Ending 1RM: 752**](https://drive.google.com/file/d/1lLbVGr8sXoPsYXhab3yQHSLJtWB6WRJD/view?usp=sharing) (+40lb)

* [752 Sumo](https://drive.google.com/file/d/1kHnY20PClUlPAp9LZKPDtbYa6AYN8H2p/view?usp=sharing)
* [700 conventional](https://drive.google.com/file/d/1iZTSdXTIzAMtWkgZS64PUJHEaAzekkQ0/view?usp=sharing)
* [702x8 sumo AMRAP](https://drive.google.com/file/d/1sJztQowXHAr0G3hi-cGUUHlFwRxytpk0/view?usp=drivesdk) (an 889 estimated max)

---

**Background Info**

I started lifting with my dad as a young kid. I am in my mid-thirties now. There were some extended breaks from training over the years, but I always maintained an active physical lifestyle playing sports, working construction, etc. 

You can find more detailed background information in my previous program writeups.

* [Simple Jack’d 2x](https://removeddit.com/r/weightroom/comments/lrg0tt/program_review_simple_jackd_2x_3_months_of_high/)

* [Smarathlov](https://removeddit.com/r/weightroom/comments/hd9ao1/smarathlov_13_weeks_of_the_full_smolov_program/?utm_source=share&amp;utm_medium=web2x&amp;context=3)

*(Links are to removeddit, give them time to load)*

So fast forward a bit, and we get to spring 2021. I just wrapped up *”Simple Jack’d”*, and decided to sign up for a meet. Now I had to decide how to train for it.

---

**Enter – DLED – Deadlift Every Day**

Over the years I have experimented with many different setups for high frequency training. From my earliest attempts of mimicking the *""Bulgarian Method""* of maxing out every day, to *""Simple Jack’d’s""* more reserved setup of a 6 rep daily minimum, I have learned a lot.
I decided to start this program with a new approach, similar to *""Simple Jack’d""*, but with some rules.

1)	Deadlift 3 reps at 85% Every Day.   
2)	Deadlift 1 Rep at 95% once per week.  
3)	No hype, no grinding on daily reps.  

If the week goes well and all the reps are completed, add 1 rep, or 1% to the daily minimum, and move onto week 2. Maintain the weekly 1 rep minimum at the same intensity unless I  set a new 1RM PR.

[**In the end, this is how my 50 days of programming looked.**](https://imgur.com/a/3rqWd7v)

* Week 1: 3 reps at 605 Every Day, 1 at 675+ Every Week
* Week 2: 3 reps at 610 Every Day, 1 at 675+ Every Week
* Week 3: 4 reps at 610 Every Day, 1 at 675+ Every Week
* Week 4: 4 reps at 615 Every Day, 1 at 675+ Every Week
* Week 5: 5 reps at 615 Every Day, 1 at 690+ Every Week
* Week 6: 5 reps at 635 Every Day, 1 at 690+ Every Week
* Week 7: 1 rep at 675 Every Day, 1RM Conventional and Sumo
* Day 50: 700 AMRAP

**DLED Accessories/Assistance**

I decided to pair my high frequency low volume deadlifting, with the polar opposite for accessory work. A basic, single muscle group per day, “Bro Split”. I would hit that single muscle group with high volume of a single lift, and then move on.

**Cardio**
I [ran 171 miles](https://imgur.com/a/ZNkO9Po) over the course of these 50 days. An average of 3.4 miles per day. My longest run was 8 miles.

I strongly believe that a good base of cardiovascular fitness enables me to work harder, longer, and in the end, lift more weight.

**Training Log/Highlights**

My full deadlift training log for these 50 days can be found [in this spreadsheet](https://docs.google.com/spreadsheets/d/1K5QE-2xhDuRMh3LIGg5N7aONbVOcy-VV/edit?usp=sharing&ouid=105219797917450253924&rtpof=true&sd=true) with videos of the top set each day hyperlinked in the log.

Here are some highlights of my favorite sets

* Week 1: [675x2](https://drive.google.com/file/d/1ane0FAyxu-HULf5ETCzGonJWeaUR_qdW/view?usp=sharing)

* Week 2: [625](https://drive.google.com/file/d/1bUKAI820N3vtLnwIWkNo4YaCTlzV94QL/view?usp=sharing) Beltless Conventional

* Week 3: [684x1](https://drive.google.com/file/d/1bpg7Zg8bsUCTRXyNpatObWXcAOrShHlT/view?usp=sharing) Conventional 

* Week 4: [727x1](https://drive.google.com/file/d/1dSNHX4vKBtt9ZBcWpiKo7Y59jAGOKZa-/view?usp=sharing) Sumo PR

* Week 5: [675x2 675x3](https://drive.google.com/file/d/1eKodTGaJ5Pk790dsSgVWnEiudgwzITqt/view?usp=sharing) Beltless Sumo Hook Grip, [645+chains](https://drive.google.com/file/d/1eYHxUnfjygwFyoLjlyLGhm61UIqrbzdJ/view?usp=sharing) conventional

* Week 6: [736x1](https://drive.google.com/file/d/1ecXkAw01x_iN3l-FgI_PBskrBV8ih69g/view?usp=sharing) Sumo PR, [664x5 against bands](https://drive.google.com/file/d/1eqacdD96PXg7OgzAPH9PHthfGrMsybP4/view?usp=sharing)

* Week 7: [700 conventional](https://drive.google.com/file/d/1iZTSdXTIzAMtWkgZS64PUJHEaAzekkQ0/view?usp=sharing),  [752 Sumo](https://drive.google.com/file/d/1kHnY20PClUlPAp9LZKPDtbYa6AYN8H2p/view?usp=sharing), [815 wagon wheel](https://drive.google.com/file/d/1r5GuphMcZhdfc9arVZ9K6g63W_I8RZ4C/view?usp=drivesdk)

* Day 50: [702x8](https://drive.google.com/file/d/1sJztQowXHAr0G3hi-cGUUHlFwRxytpk0/view?usp=drivesdk) TnG Sumo AMRAP

**Data / Summary**

Overall I hit 187 reps over 600lb in 50 days, for a total volume of 120,252 lb. That's makes the average day 3-4 reps at 640+

The lowest daily weight I hit was 605, the highest was 752 off the floor, and 815 off of wagon wheels with the top set estimating out to 889 on day 50 ([702x8](https://drive.google.com/file/d/1sJztQowXHAr0G3hi-cGUUHlFwRxytpk0/view?usp=drivesdk))

Of those reps, 134 were hook grip, and 53 were strapped, 32 were conventional, and 155 were sumo.

---

**Using Variation to combat Fatigue**

If you look through the training log, or have followed any of my comments in the weightroom daily discussion threads, you’ll notice that I used a LOT of variation throughout the last 50 days.

These variations weren’t chosen entirely haphazardly. In fact, I put a lot of thought into what I was going to do each day/week ahead of time, and then paid close attention to how I felt to adjust along the way.

Here are a couple examples of how lift selection could facilitate recovery or increase stimulus without just adding/decreasing weight:

* When my [thumbs were hurting](https://imgur.com/a/YJl0kQj) I would use straps
* If my hips felt good I would pull sumo
* If my lower back was feeling good, I would pull conventional
* If my lower back and hips were both feeling good I would go heavier, and hit more than my daily minimum intensity
* If my upper back felt strong and rested, but I didn’t want to overwork my lower back or hips, I would add bands or chains, increasing the intensity at the top of the lift, without increasing demands at the bottom
* When my positioning felt sloppy, I would add paused reps.

Every variation had a purpose, and was chosen to fit that day based on how I felt when I woke up, and in the hours leading up to my training.

---

**Diet, Sleep, Recovery**

My starting weight was 228 and my ending weight was 225, a net loss of 3lb

I tracked calories for a bit at the beginning of this 50 day period, but stopped about halfway through. At the time I was eating around 4,200 calories per day and maintaining. 

As for *what* I eat... it varies, but I'm a big fan of carbs. I aim for 180g+ of protein,  100g+ of fat, and then fill in the remaining with 600+g of carbs

I usually start the day with some sort of PB&J, my favorite is to [Toast a Blueberry Bagel, add Chunky Peanut Butter, Honey, Raspberry Jelly, Fruity Pebbles]() and maybe a banana. 

Mid day I usually eat out, because I work pretty far from home. My go-tos are burritos, sandwiches, pizza, all the good stuff people tell you to avoid if you are a serious lifter... I eat it.

Dinner is usually whatever my wife makes, it changes all the time due to kids, and I don't worry too much about it.

If I am hungry, I eat more.

If I'm tired, I eat more.

If I'm sore, I eat more.

If I am feeling achy or run down? I'll eat a bunch of gummy worms and drink a half gallon of OJ, then go for a run.

I don't take / never have taken steroids. Due to a pituitary tumor I have [multiple recent blood tests](https://imgur.com/a/o1xQk6F) showing my T levels, and offer my physique as further evidence.



I try to go to sleep before 10:00pm every night, and usually wake up around 5:00am

I do LISS cardio as often as possible, preferably in more frequent, shorter doses

*(I find that two 5ks are easier to recover from than a single 10k)*

---

**CNS fatigue and overtraining**

You see it all the time on internet forums. 
“You cant do X, you’ll overtrain”, or “Deadlifts are too taxing on the CNS to do more than a single set of 5 per week”

Obviously that’s ridiculous. 

Now, I am not going to say overtraining isn’t real, or that it doesn’t happen. It does. But it is just REALLY hard to get to that point if you are paying attention to the other variables. 

If deadlifting 600-750 for reps every day for weeks on end, while also running [171 miles](https://imgur.com/a/ZNkO9Po) doesn’t result in overtraining, you are probably going to be OK adding that 3rd set of curls to the end of your 5x5 LP

The key is to focus on what I mentioned above in diet/sleep/recovery. 

Eat, sleep, do your conditioning. 

**Pain and Injury**

I’ve dealt with many injuries over the years, from broken bones and torn muscles, to herniated discs, jambs, sprains, and dislocations…. and I had a few little bangs and tweaks over the last 50 days as well.

Going into this, I hadn’t pulled with a hook grip on a regular basis. Within the first week [I had bruising on both thumbs, a split in my thumb nail, and a tear on two fingers](https://imgur.com/a/YJl0kQj). It took some adjustment, but I learned how to fix my grip, and was able to train through the discomfort, to the point that I am now comfortable holding 750+lb without issue, and my thumbs are all healed up.

I also [smashed my toes](https://imgur.com/a/DesKPOx) one day, they bled a bit and bruised badly. I thought that my middle toe may have been broken, but a bit of tape holding it to the other toes, and some caution while running was enough to let me push through it. Although it is still hurting to this day.

Then, on day 46 I tweaked something in my lower back [pulling 700 beltless](https://imgur.com/a/Zg3NPrP). I actually felt a bit of a pop and immediately dropped to the ground. Everyone has heard of R.I.C.E. (rest, ice, compression, elevation) but I refused to let a back injury sidetrack me again. 

I **immediately** started working at it. Instead of RICE I opted for **MEAT/METH**, Motion, Elevation, Analgesics, Treatment/Traction, and Heat. What this means, is that I didn’t just lay down. I started foam rolling, stretching, taking Ibuprofin, working the area with a lacrosse ball, heat packs, hot baths, hot showers, walking, and even some light jogging, etc.

On day 47 I woke up in the morning STIFF and SORE. I immediately attacked the issue again with the same ***Meth***ods. Later on I was able to [Deadlift 675 off wagon wheels](https://imgur.com/a/8f2RP2C), which reduced the ROM to the point of less discomfort, and got out for a nice run without too much pain.

On day 48 I was already feeling significantly better, but I was still stiff and sore. Once again, I employed the same methods and rehabbed my way through the pain until I could touch my toes with straight knees, and pick up my kids without holding my breath. Later that day I would [pull 765 pounds off of wagon wheels](https://imgur.com/a/cidrMI7) again. This time with even less discomfort than the day before.

On day 49 I woke up feeling like I was back to 80+%. But I took the time, and the medicine, and worked through the same drills and stretches. Later that day I would [pull 675 off the floor](https://imgur.com/a/mlN6iqK) for my first full ROM deadlift since the injury, and then go on to [pull 765, and 815](https://imgur.com/a/mlN6iqK) off the wagon wheels, ending with a nice big PR.

On day 50, I felt great, and finished with a big [702x8](https://imgur.com/a/F6ltIXw) deadlift AMRAP for a new all time PR on my estimated max… and did so completely pain free. 

I am still a bit tight and sore in the morning, but its improving every day, and I am diligent about working at it. Staying moving, working the area, taking basic meds like Ibuprofen, foam rolling, stretching, and even lifting all make a huge difference on healing faster.

**Conclusion**

This couldn’t have gone better. At the outset I had no idea I was about to put 40lb on my deadlift 1RM in only 50 days. 

[**Starting 1RM: 712 vs  Ending 1RM: 752**](https://drive.google.com/file/d/1lLbVGr8sXoPsYXhab3yQHSLJtWB6WRJD/view?usp=sharing)

And better yet, I learned a lot about myself, about training, about diet, and recovery, about pain and fatigue management, and more.

---

Is your deadlift stalling? Should you go deadlift 600+ Every day now? 

Probably not. 

But if you look at your training, I'm sure there is room to do **MORE...**

I'm happy to discuss high frequency or answer any non-accessory related questions.",2032,2021-09-02 16:45:05,307,https://www.reddit.com/r/Fitness/comments/pgln6z/overtrained_50_consecutive_days_of_deadlifting/
PROGRAM REVIEW: Deep Water Beginner with WAY more work on top,"**INTRO**

I remember the last time I ran Deep Water it effectively traumatized me.  I had a cut-off Punisher t-shirt I wore for every squat day on the program that I had to get rid of once it was all over because it was so saturated with fear sweat that it smelled like an open grave and NO amount of washing could get the smell out.  I walked like a toy soldier 6 days a week while I waited for the soreness to go away, I constantly had to field the question of “are you ok?”, my wife frequently found me on the floor in the garage with my head propped up on a furniture dolly to prevent me from drowning in my own sweat, I learned to take an excederin between sets 7 and 8 of the squat workout to chase away the inevitable exertion headache that ALWAYS happened (followed by a Rockstar right after the workout), and I remember “running out of time” on my lunch breaks, just eating as soon as the window opened and stopping when my break was over, HOPING I had put away enough food to recover from my previous workout and be able to train for the next one.  I also remember saying on multiple occasions that it was the most effective program I had run in 21 years, and that’s what I had to remind myself when I decided to take it on again.


And, of course, me being me, I couldn’t just do the same thing twice, so I’m going to start this review talking about all the stuff I did that was DIFFERENT from before, and how that worked out for me.


Without further ado…

**SIGNIFICANT DEVIANCE**


Since I’ve already run this program before, I allowed myself to play around and experiment.  BUT, along with that, my schedule forced me to deviate quite a bit as well.  Specifically, I had 2 one week interruptions within the 6 weeks of the program: one a visit to my in-laws, and one a work trip.  I STILL wanted the program to take around 6 weeks to complete, which meant I took on the task of running the program WITHOUT days off.  I’d run 5 days of week 1, then 5 days of week 2, then 5 days of week 3, etc.  I figured the 14 total days off would give me enough of a break to recover from that.  It shook out that my 1 week break occurred between week 2 and 3, and between week 5 and 6.  During those weeks off, I did a TON of conditioning work, using a weighted vest and a kettlebell while at my in-laws (to include a [100 burpee workout with an 80lb vest](https://youtu.be/fWcw1qbqKjs) and some other terrible WODs) and bodyweight and bands during my work trip (reference my recently posted “Hotel Room Conditioning Insanity” post, which included 2 different 500 burpee workouts among other variants).

On top of that, here are other ways I deviated.

•	I kept up my daily work.  Every day, I did 50 chins, 50 dips, 50 band pull aparts, 40 reverse hypers, 30 GHRs, 25 band pushdowns, 20 standing ab wheels, and 11 neck bridges in 4 different directions.  Exceptions being, if a movement was featured in a Deep Water workout, I wouldn’t do it as part of the daily work.

•	I continued doing conditioning daily, and frequently multiple times a day.  I rotated through a variety of Crossfit style WODs, to include Grace, Fran, Legion of Doom, Black and Blue, 30 thrusters for time w/135lbs, and just other nasty things with barbells, kettlebells, and burpees.  I’d include some running and weighted vest walks as well.  For the ACTUAL conditioning day of Deep Water, I’d do the Juarez Valley front squat workout.  I actually found that I recovered FASTER by forcing myself to do a lot of conditioning with an emphasis on squatting.


•	On that note, for the “technique work” on the Deep Water days, I took to including those 30 total reps into a WOD, done later in the day.  For squats, I was a fan of doing 10-5-15 of squats at 275, chins and dips, and then for deadlifts I’d do 12-9-6-3 of deadlifts, chins and dips, always trying to beat time.  It was a good way to kill 2 birds with one stone: get in the reps, practice technique, and get in conditioning.


•	I added significant work to the back day.  I did all the prescribed work, but also added a high rep set of axle shrugs against bands (starting at 75 and working up to 100 total reps), a set of kroc rows, and 50 band pull aparts.

•	  On press days, I stuck with my lateral raise dropset and Poundstone curls vs the prescribed sets and reps for lateral raises and curls.  I also tended to include band pull aparts between presses, as they made my shoulder feel better.

•	Instead of hyperextensions and sit ups, I would do a circuit of reverse hypers and standing ab wheel.

•	All presses done with an axle, taken from the floor and pressed away.

•	Benching and close grip was done with an axle: incline was done with dumbbells.

•	Lunges were done with a safety squat bar.

**NUTRITION**


I honestly stuck very close to what Jon prescribed.  Organic whenever possible, high quality nutrition sources.  Still went “Deep Mountain” in that, if I allowed myself variance, it was typically something John Meadows was ok with.  This meant a daily inclusion of some dark chocolate…and honestly that’s about it.  I tried including wild blueberries in my diet, but they were wrecking my guts, so I dropped them.  And honestly, I was eating so much food through this process I lost my appetite for “treats”.  In 2019, I was eating 4 quest bars a day, and now I was at the point where I’d eat one every 2-3 days.  I preferred tuna for a quick protein dose.  My wife and I’s favorite local pizza place has a keto crust pizza that is really top notch, but I found myself going for the bone in wings in the program.  I just wanted more food to recover and couldn’t find a reason to eat any junk.  After 12 weeks of BBB Beefcake and Building the Monolith, I think I was just getting burnt out from food and was becoming robotic about it.  That having been said, the program and all the conditioning drove my appetite to even crazier levels, and I was pretty much eating every half hour on shift at work.

**SNAPSHOT: DAY IN THE LIFE**

People seem to find this fascinating, so I’ll write it up.  I’m a shift worker, so this was a day I was coming off night shift, working from 2200-0600.

•	0630: Arrive home, eat 2 whole organic free range eggs, 1 egg white, 2.25oz of grassfed beef, grassfed butter, fat free cheese and half an avocado all on an “egglife” wrap smeared with organic no sugar added sunbutter as a breakfast burrito w/organic sour cream.  2 small Birch Bender keto pancakes with nuts n more spread and sugar free raspberry preserves.

•	0700-0815 Deep Water back workout Week 5 w/aforementioned adjustments

•	0820: 9oz of Eggwhites Intentional drinkable egg whites mixed with 1 scoop of whey protein and amazing grass greens supplement.

•	0850: ¾ cup of fat free skyr mixed with a protein scooper full of Naked PB peanut flour, cinnamon, and salt

•	0900-1515: Sleep

•	1530: 30 thrusters w/135lbs done for time (got it done in 3min 54sec)

•	1630: 2 piedmontese beef jr hot dogs on 2 natural ovens keto hot dog buns, each slathered with 1/6 of an avocado, some sugar free ketchup, mustard, and topped with fat free shredded cheddar cheese, side of 5 asparagus spears with some mashed cauliflower.  Hot dog night is a Tuesday tradition at my house stemming from a tight connection between when my wife gets off work and when my kid needs to get to sports practice.  Otherwise, this tends to be unprocessed meat and veggies.  However, the piedmontese hot dogs are about as high quality of a hot dog as you’ll ever find.

•	2000: 1/3 cup of lowfat grassfed cottage cheese mixed with 2 whole organic free range eggs, 1.75oz of grassfed ground beef and 1/6 of an avocado, 3 celery stalks topped with Nuts n More spread, a slice of keto bread with almond butter and sugar free raspberry preservers, 1 cup of unsweetened almond/coconut milk

•	2100: 5 rounds of: 10 power cleans w/135lbs, 10 burpees (time: 9:54)

•	2200: Arrive at work, eat 1 Lite n Fit fat free greek yogurt and 1 Oikos triple zero fat free greek yogurt

•	2230: 1 mini dark chocolate Reese’s peanut butter cup

•	2300: Sandwich: 2 slices of Natural Oven’s keto bread with Miracle Whip light and mustard, 2 slices of organic turkey, 1 slice of extra lean ham, pickle, lettuce, tomato and a slice of fat free cheese.

•	2330: Lilly’s dark chocolate no sugar added peanut butter cup

•	0000: Ahi tuna pack (26 grams of protein, 1g fat, no carbs)

•	0030: 1 slice of organic turkey deli meat, 3 asparagus spears, 5 organic mini carrots

•	0100: Low carb spaghetti (Costco “Healthy Noodles”: 30 calories a serving, 5 carbs mixed with organic ground turkey, no sugar added red sauce and mushrooms)

•	0130: 6 walnuts, 6 macadamia nuts, 1 60 calorie square of 92% dark chocolate

•	0200: Same as the 0030 meal

•	0300: 6oz of seafood mix (mussels, octopus, squid, surimi, shrimp) mixed with mashed cauliflower and greenbeans

•	0400: Archer Farms zero sugar grassfed beef jerky


**RESULTS, OUTCOMES AND EXPERIENCES**

On the final day of the program, I set a front squat rep PR of 225 for 15, done first thing in the morning at 0330, with at least one more rep in the tank.  This was part of my Juarez Valley conditioning protocol, and done AFTER a week off from weights due to work travel.  In turn, this speaks to just how “on” this program got me, because I hit a 500 burpee workout on the day I traveled back from work to home and then got up at 0530 the next day and crushed the week 6 10x10 deadlift workout with 2:00 rests.  Lotta folks talk about feeling weaker after a deload/week off, but every time I go to the well I keep finding more and more.


I wrote about this in the nutrition section, but to repeat: I have been eating so much that I’m just plain sick of it.  The first time I ran the program, I was obeying the idea of “eat a lot of meat and fat”, but wasn’t abiding by “organic”, and I was eating a LOT of saturated (and trans) fats.  This time around, I slashed saturated and got them from quality sources and focused more on monos.  It’s meant eating so much all the time that there’s no room for junk.  In fact, one night, my wife asked me what I wanted for dinner and my answer was legitimately “Nothing”.  THAT was my “cheat meal”.  The first time I ran the program, I’d have a cheat meal each week the night before the lower body workouts, and typically it was Panda Express with a LOT of rice and orange chicken.  This time, I had zero craving for junk, and my “cheat meal” was typically chicken wings and 3 or 4 of my wife’s curly fries at the local restaurant we like.  [I also had a 2lb tomahawk ribeye](https://i.imgur.com/BvwE57w.jpg) to celebrate a few things all at once coming back from my work trip, which I ate off the bone caveman style and found myself STILL looking for more meat when I was done.



And despite all this eating, I put on no appreciable amount of bodyfat.  Again: still not weighing myself, but I have the after photos AND my powerlifting belt, which has STILL not moved a notch from when I started at 177lbs back in Oct.  I’ve had days where I was bloated and it felt snug, and days where it’s fit just right, but I’ve NEVER had a day where it simply wouldn’t latch, whereas typically I’m operating at LEAST one notch out from this point when I’m really chasing bodyweight and eating big.


* [Before](https://i.imgur.com/TKdaF03.jpg)

* [After](https://i.imgur.com/uu7JvtW.jpg)

Once again: aggression and libido took an uptick while on the program.  Finding myself drawn to combat sports yet again, and though options are limited, just the fact I wanna fight again is a sign of all that.


Coming into the program with a solid conditioning base was huge.  I completely blew away my old squatting numbers on the program and never once had to lay down on the floor like I did the first time.  My breathing was able to get back to normal much quicker than before, as was my heart rate.  I’ll keep beating this drum: conditioning matters.  


I did notice my times on the Grace WOD got worse through the program, but I attribute that to how much more fatigue I was carrying compared to the 5/3/1 programs, which checks out.  Jim writes programs for athletes, with the understanding that the weights are just a part of what you’re doing, so it manages fatigue and has room to play as far as conditioning goes.  Deep Water is supposed to be all inclusive, so taking onto it like I did is gonna come with some consequences. 


**IMPRESSIONS ON HOW EVERYTHING HAS FIT TOGETHER**


When I originally came up with the 26 week protocol of BBB Beefcake-Building the Monolith-Deep Water, it was honestly a bit of a “so there!”: just something to throw out and shut someone up if they didn’t know how to eat and train.  But going through it, I’m really pretty pleased with how it all fits together.  BBB Beefcake lays down a GREAT foundation to kick-start the whole time off.  You get to practice a lot of reps and develop some solid conditioning with the time constraints, and you have plenty of opportunities to get in more conditioning.  Meanwhile, the weight is on the lighter side, so you aren’t thrashing your connective tissues or digging too deep into your CNS recovery well (yeah yeah, CNS boogieman: you know what I mean).


BtM comes along and it’s SUPPOSED to be “5/3/1 for Size”, and though it DOES do that, it’s really like an intensification block from BBB Beefcake.  You’re lifting heavier weights for fewer reps and getting in most of your hypertrophy work in the assistance stuff.  The 5s pro in BBB Beefcake meant only hitting heavy work for 1 REAL set, but BtM has you hitting 3-5 sets across: it’s INTENSE.  Meanwhile, widowmakers are building up some high rep squatting ability, and the conditioning element to it is teaching you how to recover from intense work.


Deep Water comes along and kicks you straight in the junk, BUT, all that work from 5/3/1 has you ready for it.  When I first ran Deep Water, I wasn’t really doing anything intense beforehand, coming off of strongman comp preparation vs real accumulation work, and it broke me down HARD.  But coming off BBB Beefcake I was already doing HALF the program on the regular (5x10 vs 10x10), while BtM gave me a bit of a break from that to focus on getting stronger but not so much that I lost my touch for high rep sets, and throughout all that time I had been driving my conditioning so far into the red that I was totally prepared.  I also had a fairly good idea what weight was challenging for me for a set of 10 from BBB Beefcake, so there wasn’t any real need for 1rm testing and minimal guesswork.  This went from just a wild guess to something VERY viable, and may become a regular-ish thing.


**NEXT?**


Deep Water intermediate, with more deviance. Since I still don’t really have a solid grasp of my 1rm, nor any intention to test it, I’m going to pick challenging weights to concur, and then smash myself with conditioning until something breaks. After that, I’m going to take a break from eating so much goddamn food. I’m contemplating some DoggCrapp style training, as I think single hard set work will be an excellent contrast to this super high volume stuff, and the variety of movements will be good to balance so much time spent doing the same thing.",621,2021-07-01 12:03:01,113,https://www.reddit.com/r/Fitness/comments/obkda0/program_review_deep_water_beginner_with_way_more/
Birthday OHP - 40 Strict Reps with 225lbs,"Howdy!

My previous posts here have all my training history, background, etc. so I’ll skip that part. I did 8x5 at 225lbs strict with 1 minute rest between sets for a total of 40 reps in under 10 minutes. It was very difficult for me. 

**Vid of the Did**

* [Here you go!](https://vimeo.com/546603377)

**Current Stats**

* 40 years old
* 225ish lbs
* Still male
* Still 5'11""
* Still no steroids

**Pics Since I Always Get Asked**

* [Back pic](https://i.imgur.com/Z92VlHN.png)
* [Shoulder pic](https://i.imgur.com/Y5jQOPY.jpg)
* [Mid-cut pic](https://i.imgur.com/6wAyrZe.png)
* [Banana for scale](https://i.imgur.com/vFqOtHQ.png)

**Weirdest OHP PR Chart Ever**

* [OHP 1RM Chart](https://i.imgur.com/CUpmUq3.png)

**Rack and Equipment**

* [Pic](https://i.imgur.com/3pDOpEv.png)
* [List of equipment]( https://www.reddit.com/r/gainit/comments/lbo5kd/whats_the_best_piece_of_workout_equipment_youve/glvgs76/)

**Current Training**

* I’ve been focusing on this for 10-12 weeks. In that time every upper day was OHP focused (yep, no bench days during this time). For the main OHP work, I would cycle through:
    * 8x5, 1 min rest, try to increase weight over the 12 weeks
    * 8x5 with 225, try to decrease rest
    * 8x1 with 225, 1 min rest, try to increase reps
* For lower days, I focused more on conditioning. So, each lower day started with 8-10 sets of 16-20 reps of belt squat. I reduced my training frequency down to maybe 5ish days/week on average. The only thing other than pressing that I really pushed was back work. A typical back day would be 4x5-8 and 4x12-30 of rows, 4x5-8 and 4x12-20 of weighted pull ups, and some fiddly bits. I also did direct core work every lifting day.

**Other Random Observations** 

* My shoulders are a bit toasty.
* I kept the increased grip width that I started a few months ago. Maybe it keeps the bar closer instead of getting out in front of me? 
* In total, this was my 5th attempt. 
* I tried 8, 7, 5x5, but failed twice. 8x5 was only one additional set, but actually went quicker because I didn’t need as much rest between sets.
* 8/7/5/5/5/5/5 was waaaay harder. Starting out with 8 reps got my heart and lungs going significantly more than 5 and I struggled the rest of the sets. 
* Trying to stay as calm as possible and focusing on catching my breath during the rest periods helped.
* I tend to black out on OHP a lot, so I’ve been drinking a lot of water even though it tastes bad. 
* This was a fun challenge. It was very different from what I usually chase and I think the change of pace was nice. I like setting goals/challenges for myself. 40 reps with 2PL8s (BW) on my 40th birthday just seemed cool. :)
* I miss Spengs.

**FAQs**

* What’s next? I want to bench. I’m going to do Grog’s 28 Free: 3xInt High Bench, 2xInt OHP, 2xInt Squat, 3xLow Deadlift. I’ll be lean (for me) for the summer and then I’d like to bulk back to 245.
* Why do you obscure your face? So people can’t see it.
* Why the funny lights? Preference.
* Why don’t you compete in a strength sport? The same reason I don’t compete in any other sport… I don’t want to.
* Have you ever measured your testosteronies? Yep, I’m about 300ish.

**Wrap-Up**

* If you want to add up to 10lbs on your OHP in only 20 months and would like to help support me, [CLICK HERE TO BUY MY PROGRAM!!!](https://dontbuyprogramsfrominternetrandos.blogspot.com/)

**Cheers!**",1148,2021-05-10 12:02:54,187,https://www.reddit.com/r/Fitness/comments/n92sk3/birthday_ohp_40_strict_reps_with_225lbs/
How do I get more toned/Shredded without getting too bulky,"Hey, Im a 15 year old male, that is basically looking for tips on how to get more toned or shredded but without getting too bulky, 

My body is the most standard body for a 15 year old, I weight around 150 pounds, and I’m almost 5,10. So u could say I’m a really average teenager.

The only part of my body that is more naturally toned than the rest of my body are me lower part, like my legs are really toned even for me, who doesn’t exercise as much as some other people do.

My arms however look like thin spaghetti lol

Anyways, I’m open for any tips or help from anyone, tyall",2,2021-03-02 22:28:15,0,https://www.reddit.com/r/Fitness/comments/lwealo/how_do_i_get_more_tonedshredded_without_getting/
How I added 10lbs to my OHP in only 20 months,"Howdy!

My previous posts here have all my training history, background, etc. so I’ll skip that part. 

**Vid of the Did**

* [Here you go!](https://vimeo.com/511646980)

**Current Stats**

* 39 years old
* 225ish lbs
* Still male
* Still 5'11""
* Still no steroids

**Pics Since I Always Get Asked**

* [Back pic](https://i.imgur.com/Z92VlHN.png)
* [Shoulder pic](https://i.imgur.com/Y5jQOPY.jpg)
* [Mid-cut pic](https://i.imgur.com/6wAyrZe.png)
* [Banana for scale](https://i.imgur.com/vFqOtHQ.png)

**Weirdest OHP PR Chart Ever**

* [OHP 1RM Chart](https://i.imgur.com/CUpmUq3.png)

**Rack and Equipment**

* [Pic](https://i.imgur.com/3pDOpEv.png)
* [List of equipment]( https://www.reddit.com/r/gainit/comments/lbo5kd/whats_the_best_piece_of_workout_equipment_youve/glvgs76/)

**Current Training**

* I believe the Bylaws of Reddit Fitness prohibit me from calling this a “program”, so here’s the… [thengie I’m currently doing]( https://i.imgur.com/73r8DNJ.png). I have reduced my training frequency down to maybe 5ish days/week on average. I don’t tie my training days to specific days of the week. As a result, this is pretty low volume for me. I like it. It’s simple and offers me a good balance between going all out on some sets but not every set. Before that, I was doing a weird implementation of [Grog’s 28 Free](https://i.imgur.com/As8Rkf9.png). You can find the real versions on /u/gnuckols’ website www.strongerbyscience.com. 

**Other Random Observations** 

* The lower volume and frequency means I have zero elbow or shoulder issues. That’s nice.
* I moved my grip width out a bit and it seems to have helped. Maybe it keeps the bar closer instead of getting out in front of me? 
* I stopped OHPing in shoes. This is weird and it could be all in my head, but here we go… I bend weird. I’m a super cheaty bencher, but I just cannot do the lean back thing for OHP. It just doesn’t work for me. Switching from squat shoes to no shoes makes me feel like I’m a tiny bit more under the bar. Like I’m not pitched forward quite as much. IDK. 
* I tend to black out on OHP a lot, so I tried drinking water all this week even though it tastes bad. I also had extra salt this morning. I have no good reason why.

**FAQs**

* What’s next? For lifting – I have no idea! But, this weekend Zife and I are going to celebrate 20 years together!
* Why do you obscure your face? So people can’t see it.
* Why the funny lights? Preference.
* Why don’t you compete in a strength sport? The same reason I don’t compete in any other sport… I don’t want to.
* Have you ever measured your testosteronies? Yep, I’m about 300ish.

**Wrap-Up**

* If you want to add up to 10lbs on your OHP in only 20 months and would like to help support me, [CLICK HERE TO BUY MY PROGRAM!!!](https://dontbuyprogramsfrominternetrandos.blogspot.com/)

**Cheers!**",1162,2021-02-12 17:01:43,291,https://www.reddit.com/r/Fitness/comments/lifakw/how_i_added_10lbs_to_my_ohp_in_only_20_months/
Difficulty knowing which is better for shredding? New help,"I lift about 5 days a week, I weight 190lbs, 86,5 kilo, been training for one years and I want to lean and more shreded.. my calory intake should be 2800~ a day, what I understand I should cut 300 to 500 calory of my 2800 per day. 

Here the graph that I don’t understand, it offer me 3 choices? In your opinion which one would be the best for me?  https://imgur.com/gallery/Y5VZWOm",1,2021-02-10 19:41:06,0,https://www.reddit.com/r/Fitness/comments/lh1uee/difficulty_knowing_which_is_better_for_shredding/
Parents won’t let me get stronger,"Hey I am 16 years old and I want to go on a diet. Not a diet to lose weight or anything like that(I am pretty thin already) but I want to get stronger and go on a calorie sur plus diet to gain muscle because I workout. My parents think that they know everything when I comes to food and tells me if I get three good meals in a day that it is enough. The thing is I know it isn’t enough because after the three meals if I eat as I normally eat I won’t be in a calorie surplus. So how do I convince my family to let me weigh the food or something like that. When I talk to them about it they just say that I should track my food because they know the things. They just talk about how good my metabolism is and can’t seem to understand I want to gain weight and eat more calories and protein. Other than that they think stuff like créatine, pré workout and protein powder is like steroids so if anyone have any experiences that can help please tell me.",1,2021-01-19 22:45:50,0,https://www.reddit.com/r/Fitness/comments/l0vcfh/parents_wont_let_me_get_stronger/
How should I train for muscle gain?,"So I'm a male,and I'm 16 years old.I got into ""bodybuilding"" half a year ago.I would say I'm in a pretty good shape,but recently I tought about gaining muscles faster.I'm not talking about steroids or protein,I want to stay natural.My dad actually told me that you gain muscle faster by lifting heavier weights for less reps,and you get shredded by lifting less weights for more reps.But some of my friends and people I asked have different opinions.Which one should I continue with?",1,2021-01-05 12:28:59,0,https://www.reddit.com/r/Fitness/comments/kqxk6e/how_should_i_train_for_muscle_gain/
How I Added 10lbs to My Bench in Only 1 Year,"Howdy!

The last time I posted in here was after I finally hit a [505lb bench](https://www.reddit.com/r/Fitness/comments/dfwpem/505_bench_how_i_finally_got_it/) a year ago. That post has my full background, lifting history, and training approach. So, rather than rehash all that, this post will focus on what I did in the last year to get to a 515lb bench.

**Vid of the Did**

* [Here you go!](https://vimeo.com/485979794)

**Current Stats**

* 39 years old
* 240ish lbs
* Still male
* Still 5'11""
* Still cheaty bench arch
* Still no steroids

**Pics Since I Always Get Asked**

* [Back pic](https://i.imgur.com/Z92VlHN.png)
* [Shoulder pic](https://i.imgur.com/Y5jQOPY.jpg)
* [Mid-cut pic](https://i.imgur.com/6wAyrZe.png)
* [Banana for scale](https://i.imgur.com/vFqOtHQ.png)

**Bench PR Chart**

* 515x1
* 495x2
* 455x5
* 445x6
* 425x8
* 405x10
* 385x12
* 365x15
* 315x20

**Bench Progress Plot**

* [Full plot here](https://i.imgur.com/QLvk9vV.png)
* 350 lbs at 32 weeks
* 375 at 47
* 405 at 53
* 415 at 58
* 425 at 65
* 445 at 77
* 465 at 103
* 475 at 136
* 485 at 153
* 505 at 175
* 510 at 208
* 515 at 234

**Rack and Equipment**

* [Pic](https://i.imgur.com/3pDOpEv.png)
* [List of equipment](https://www.reddit.com/r/Fitness/comments/c1ptzr/community_campfire_building_a_home_gym/erer9ky/)

**Training For the Past Year**

* For the first part of the last year, I'd been doing my typical high volume PPL style training. It seems to fit my situation well and has produced results in the past. But, it started to grind and progress stopped, so I switched things up.

* I believe the Bylaws of Reddit Fitness prohibit me from calling this a “program”, so here’s the… [thengie I’m currently doing](https://i.imgur.com/ajulaaE.png). This is low volume for me. 30 sets/cycle of pressing, 40 sets/cycle of pulling, 30 sets/cycle of lower body, but I generally take 6ish days to complete a cycle. I like it. It’s simple and offers me a good balance between going all out on some sets but not every set. Before that, I was doing a weird implementation of [Grog’s 28 Free](https://i.imgur.com/As8Rkf9.png). You can find the real versions on /u/gnuckols’ website www.strongerbyscience.com. 

* Running both of those programs was interesting for me. For years, my main training approach was to simply do as much volume as I possibly could. That meant training every day, making lift selections to maximize volume, bulking, and sleeping. It worked great for years, but in the past year things really started slowing down. I finally gave in and tried out /u/weaponizedsleep’s idiotic theory that less volume might produce better results. It seems to have been a good decision and I’ve still been progressing by interweaving periods of high and low volume. Generally, I get PRs during the low volume phase. It’s been fun and /u/purplespengler says he’s very proud of me.

* Basically, it’s been the same process I always follow: Is what you’re doing working? If yes, keep doing it. If no, maybe try something different.

**Other Random Observations** 

* My back has been getting a little wonky, so I've been doing more sets with less arch. I've found that ROM bangs up my elbows more than weight does. Close grip, flatter back, cambered bar, etc.... seems good for a pump and I use less weight, but my elbows get angry.
* I am definitely less good at my max-grip-width, max-arch benching when I do it less frequently. E.g. 1/week vs 3/week. 
* I like high rep BW dips as my triceps builder. 5x40 or 4x50 takes very little time.
* Low-incline bench makes my boobs hurt in a good way.

**FAQs**

* What’s next? I’m going to take some time away from lifting. I don’t know how long. Also, I need to lose body weight. I move, sleep, and have heartburn much worse at this weight. :)
* Why do you obscure your face? So people can’t see it.
* Why the funny lights? Preference.
* Why don’t you compete in a strength sport? The same reason I don’t compete in any other sport… I don’t want to.
* Have you ever measured your testosteronies? Yep, I’m about 300ish.

**Wrap-Up**

* If you want to add up to 10lbs on your bench in only 1 year and would like to help support me, [CLICK HERE TO BUY MY PROGRAM!!!](https://dontbuyprogramsfrominternetrandos.blogspot.com/)

**Cheers!**",1565,2020-12-01 14:52:45,309,https://www.reddit.com/r/Fitness/comments/k4majs/how_i_added_10lbs_to_my_bench_in_only_1_year/
Overdoing it on leg volume?,"I've been lifting consistently for about 1 year now, started on the beginner routine and then this past March transitioned to (what I thought was) the [5/3/1 for beginner routine](https://thefitness.wiki/routines/5-3-1-for-beginners/), along with daily cardio (30-60 minutes biking or running). The mistake I just realized I've been making is I made it a 4-day/week routine by accidentally adding an extra day of OHP/Deadlifts. So my schedule is basically this:

Mon/Thurs: 5/3/1 + 5x5 FSL for Bench/Squats, + assistance work

Tues/Fri: 5/3/1 + 5x5 FSL for OHP/Deadlifts, + assistance work

&#x200B;

My upper body manages alright other than a bit of shoulder soreness, but a few hours after my workouts, my legs feel tired just walking up a flight of stairs. Even over the weekend I don't feel like my legs ever fully recover. Am I overdoing it with lifting? Is it the daily cardio? Do I need to just eat more?

I'm \~145 lbs, 5'10"", have visible abs but nowhere near shredded, have been eating 120+g protein and \~2500-2700 cals/day since March (surplus of \~200 cals, gaining 1-2 lbs/month). My lifts aren't super heavy, TMs are as follows:

Bench: 155 lbs

Squat: 160 lbs

OHP: 85 lbs

Deadlifts: 245 lbs

&#x200B;

I'm not looking to be super-jacked, I'd say my goal weight is \~160 lbs, bench/squat 200+, OHP 100+, stay cardiovascularly fit, and maintain visible abs. Any thoughts on how to keep my legs less tired while maintaining the slow-gains I've been having?",21,2020-08-12 19:55:44,30,https://www.reddit.com/r/Fitness/comments/i8kvsy/overdoing_it_on_leg_volume/
Fitness for the everyday man?,"What would happen if one would do the same exercise routine every other day. I mean I always get absorbed into 'setting goals', when in reality all I want to do is keep somewhat fit. I have no interest in getting 'ripped, shredded or swole.'

So if I create a routine with no real programing just something to get the heart going and get my time done. Will it be beneficial in anyway? Or will it just become useless after a while?",2,2020-04-19 11:33:47,14,https://www.reddit.com/r/Fitness/comments/g468e9/fitness_for_the_everyday_man/
My 1 year transformation (calisthenics + Reddit PPL + nSuns),"**TL;DR**

* **Gender:** Male
* **Age:** 20
* **Height:** 6'2''
* **Weight Progression:** 187 lbs -> 170 lbs (cut) -> 205 lbs (bulk) -> 193 lbs (current cut)

[**BEFORE & AFTER PHOTO**](https://imgur.com/a/nnsfUoi)

[**FULL PHOTO ALBUM**](https://imgur.com/a/2lG0iih)

**OVERVIEW**

Hey all, like many others I've lurked on this sub for a while and found these progress posts very motivating, so here I finally am with mine. Up until 2019 I had never trained properly or learned about nutrition - I had goofed around in the gym a little bit but without any notable progress.

I started in January 2019, weighing 187 lbs, by doing calisthenics / bodyweight training along with keto and 16/8 intermittent fasting (as well as logging calories). I gained a bit of strength and achieved some calisthenics skills, but I ended up completely neglecting lower body strength during this time, which has still been a weak-point since. In terms of physique, I really just wanted to see a six-pack on myself for the first time -- I achieved this, weighing 170 lbs at the end, but retrospectively ended up looking very skinny.

Then in May 2019 I started my bulk and finally started lifting properly. I ran the [Reddit PPL](https://www.reddit.com/r/Fitness/comments/37ylk5/a_linear_progression_based_ppl_program_for/), which I've seen great results on. During the summer, for a month or so, I was also biking 10 miles home from work every day.

I continued my bulk through the end of 2019 and ate big the whole time (that hasn't ever been an issue for me). I switched my routine to [nSuns LP 5-day](https://thefitness.wiki/routines/nsuns-lp/) in October 2019 because I was bored and stalling on the PPL. At the end of the year I was weighing 205+ lbs and feeling a bit too fluffy.

Finally, I started my current cut in January 2020 and have gotten down to 193 lbs so far, with a general goal of getting to 180 lbs by May (not sure if that's still happening). This time I've simply been counting calories and loosely intermittent fasting (just skipping breakfast), with a little more of an IIFYM approach. I was still running nSuns and enjoying it, but my progress slowed down (starting with OHP) during the cut and recently I had been having some trouble recovering (definitely wasn't sleeping well enough either).

Currently it looks like I'll be taking a break from lifting because I, like many of you, no longer have access to a gym (due to coronavirus) -- so I'll try to maintain by doing some calisthenics in the meantime. Who knows, maybe I'll even get some conditioning in by starting to jog regularly for the first time!

**ROUTINES**

**Calisthenics Upper-Lower Split (January-May 2019):**

Upper (Monday/Wednesday/Friday):

* Skill progressions: L-sit, back lever.
* Pushup variation 3x6-12, pick one of: (Decline pushups, wide/diamond grip pushups, archer pushups, clapping pushups, or one-arm pushups).
* Pullup variation 3x6-12: (Wide/close grip pullup/chinup, weighted pullup, L-sit pullup, commando pullup, head bangers, one-arm pullup progression, or muscle-up progression).
* Dip 3x8-15: (One-arm bench dip, explosive bench dip, or front dip)
* Horizontal pulling 3x6-10: (Tuck front lever row)
* Vertical pushing 3x6-10: (Pike pushups)
* Abs: Using Athlean-X six-pack app

Lower (Tuesday/Thursday):

* Skill progression: Handstand.
* Leg exercise 4x5-12: (Archer squats, pistol squat progression, lunge).
* Explosive leg exercise 3x8-15: (Squat jump, jumping lunge).
* Calf exercise 5x15-25: (One-leg calf raise)
* Abs: Using Athlean-X six-pack app

Looking back this wasn't the greatest routine, it was just something I got off Youtube but at least it got me started. During this period of my training I will admit I often skipped the leg days.

**Reddit PPL (May-October 2019):**

At this point I ran [Metallicdpa's PPL](https://www.reddit.com/r/Fitness/comments/37ylk5/a_linear_progression_based_ppl_program_for/), which many of you are familiar with. Now that I actually started using weights, here were my stats **(5 RM weights, in lbs)**:

Bench Press: 135 -> 200

Deadlift: 135 -> 315

Squat: 115 -> 155

OHP: 75 -> 120

Row: 115 -> 195

At this point I know what you're thinking about, that squat. I want to clarify that I was no longer skipping leg days at this point, but for some reason I kept stalling and failing on my squats (later came to realize I've had horrid form).

**nSuns LP 5-day (October 2019-March 2020):**

Finally I switched to [nSuns](https://thefitness.wiki/routines/nsuns-lp/), which has been my absolute favorite. I love the volume and heavy sets, although it has definitely been harder to keep up on the cut than during the bulk. Here are the stats **(1 RM weights, in lbs)**:

Bench Press: 235 -> **260**

Deadlift: 365 -> **395**

Squat: 205 -> **225**

OHP: 145 -> **165**

I am happy with the progress I've made on bench, deadlift and OHP but obviously not with the squat. Throughout my training I've been discovering mistakes I'm making in my squat form, but it still doesn't feel dialed in yet -- at this point I might just go ahead and get help from a trainer, because this is seriously impeding my progress and frankly kind of embarrassing.

As for my nSuns accessory exercises, I've made some changes over time but most recently I was doing these:

Day 1:

* 3x8-12 pullups
* 3x8-12 incline dumbbell bench press
* 3x8-12 iso-lateral row machine
* 3x8-12 incline dumbbell curl SS 3x8-12 reverse dumbell curl
* 3x8-12 cable tricep extension
* Ab wheel

Day 2:

* 3x8-12 leg press
* 3x8-12 leg curl
* 3x8-12 seated calf raises

Day 3:

* 3x8-12 hammer curl SS 3x8-12 dumbell shrugs
* 3x8-12 cable crossover
* 3x8-12 face pulls
* 3x8-12 dumbell lateral raise
* Ab wheel

Day 4:

* 3x8-12 iso-lateral row machine
* 3x8-12 seated calf raises

Day 5:

* 3x5 EZ-bar preacher curls SS 3x12 dumbbell shrugs
* 3x8-12 incline dumbbell curls
* 3x8-12 cable overhead tricep extension
* 3x20 face pulls
* 3x8-12 cable lateral raise

**DIET**

During the first cut phase, I was doing keto which I found to be effective for quickly losing weight, but it felt overly restrictive and I don't think I could train while doing keto anymore. I was also doing 16/8 intermittent fasting which made it easier to eat less. Finally, I was also counting calories and macros with Lose It! My protein goal was to get about 1 g/lbs, while cutting at a rate of about 2 lbs / week (don't remember the calorie count).

When I started the bulk I was initially still counting calories but soon stopped and just focused on eating big and frankly indulging myself. During this period I wasn't weighing myself either, it was all free rein, but because of all this my bulk may have gotten a little dirty.

Now in my current cutting phase I'm counting calories again and aiming for about 2100 calories, for a weight loss rate of about 1.5 lbs / week. This time around I haven't really been tracking macros or protein, for better or worse, but haven't had any issues yet. The reason for this is because during my first cut phase I was cooking for myself which made it easier to track, whereas I've been eating dining hall food since then.

**SUPPLEMENTS**

I've been supplementing with protein (whey and/or casein) throughout this period, although not as consistently in the past few months. I started supplementing creatine at the beginning of the summer although I honestly can't tell if it makes a difference. Since the start of my cut this Spring I've been drinking Amino Energy (contains EAAs and caffeine) before my fasted workouts. And no, I do not use any steroids.",3031,2020-03-17 15:52:33,189,https://www.reddit.com/r/Fitness/comments/fk7jvp/my_1_year_transformation_calisthenics_reddit_ppl/
My 3 and a half year journey. 75kg - 100kg,"Hi Reddit, my first post ever on here so please bare with.

Male - 22 - 6'2.5 (190cm) - 100kg(\~220lbs)

[BEFORE (ples dont mind my ugly face)](https://imgur.com/a/RpuCLCi)

[AFTER](https://imgur.com/a/7I5LMx3)

**Intro**

Firstly, i've never been bothered about how my body looked, and no one really said anything against how I looked, however, it was always about my strength. I went to a boy school so things got physical there, and my strength was challenged a lot; so much so that people were surprised if I lifted something fairly heavy. So being strong was my aim. I was always active and played football, cycling and jogging a lot, but little to no weight lifting.

I was 18 when I started, which was the year I was going to University, I specifically waited for this year as I would have more free time and be more independent in what I ate and how I lived my life. I lived at my uni campus (2 hour drive away from home).

**2016-2017 - Skinny Noodle**

With little to no research - I started a ""bro split""kinda work out (I hit each body part once a week). I thought I was strong, and to be fair I think I was. I was benching around 50kg for 6/7 reps during the end of 2016. My back was definitely strong (through back rowing, one arm row, pull ups -6reps ). The highest I could deadlift was 90kg. I tried to DL 100kg in front of my uni mates and I kid you not, I nearly passed out.

My diet in 2016 - 2017 was appalling now looking back. I did not track my calories until 6/7 months after I started gym. It was definitely below the recommended. And I ate a lot of processed food. I started my first cut 6/7 months in as I just wanted to look like I had muscle, which was a mistake. My main foods consisted  of:

* Eggs
* chicken
* meatballs
* green veg
* porridge (with a scoop of mass gainer )
* wholemeal bread

In conclusion, 2016 was a massive learning curve for me, spent countless nights watching YouTube videos, researching how the body works, and meals which guaranteed the best gains.

Weighed 78kg

**2017-2018 - The year of the vicious bulk**

After around a year of going through mistakes in mainly my diet; I started to find out what works well for my body, the best routines etc. Major changes I made was body split to PPL(push pull legs). Followed a 5x5 type training. Removed all processed foods apart from shakes. And now incorporated fruit smoothies with a scoop of whey. NOW LET THE BULK BEGIN (6+ month bulk)

Followed a strict PPL. 5 days a week > 2 rest. Then the following week, 6 days a week > 1 rest. Repeat.

I ate 5 meals a day :

* Weetabix with peanut butter
* Wholemeal bread with eggs
* Wholemeal bread, ham and cheese ""toastie"".
* Fruit smoothie with 1 or 2 scoops of whey
* Rice/Pasta with chicken/tuna and veg

I was easily eating around 3300cal a day. Going to the gym 5/6 times a week for months. Slept 8+ hours a day, except the days we went clubbing.

**Until...**

I was incredibly fatigued for at least 5 days. My body was in so much pain and it hurt to even walk long distance, my muscles wanted to retire. I crashed bad; and that is when I found out that you're supposed to take a week break around every 3 months.

My exercises exploded as I was on this bulk - Benched 90kg for 5 reps, squat - 110kg for 5 reps, barbell rows - 60kg. I had to say bye to pull ups as my additional fat made it harder to lift my body weight. Moreover, I barely trained my arms compared to chest for some reason, so I plateaued.

In conclusion - people noticed how strong I was getting, and I had a few compliments of my  transformation compared to the previous year.

Weighed 90kg

**2018 - 2019/20 - Ultimate comeback**

At this point I was well aware of what I was doing in the gym. I knew/know near enough all there is to bodybuilding, and it was just a case of being patient and making sure I met my macros. At this point I had just gone through a cut and I looked shredded than i've ever been. Was even surprised at the veins I had on my abs, but all i wanted to do was to be strong so I went on a soft bulk; 100cal above maintenance and some days just ate maintenance but made sure I had enough protein and fats. Rotated between 4x6 training an 8x3 training around every 2/3 months.

My lifts towards the end of the year were:

* Bench Press - 100kg for 5
* Barbell Row - 90kg for 8
* Deadlift - 210kg for 2
* Squats - 150kg for 5
* OHP 50kg for 8

My diet stayed pretty much the same. 5 Meals a day:

* 2 \* Fruit smoothie with whey (\~500cal each)
* Rice and tuna
* Peanut butter jelly (for the fats ;)
* Dinner

In conclusion - ""we're in the end game now"".

Weighed 100kg

**What I've learned (positives and negatives)**

* Compound movements are the biggest priorty
* Diet before anything - your body reacts to it sooooo easily
* Rest is very very important
* CONSISTENCY
* You actually grow when you're not going to the gym, so your body can finally rebuild what has been teared.
* I sweat so easily it's annoying.

**Next goals**

* 105kg
* Bigger calves (the bane of my life)
* Better cardiovascular health

Thank you for reading if you did; if you made it through the end- here's a [COOKIE](https://imgur.com/a/UgaJPzq)

&#x200B;

EDIT: this is a [guide](https://drive.google.com/file/d/1U35wa6McMK-hXHMOkociaMVxKc_ZcnWH/view?usp=sharing) I made  to help myself, sharing this might also help others :)

EDIT 2: 2018 [picture](https://imgur.com/a/PTHTMAd) progress (90kg)",2854,2020-01-17 16:31:23,257,https://www.reddit.com/r/Fitness/comments/eq2oc2/my_3_and_a_half_year_journey_75kg_100kg/
6 Month progress and getting ready for the new year.,"41/M /5ft 7 / 234lbs - 200lbs

Soo here's my story about how my life changed :). 6 years ago i was blessed with the birth of my youngest daughter and shortly after her birth i was cursed with a dislocated knee and MCL issue. I was a long distance runner averaging roughly about 90-100 miles a week. Since i was healing and spending time bonding with my daughter I kept eating like i was still running and not. Be hold 5 years later I went from 160lbs to 234lbs... I guess we can call that a dirty bulk? Either way june of this year my dad went in for heart surgery and I told myself enough is enough. Running didn't sound fun but a buddy of mine is a first responded and avid Cross-fitter. We chatted a lot about the benefits of strength training and it appealed to me. Since i'm not in my 20's any more and i like the time spent with my kids 1-1.5 hours at the gym seemed way more acceptable (plus there's a drop area for them) any ways it's not the crazy transformations you see within 6 months but i'm proud and I can still knock down a sub 20 minute 5k ;).

Here's the information on what i've done plus pictures.

Photo:  [https://imgur.com/a/uVBJTh6](https://imgur.com/a/uVBJTh6)

Diet: I don't really count or look at my macro's. what' i've done is portion less and do a Paleo diet with intermittent fasting.

Workout: I'm on a 4 day split routine. I go to the gym 7 days a week but every 5th day is mobility workouts and 40 minutes of cardio. I don't know what my body fat % is as I'm not really trying to shred just lift and have fun. I'll probably try to shred in February or march once all the new years resolutions have melted away from the gym.

Chest, Tri, Abs

    Exercise 	Weight	Set	Reps
    
    Dumbell Bench     	50lb	  4- 5 sets	12-15 reps
    
    Precore/DB pec Flys	110lb	4	15-18
    
    Dips Machine/ Plyo	190lb	4	12
    
    Incline/Decline Hammer strength chest	90lbs/50lbs	4	12
    
    Cable Tri ex	80lbs	4	RUF
    
    D.B overhead Tri ext	40lb	4	RUF
    
    Incline treadmill walk	6% incline	3.5 mph	15-18min
    
    Sauna			10-12 min

Legs, Calves, Abs

    Exercise 	Weight	Set	Reps
    
    DL<->BB squat    	165/135	4/4	10-12/15-18
    
    walking lungs	40	4/4	9/4-16 steps
    
    Quad extensions 	65	4	12-15
    
    RDL 	60	4	20
    
    Calf raises 	100	3	RUF
    
    Knee raises		4	RUF
    
    Bike	15 min or 100cal		
    
    Sauna			10-12 min

Shoulders, Biceps, Abs

    Exercise 	Weight	Set	Reps
    
    DB <->BB Shoulder Press   	35/40lb	4-5	10-12
    
    DB Side Raises	15lb	4	15-18
    
    Preacher Curl ez-bar	30lb+bar	4	12
    
    Upright row (KB)	38lb	4	RUF
    
    Cable curl (rope)	60lb	3	RPE 9.5
    
    Banded Bicep curl	30lb	3	RUF
    
    Decline Situps		4	15
    
    Cardio (you pick)	15 minutes		
    
    Sauna	10-12min		

Back, Abs

    Exercise 	Weight	Set	Reps
    
    Lat Pull Down (cable)	120	4	12
    
    Seated Row	110	4	15
    
    Rear Delt Flys (precore)	75	3	RUF
    
    Single arm DB row	50	4	12
    
    Precore Lat pull down	80	3	RUF
    
    Planks		3	RUF
    
    Rower	100 cal for time	9:44	1889m
    
    Sauna 	10-12min		

&#x200B;

Also each month i check my overall Blood pressure and Heart rate.

Systolic pressure 119

Diastolic pressure 71

Resting heart rate 40

&#x200B;

TLDR: Ex injured runner decided to do something about the Dad bod and went to the gym. He is now happy.

Edit: Photo from back when i was at my peak running https://imgur.com/awpKmp7",34,2019-12-23 22:39:55,12,https://www.reddit.com/r/Fitness/comments/eerues/6_month_progress_and_getting_ready_for_the_new/
Kettlebell for Bulking,"A buddy of mine has been swearing up and down about how impactful kettlebell workouts have been for him. He’s claimed time and time again about how he not only has been able to shred and cut but also bulk up muscle which has really gotten me to ponder. This prompts me to two questions: 1- Has anyone seen anything like this with regards to bulking up and defining muscles? 2- If yes, what are some types of workouts you recommend for bulking? 

Thanks in advance",0,2019-12-10 15:03:27,10,https://www.reddit.com/r/Fitness/comments/e8rp87/kettlebell_for_bulking/
Any tricks to prevent blisters and pain from walking?,"I moved to the city so I no longer really need a car. Everything's pretty close by but my lifestyle has changed and now I'm walking at least 1 to 3 miles a day. 

But walking a lot has shredded my feet and it just causes a lot of pain. I figured this would stop happening after walking a lot became a regular thing but I've lived here for ten months now and being more active has made it WORSE instead of better. I looked it up online and there were a bunch of articles that said to lubricate your feet (?). What the fuck, no. Is there any reasonable way to make life more comfortable? Asking here, especially because I assume a lot of you are runners and have had similar problems. Thanks",13,2019-11-02 04:48:50,28,https://www.reddit.com/r/Fitness/comments/dqfqvh/any_tricks_to_prevent_blisters_and_pain_from/
Opinions in Arnold's Shortcut To Mass program,I used it for bulking 2 yrs. ago with good results. Now started it again. Changed a few exercises here and there. Is it good any good ? Especially for intermediate and natties. I didn't enjoy the arms day as it took over an hour and i had to skip a few sets and exercises (Shoulders+bi+tri).,7,2019-10-19 04:54:07,3,https://www.reddit.com/r/Fitness/comments/djz6v7/opinions_in_arnolds_shortcut_to_mass_program/
Is jogging/running better for shredding fat than walking the same distance with a 25 pound hiking pack?,I hiked the Camino de Santiago for 10 days and we only did like 6 miles a day with the packs but I got way smaller and since I’ve been back have gained weight even though I’m eating the same and jogging every day. Contemplating whether I should load up my pack and go walk with it or just jog instead,23,2019-10-11 02:26:05,58,https://www.reddit.com/r/Fitness/comments/dg8mmf/is_joggingrunning_better_for_shredding_fat_than/
1 year lean bulk transformation,"Male

21-> 22 yrs old

Height: 5'6

Weight: 122.6-> 150 (+27.4 lbs)

Note: all pics at bottom

Sports background: high school soccer for 2 years / 3 months of  stronglifts 5x5 senior year of high school. After that I didn't start working out until the middle of my junior year in college. For stronglifts, I mainly learned how to perform the main exercises, and that was the main thing that carried over to when I began working out again.

Nutrition: I used MyFitnessPal to determine how many calories I needed  to put on 2 pounds of weight a month. I choose 2 pounds because research  claims 2 pounds of muscle a month is possible (although on the high  side) for beginners. I needed 2800+ calories and 130-150g protein daily  for that goal, rest of the macros I didn’t pay much attention to as long  as my calories, and protein was hit.

Sample Breakfast: 3 large eggs with shredded cheese, 2 pieces of turkey bacon (380 cal 1g carbs 29g fat 29g protein)

Protein shake: 3 cups fat free milk, 2 scoops protein powder (serving size is 2 scoops), and 3 tbsp of peanut butter (695 cal 53g carbs 25g fat 64.5g protein)

total: 1075 cal, 54g carbs, 54g fat, 93g protein

This is just what I would eat, not saying its the best idea.

Supplements: vanilla whey protein and creatine

Program: spent the whole year doing Nsuns 5 day template

Template example:

Monday: 9 sets bench 8 sets OHP

Tues: 9 sets squat 8 sets sumo DL

Wed: 9 sets OHP 8 sets incline bench

Thurs: 9 sets DL 8 sets front squat

Friday: 9 sets Bench 8 sets Close grip bench

Accessories for that program all (3x12):

These accessories were chosen because I enjoy doing them, and to avoid any muscles from lagging behind that might be neglected from the main 5 day nsuns program. If I would hit 3x12 consistently, I would move the weight up on these accessories.

&#x200B;

Monday: hammer curls, chin-ups(bicep focus), tricep pull downs, and weighted pull ups/lat pull downs

Tuesday: leg raises and weighted Russian twists, seated and standing calve raises

Wednesday: dips, tricep extension, overhead tricep extensions, and hammer curls

Thursday: leg raises,Russian twists, seated and standing calve raises

Friday: dips,pull-ups, overhead triceps, and hammer curls

Pull ups: body weight -> 25lbs (3x12,3x11,3x10) are my current sets for pull-ups

1RM Lifts(lbs)

Bench:100->220

Deadlift: 135->335x2 (I have not attempted a 1rm on this lift in a long time, so this is for 2 reps)

Squat:135->245-250

OHP:45->145

Squat could be a bit higher, but I had a small hip injury

Pics in lbs (slight NSFW)

Before (122.6lbs)

[https://imgur.com/a/Yb1eJvc](https://imgur.com/a/Yb1eJvc)

&#x200B;

After (150lbs)

[https://imgur.com/a/j5Ykbpk](https://imgur.com/a/j5Ykbpk)

&#x200B;

&#x200B;

month 3: 

[https://imgur.com/a/j7d1pUy](https://imgur.com/a/j7d1pUy)

month 6: 

[https://imgur.com/a/yNH8aHY](https://imgur.com/a/yNH8aHY)

Current:

&#x200B;

Legs:

[https://imgur.com/a/DZw1oQf](https://imgur.com/a/DZw1oQf)

Back:

[https://imgur.com/a/jy8Wcjh](https://imgur.com/a/jy8Wcjh)",176,2019-10-05 07:53:12,27,https://www.reddit.com/r/Fitness/comments/ddk90k/1_year_lean_bulk_transformation/
Please advise for an effective fat burner supplement?,"Starting this monday, I will start a 1600 calorie diet to shred my stubborn belly/ass fat. Right now I only take Whey Protein, Creatine and a random pre-workout. 

I want to add a fat burner supplement to this list, but looking at the ingredients of the fat burners they are mostly caffeine which I already have on my pre-workout.

Please recommend for an effective fat burner brand or I guess advise if fat burners are effective for shredding? I have googled it, and obviously all I get is they are effective as its basically all an advertisement for the brand, I just want to hear it from real people here on reddit if they are effective because they ain't cheap.

Thank you for your time :)",0,2019-09-22 00:13:24,17,https://www.reddit.com/r/Fitness/comments/d7ixk7/please_advise_for_an_effective_fat_burner/
My Fat Loss Journey for the last 4 years,"> **M/28/5'7""/SW:202 CW:152**
> 
>or in non mc nuggets units
>
>**M/28/1,73m/SW:92kg CW:69kg**


**A little bit of background that you don't need to know to see the before and after pics**

4 years ago i was going through a rough breakup. My world was upside down. 

I left college, become a mild alcoholic, lost any will to keep going, became platinum at LOL (which was actually nice) and gain a shit ton of weight.

Mind you, i was never obese in my life but i was the fat one when i was transitioning through school. After that i became somewhat thin when i was a teen and a little bit chubby when i became an independent adult (~18 y/o)

Now, i don't have full body pictures, but i looked something like this:

[Before](https://imgur.com/a/SrSUkgT)

And now i look a little bit like this:

[After](https://imgur.com/gallery/GP5UXVH)

**What i did**

I got tired of my self pity and my lack of will. I looked at myself and saw someone that didn't represent who i felt.

Things had to change

I started with a paleo diet, then a keto diet, then IF and all those amazing things that the internet tells you that will make you look amazing but don't make you look amazing (I did lose weight with this steps, but only because i was on a caloric deficit without knowing it)

Then i found out about counting calories and tracking macros. And this is where the real journey began.

I got a gym membership and started with the classic 5x5 approach.

I can't recall what my numbers where back then, but they were pretty low compared to now (they are not amazing now either, just a little bit bigger).

Afterwards i transitioned to Metallicadpa and now i've been running Nsuns 5 days for the last year.

If you really want to, i can post my numbers. But trust me, if you are in any place like I was and want to be where I am now, my numbers are not important at all. 
> It's the food and the mindset which gets you the results.
> 

**What my diet looks like**

Since April of this month i committed 100% to get a six pack. So I ditched alcohol completely from my life since i think it was one of the main reasons i kept failing at everything. 

Of course, alcohol by itself didn't make me fat on the first place. I calculated my TDEE and substracted 500 kcal from it ([TDEE calculator](https://tdeecalculator.net/)). 

My Macros were something like this:
> 180 Protein

> 140 Carbs

> 75 Fat

> ~2000 kcal

One day of eating may have looked like this:

* ***Breakfast:*** One scoop of protein powder (120 kcal)
* ***Lunch:*** 300g of chicken breast and 420g of potaoes (1060 kcal)
* ***Dinner:*** 5 Eggs, 800g of cauliflower rice and 2 spoons of Olive oil (790 Kcal)

This gives me around 1970 kcal for a day covering my macros.

As you can see i like my meals as big as they can be. So i try to not have a breakfast, or take a protein scoop and wait until lunch and dinner to eat.

**What i couldn't achieve**

I didn't get the six pack. I am leaner than i ever was and i lost 23kg  and gain some muscle mass too. But i don't think of it as a failure. The fact that i'm finishing my cut for now doesn't mean that i won't be able to get a six pack on the future. It just means that right now my body needs a break and so does my metabolism.

**What are my next steps**

Go back slowly to maintenance, rising my calories by 100 each week. After i reach 2200 kcal i'll stay there for a couple of weeks to see if that's my new maintenance level or if i'm still losing weight. If i'm still losing then i'll keep rising them, else, i'll stay.

If everything goes as planned (which it won't) i'll be lean bulking in a couple of months before going back into a caloric deficit again.

**What i've learned**

I learned a lot on nutrition and on training. I've created an Instagram account to help Geek people (such as myself) to lose weight and get a nice body. Even if i'm not a pro and don't look as shredded as i wanted to, i know that i can give a hand to introduce the people that need to into fitness.

Believe in yourselves, if I could do it, you can sure do it 

**Edit:** a couple of people asked the Ig account on the comments. The account is @rerollyourbody",534,2019-09-17 12:38:01,81,https://www.reddit.com/r/Fitness/comments/d5gdjg/my_fat_loss_journey_for_the_last_4_years/
I know people hate Jim Stoppani but..,I am brand new to fitness and everything and have been researching for a while and ive concluded that the Jym supplements are overpriced and overrated. I've decided to get supplements from Bulksupplements and Myprotein. I'm currently about to being the Super Shredded 8 program by him. Is it a good program to follow for at least workout and diet? I need serious structure to hold myself accountable and looking through everything it looks structured. I know it's not a quick thing but I wanted to use this as a stepping stone.,0,2019-09-15 11:58:40,7,https://www.reddit.com/r/Fitness/comments/d4jit9/i_know_people_hate_jim_stoppani_but/
How long will it take to rebuild lost muscle due to drug usage?,"For the past month,i've been using meth and looking to get my old fitness habits back before it's too late. For the past month my nutrition was not bad,meaning i wasn't eating unhealthy but i was eating a lot less as meth kills apettite. How long will it take to rebuild that muscle? In the process i lost quite a bit of fat,not that i had a lot in the first place but i guess that's a bonus. Another question i have is,knowing that muscle memory exists and will help me get back that muscle in relatively short time,will i gain that muscle and be in a better place than i were before given that i train consistently and get nutrition on point?I lost a lot of fat,so i guess i would be at a slightly lower bodyweight but with much less bodyfat%?

Stats,been training for 2 years,now i'm 66kg and used to be 72kg before that drug mistake,177cm 23yo male

&#x200B;

edit  
didn't include info about bodyfat % because the last time i got measured i was at 5% which i guess is not that accurate,i should be looking shredded Jon Skywalker tier but i wasn't",7,2019-09-07 09:45:20,14,https://www.reddit.com/r/Fitness/comments/d0u2ir/how_long_will_it_take_to_rebuild_lost_muscle_due/
"Just your regular 1 year progress full of trial and error. M, 78kg/172lbs to 81kg/179lbs, 193cm/6'4.","**TL;DR** my fitness journey was a a lot of trial and error. Thus, my progress may not be the best, but it is realistic and I am certain that if I knew what I do now at the start, it would have been much greater. Nonetheless, I am happy about it and felt like sharing because my mistakes (though they are the usual mistakes you see around) could help some people see them and avoid them.

Unfortunately, I was not very consistent with taking pictures - thus, lighting is different on every picture, I have very few pictures of my back and legs (because back is my strongest part and legs are my weakest, haha). None of those are with a pump, all in the morning.

[Before I started lifting](https://i.imgur.com/5MAYZaS.jpg)

[My best physique (IMO)](https://i.imgur.com/hpVFDvL.jpg)

[Now again into bulking](https://i.imgur.com/yesviOB.jpg)

[Whole album (8 pictures)](https://imgur.com/a/3YfkXHK)

# Story (you can obviously skip if not interested):

I used to lift for like two years back in 2014, with severe fuckarounditis and zero diet or progressive overload knowledge, which resulted in almost no gains. Looking back, I am amazed that I did something three times a week without much results so religiously.

I decided to get back into lifting last August. I paid for a coach because I was not sure about my form. This was the best decision so far, because I was doing more than half of the lifts completely, and I mean *completely* wrong. He showed me the correct form for squats (I used to squat with lifted heels, sigh), deadlift, bench press (I did not retract scapulae) and all the isolation exercises.

For the first month or two, he was showing me correct form and how to exercise and I did not really run a specific program. Then I run program my coach gave to me, the cube. I saw some [decent](https://i.imgur.com/DlqniTl.jpg) progress in just this short time, as I was, for the first time in my life, actually activating hte correct muscles during exercises.

From the start, I did calculate my TDEE, but overshot the calories ""just to be sure"". Plus, my local tracking app (something like MyFitnessPal) has a default ""-10% for the thermic effect of food, which is already calculated within TDEE calculators, so on top of my surplus I was eating 10% more... This has resulted in my daily intake of about 4000 calories for my starting weight of 78 kg/172lbs - which combined with lack of progressive overload has resulted in me getting quite heavy on bodyfat - measured at [19% by a DEXA scan.](https://i.imgur.com/pCaGv5j.jpg)

This has resulted in me being in-need-of-a-cut-right-fookin-now. I decided to cut at the moment my belly was showing through my sweaters (I am a belly/lower back/ass fat storer) and people kept pointing that out.

I cut too rapidly and too quickly and also became sick for almost three weeks in the second week of my cut (it's very possible there were connections between my deficit and my illness). Despite that, I did lose some weight. That is because I was sick, therefore not exercising, but still being in a deficit (I had bowel infection - in other words, I shat everything I ate right out). This has probably led to a lot of lean muscle loss as well as strength. Despite that, I saw some [decent fat decrease](https://i.imgur.com/gVy4UoD.jpg) as well (please do not make fun of my EU46/US13 legs).

After a few more weeks of cutting, I was reaping all the perks of [seeing my abs for the first time](https://i.imgur.com/IdjmHPo.jpg) (and I was nowhere near shredded). Despite being skinny, I was always storing enough fat in my midsection that I never actually saw my abdominals. I felt quite happy about my ab veins and biceps veins along with the showing abs, but the long deficit was taking a toll on me. In the last few weeks of cutting, I only lost about 0,5% bodyfat according to my DEXA scan and based on articles I read, my body was saying ""stop cutting"". I was estimated at [13,5% bodyfat](https://i.imgur.com/I0Z42F1.jpg) which was close enough to my goal (I wanted to get below 13) so I decided to stop this torture. Despite eating not as low as at the start of my cut, I was having intense cravings, drank liters of diet soda daily and lost so much sex drive that I did not have any sort of sexual activity (despite having a girlfriend) for almost a month.

I learned from before and adopted a reverse dieting style to not regain all my fat back. This meant slowly increasing calories to find my maintenance, stay there for a bit (it was summer, so I did not intend on tracking religiously and exercising 4 times a week anyway) and see where it leads me. I have to admit I did gain some fat in this period (too many holiday nights and too much careless alcohol and food consumption), though my abs were still semi-visible after the end.

Since the start of August, I decided to bulk again at 3000 calories and [this](https://i.imgur.com/yesviOB.jpg) is where I am now. Since next week, I want to try out reddit PPLPPL split to see where it leads me - I feel like I am stalling on my progress and will probably increase calories by like 150 or so. Luckily though, I will never have to cut from such a ""high"" bodyfat again, so I hope to have more steady progress and shorter cuts in the future.

# Routine:

For the first month or two, I did not run a program and just learned the exercises.

**The Cube**

For 4 months, I run a program called ""[Cube](https://www.powerliftingtowin.com/the-cube-method/)"". It is too long and complicated to list here (it does change every single training) but it is a 4-day program, in which each compound is either run as high-rep, low-rep (power) or explosive. It works with 1RM% and looking back, it was probably way too intermediate for my coach to program this. I still did not apply progressive overload consistently, did not log my training and just tried to lift as much as I could.

**PHUL**

For the cutting and up until now (about 6 months), I run [PHUL](https://www.muscleandstrength.com/workouts/phul-workout) (Upper/Lower 4-day split).

This has been a better training as far as I can tell than Cube, but it still has some things I am not happy with.

# Diet:

**Summary:**

My first bulk was about 4000 calories, my cut was 2100, 2400, 2500, then reverse dieting (slowly increasing by approx 100 cals a week) to maintenance at around 2700 for a month and a half (holidays etc.), then slowly increasing to lean bulk at 3000.

When cutting, i did IF (intermittent fasting). I only ate from 13 PM to 21 PM. This has helped me feel less hungry, but according to research, it has no added fat loss benefits. I will most likely not do this on my next cut, but who knows. I just never stopped feeling hungry in the last hours of my fast anyway.

I track everything every day in my app, I cook my own meals every day (with exceptions like restaurant visits, holidays etc.)

**What I am eating:**

From august to february, my diet consisted of large amounts of oats, chicken, rice, pasta, bars and protein powder.

Then, as I was cutting, my diet switched to more veggies, less calorie dense foods - quinoa, spinach, lean meats, lean fish, oil-free cooking, diet soda (not proud of that one).

Since May, I decided to go vegan, so I am mostly eating beans, lentils, tofu, seitan, tempeh, veggies, rice, quinoa, oats, peanut butter, nuts, fruits.

I cook everyday, so I have plenty of cooking skills that I acquired thanks to my fitness journey. If anyone wants me to share recipes which mostly average 35-45g of protein and 600-800 kcal per portion (they're vegan though), I will happily do so.

**Macros:**

I used a 2g protein for each kg of bodyweight for both cutting and bulking, just to be safe.  Then I had 25-30% of my intake in fats and the rest filled with carbs.

Now, I am steadily slowly bulking on 3000 calories daily with 160g of protein and 110g of fat (rest carbs).

**Supplements:**

I use daily protein powder, creatine, omega-3, b12 and calcium+magnesium.

# Numbers:

Now this is where most of you will probably be surprised - my numbers are not that good compared to other progress posts. I never cared about how much I can lift, but I understand the correlation between how much you can lift and how much muscle you have, so while trying to lift more each session, I do not have impressive numbers. I also never tested 1RM and all these numbers are my 4 sets of 5 repetitions. This is **not** an excuse, but as apparent from my pictures, I have very long humerus and very long femurs, compared to a short torso. This puts me in an advantageous position for the deadlift, but disadvantageous for the squat and bench press. Maybe it contributes to my numbers not being where others have them; but then again, do not compare yourself to others, compare yourself to who you were yesterday.

These are 4x5 with no reps left in the tank.

||Before|Now|
|:-|:-|:-|
|**DL**|50kg/110lbs|110kg/242lbs|
|**Squat**|35kg/77lbs|85kg/187lbs|
|**Bench**|30kg/66lbs|64kg/141lbs|

**Mistakes:**

* I started with too high of a surplus and that resulted in me getting too fat. Looking back, even 500 surplus seems way too high to me. I'd try to go for 300-400 instead.
* I did not apply progressive overload correctly - I only started with a training log months into my training. People, get a training log. Seriously. A spreadsheet on google docs worked best for me.
* I put too much emphasis on isolation exercises instead of compound exercises - progressing on isolations is not nearly as important and progressing on compounds. Besides, it is very hard to progress on isolation exercises as much as on compounds.
* Once I discovered progressive overload, I tried to overload too quickly on too many exercises. Adding 2 reps for every single exercise every single training has led probably to my stagnation with my numbers. Remember, increase only if form remains the same. If you sacrifice form, it is not progressive overload, but quite the opposite.
* I abused failure. Maybe this works for some people, but I went to failure every single training and it has probably taken a toll on both my form and my recovery.
* I had too much of a deficit when cutting & did not diet slowly. I changed from close to 4000 calories to 2100 in a single day. Probably I lost too much of muscle mass due to this drastic change. I basically did the cutting process in reverse - when I saw I was loosing too quickly and too much muscle mass, I had to basically up my calories. Instead of slowly decreasing, I slowly increased and this has led, again, to stagnation.
* I took everything too seriously. It is okay to miss a training due to a party once in a while. It is also okay to not reach your calorie goal or have 300 calories too much. What matters is consistency. Your muscles do not disintegrate the moment you feel hunger or your body does not store fat the moment you eat a big, fat meal.
* The body does not work on an hourly basis. If you get 1000 kcal over your goal due to a night out (or even more, assuming one stops tracking the shots after a certain amount), just eat 500 less each next day. Vice versa if you under-eat.
* Intuitive eating just does not work for me. I have to track - not at all times and at all costs, but without calorie tracking, I think that most people will have sub-par progress. I like to go all in on things and thus, I think tracking your diet is very important. Obviously we all have preferences and my priority was progress over convenience.
* Listen to your body. I had countless little pains, illnesses and always trained through them. This has more than twice led to some strained muscle (mostly trapezius or lower back), aches in my joints or wrist... if something hurts, **stop doing it**. If you feel sick, do not go and go when you feel like it. I am quite lucky honestly to not have injured myself worse in some cases.
* Cutting: my best friends were diet soda, pre-workout, veggies and nori chips. Also switching from rice and beef to chicken and quinoa really does make a difference.
* Bulking: peanut butter is your friend and big breakfast really makes it easier to reach your goal.

I hope my post has helped or inspired anybody.",1257,2019-09-05 18:46:59,144,https://www.reddit.com/r/Fitness/comments/d04ymj/just_your_regular_1_year_progress_full_of_trial/
"CrazyBulk Bulking Stack: ""legal steroids""?","Has anyone done research into the company CrazyBulk and their ""legal steroids""? I've never heard of them. What's the scientific literature behind their products?

Edit: they aren't steroids, just alternatives.",21,2019-07-29 02:20:19,67,https://www.reddit.com/r/Fitness/comments/cj509t/crazybulk_bulking_stack_legal_steroids/
Can I Smash Legs Twice A Week,Question is in the title folks. I’m 27 140lbs small frame but in shape and kinda shredded. I wanna keep my swimmers body physique and build muscle on top but also want semi big legs nothing crazy just nice quads. Can I hit legs twice a week long as I pack in more food or do I need to? Thanks,28,2019-07-28 03:36:49,38,https://www.reddit.com/r/Fitness/comments/cir46l/can_i_smash_legs_twice_a_week/
Is the keto diet too risky?,"Hi. Been doing keto for a month now looking to shred. It's going really good and I've lost 10 pounds so far (down to 180lb 5'5 22 y/o male). Absolutely no cheats, going to gym 6 days a week, my strength is up actually despite being in a deficit, and I love the food I am eating. However, I've recently been hearing from some people including my old trainer that ketosis is very dangerous. Supposedly the diet can lead to cancer, heart disease, stroke and other bad juju. Also some have described many immediate side effects like low energy and headaches, which I have not experienced at all. Not sure what to do now because I really enjoy this diet and like that I don't have to eat bland-ass lean meals, but if this is going to give me serious problems and shorten my life I'm going to have to figure something else out. What do you guys think? Should I keep doing keto, or learn to deal with the typical lean diet? My ultimate goal is to be healthy, strong, live long, and build a respectable natural physique.",0,2019-07-22 23:26:10,17,https://www.reddit.com/r/Fitness/comments/cgkqxg/is_the_keto_diet_too_risky/
"Are ""strongman"" gyms good for the normal natty lifter?","I'm in the process of moving out of state, and gym locations is a huge part of my decision process for where I get a place. There is a strongman gym within walking distance from one, but I've never known anyone whose used one (nor have I seen one tbh). It has atlas stones, keg throws, prowlers, all that kind of stuff you don't normally see in a gym. And no this is not crossfit oriented. Is this kind of place practical for a lifter, or am I better off sticking to a traditional gym?",2,2019-07-12 21:47:58,43,https://www.reddit.com/r/Fitness/comments/cch5ce/are_strongman_gyms_good_for_the_normal_natty/
An entire month off to work out...,"Hey Guys 

Long time lurker here, I appreciate all the information you’ve provided thus far. 

I’m in a fortunate situation where I have 6 weeks off with no obligations to do much. I just purchased a lifestyle gym membership (think Lifetime fitness on steroids) and to rationalize the stupidity of the purchase, I plan to live at the gym...everyday. I will start doing two a days with a conditioning program. 

Any suggestions on what type of workouts or breakdown I should do? I’ve been doing strong lifts for the past 2 years. I was thinking stronglifts every other day, body weight exercises/functional training on the off days and then cardiac conditioning everyday day for 60 mins. I will work through the soreness. 

Thoughts?",19,2019-07-03 13:15:48,20,https://www.reddit.com/r/Fitness/comments/c8nyqe/an_entire_month_off_to_work_out/
Does the Serratus Anterior need direct work?,"Or is it like the abs muscles, visible when low body fat? I'm just wondering, as most physiques I see on the internet display these shredded fans. However, do people actually work these muscles directly? I heard they're worked in pullovers anyway? Is it necessary to work them if I want to make them visible?",26,2019-06-28 21:16:37,25,https://www.reddit.com/r/Fitness/comments/c6pv48/does_the_serratus_anterior_need_direct_work/
Weight Loss Update: 438 lbs to 260 lbs. ~ 180 pounds down in 1 year naturally with diet and exercise!,"[Before and After Picture (438 lbs to 260 lbs)](https://imgur.com/gallery/KnSMQOW) 

Since a young boy, I have always struggled with being overweight and have had countless failed attempts trying to lose it. On April 3rd of last year, I decided to finally commit and really push myself to the limit and beyond both physically and mentally. I knew this time was different; my mindset and determination to succeed were stronger than ever before. Over this past year, I have learned so much, about weight loss, exercise, dieting, and myself as a person. With the use of IF/OMAD (Intermittent Fasting/One Meal A Day), keeping CICO in mind, and a consistent workout routine, I have been able to lose 180+ pounds thus far.


Height: 6’2

Age: 20 years old

Weight Difference in Before and After Picture: 438 lbs to 260 lbs (178 lbs lost)


Exercise:

I have been doing a bodybuilding routine in order to try to maintain and build as much muscle as possible while I am simultaneously losing all the weight I am. So doing a muscle building workout routine has definitely been key for me to help with my physique and not have me looking flat with all the weight I am losing.  Also, I workout (both lifting and cardio) in a fasted state, mainly to help burn fat and build muscle more efficiently. 

Since I started working out in April of last year, I have tried out a variety of routines (Bro Split, 4-Day UL, 6-Day UL, 6-Day PPL, 5-Day ULPPL) and have had success with all of them but find the best and most efficient for my current schedule to be the 5-Day Upper, Lower, Push, Pull, Legs routine. I do this routine while incorporating cardio (usually HIIT) right after I am done lifting on at least 3 of those days typically. I also try to stay active on any rest days and get cardio in through sports like basketball, soccer, boxing, or going for a jog whenever I can.

Here is the current routine I am following:

Day 1 (Upper Day):
Bench Press - 4 sets - 5-8 reps
Barbell Row - 4 sets - 5-8 reps
DB Overhead Press - 3 sets - 5-8 reps
Wide-grip Pulldowns or Pull-ups - 3 sets - 6-10 reps
DB curls - 4 sets - 8-12 reps
Straight-arm Pulldowns/Face-pulls - 3 supersets - 8-12 reps

Day 2 (Lower Day):
Back Squat - 4 sets - 5-8 reps
Deadlift - 3 sets - 5-8 reps
Hack Squat - 3 sets - 5-8 reps
Lying Leg Curls - 3 sets - 8-12 reps
Single-leg Leg Press - 3 sets - 8-12 reps
Standing Calf-Raises - 4 sets - 10-15 reps
Core Workout - 4 sets - 10-15 reps

Day 3: REST / Do some form of cardio (Play sports, go for a jog, etc.)

Day 4 (Pull Day):
Barbell Row - 4 sets - 6-10 reps
Wide-grip Pulldowns or Pullups - 3 sets - 6-10 reps
T-bar, Cable or DB Rows - 3 sets - 6-10 reps
Close-grip Pulldowns - 3 sets - 8-12 reps
Straight-arm Pulldowns/Facepulls - 3 supersets - 10-15 reps each
Barbell Curls - 3 sets - 8-12 reps
Hammer Curls, Cable or DB - 3 sets - 8-12 reps

Day 5 (Push Day):
DB Bench Press - 4 sets - 6-10 reps
Overhead Press - 3 sets - 6-10 reps
Incline DB Press - 3 sets - 6-10 reps
Cable Crossovers (standing or seated) - 3 sets - 8-12 reps
Lateral Raises - 3 sets - 8-12 reps
Close-grip Bench Press - 3 sets - 8-12 reps
Tricep Extensions - 3 sets - 8-12 reps

Day 6 (Leg Day):
Back Squat - 4 sets - 6-10 reps
Deadlift - 3 sets - 6-10 reps
Leg Press - 3 sets - 6-10 reps
Leg Extensions/Leg Curls - 3 supersets - 8-12 reps
Seated Calf-Raises - 4 sets - 10-15 reps
Core Workout - 4 sets - 10-15 reps

Day 7: REST / Do some form of cardio (Play sports, Go for a jog, etc.)


Diet:

I believe that finding a long-term sustainable diet really is essential not only for losing weight, but ensuring you keep the weight off! Finding the right plan is a person to person basis so I did a lot of experimenting with different dieting techniques (IF, OMAD, Keto, Atkins etc.) until I was able to find one that I was pleased by and could see myself doing long-term. Currently, I am doing OMAD/IF on a High Protein, Low Carb diet.

Macros: 

Currently I try to keep it roughly 40-45% protein, 30-35% fats, and 20% carbs. I am not very strict on these percentages but aim to keep within these ranges as much as possible.

Day of eating:

Most days I am doing OMAD (One Meal A Day) and I have this meal usually right after I workout (workout is done fasted). A regular day of eating this one meal would be a post-workout protein shake/bar, Chicken usually as my main meat source of protein, or turkey, beef etc. when I can. A salad and veggies as well as often as I can to ensure I get my greens in and a good source of fibre! Then for desert or if I need to get more fibre in I will have a fibre bar, kale chips, granola bar, or protein ice cream, which are all high sources of fibre and taste great! If I am not doing OMAD, I will be doing Intermittent Fasting on usually a 2-4 hour window to eat, where I will have the aforementioned foods except more split up. I am not really a picky eater so this is what my diet mostly consists of.

Supplements:

-Ashwaganda (Pill form, one 650mg pill before workout when I need an extra energy boost)

-Kaizen Whey Isolate Protein (2 scoops @ 35g/scoop post-workout usually)

-ENGN Shred Pre-workout (1 scoop 15-30 minutes before workout) 


Conclusion:

I have really grown mentally and although my weight loss journey isn’t done yet (roughly 30-50 pounds to lose) I am proud of what I have accomplished thus far. Through this weight loss, not only have I been able to get myself to live a way healthier lifestyle and improve my mental and physical health, but I have also found a true purpose and calling for once in my life. I plan to make as big of a positive impact as possible and help/inspire as many people as I can. This is just the beginning and I’m genuinely excited for what I have planned in the future! Thanks for reading, I have love for every single one of you and wish you all the most success on your journeys! :)


EDIT: Just got back from the gym to see all the support you guys left me... and wow... I truly feel so grateful and blessed. To see all the love and support from people I don’t even know, some who are genuinely happy and proud of me... it’s something I will never take for granted. What makes me even more happy and content is how many people who are struggling with the same issues I am/was and were positively impacted by this or got that extra push they needed to keep going... to keep pushing despite all the hardships they may encounter. I just feel so blessed to have this opportunity and seriously have love for all of you. Honestly, it feels amazing to not only be recognized for all the hard work, and literal blood, sweat, and tears that led me to this point, but also be able to inspire and motivate others to work towards a better and healthier version of themselves. I promise this is only the beginning, and I will do the best I can to lead by example and make as much of a positive impact as I possibly can. And for those who were inspired/motivated by my journey and are currently facing adversity, you have to do it yourself, you must realize your potential, that potential which we all possess inside of us, and become the best version of yourself you can be. I know it’s hard and might seem impossible at times, but trust me, it is very much possible, and very much worth it. Once again, thank you all for all of the support, I genuinely appreciate all of the love. Stay blessed, and best of luck on your journeys. 🙏❤️",7841,2019-06-11 15:38:07,440,https://www.reddit.com/r/Fitness/comments/bze0g8/weight_loss_update_438_lbs_to_260_lbs_180_pounds/
Opinions on V Shred and if it actually works...,"I’m (18F) looking to lose weight, and I came across V Shred and I have no clue if it works or if it’s a scam. 

If anyone has used this could you give some info and opinions?? Thanks",148,2019-05-31 16:50:10,79,https://www.reddit.com/r/Fitness/comments/bv9y9i/opinions_on_v_shred_and_if_it_actually_works/
First cut ever complete - couldn't have done it without r/fitness,"Edit pics: [https://imgur.com/a/i5EXmhe](https://imgur.com/a/i5EXmhe)

&#x200B;

For some background, I joined r/fitness as a newbie lifter back in early 2017. I was about 155 lbs (at 5'11), and severely skinny fat. At that weight you would think I should have a 6 pack and be shredded. Nope. I still had a gut. I struggled with the idea of gaining weight because of not having ""abs"". r/fitness convinced me to bulk, and I'm so glad I listened to you guys.

I started getting familiar with the main compound lifts and eventually followed Phrak's GSLP for about 8-9 months. After this, I switched over to 5/3/1 BBB and have been on that ever since (still making progress, so never switched). I even stuck it out with BBB on this cut but I will say, next cut I'm definitely doing FSL instead of BBB.

**Stats (April 2017, beginning)**

BW: \~155-160 lbs.

Approximate body fat %: \~18-19% (calculated an estimate once given where I ended up at the end of my bulk, but probably not accurate)

1RM estimates (and I mean estimates. Had no idea what these were to start. I just started with the bar and went up from there):

OHP: 125 lbs.

DL: 200 lbs.

Bench: 130 lbs.

Squat: 115 lbs.

You might be asking, wtf? But yes, you're reading these right. My upper body, specifically my shoulders and upper back, has *always* been pretty strong. I have a black belt in Taekwondo and a part of those sessions was always pretty intense upper body strength training before class. I think I just had developed a lot of good nervous system training there. Quite the opposite for my lower body. Flexibility was the main thing holding me back. I just couldn't even squat to depth with the damn bar alone when I started, so I calculate this squat ""max"" once I started getting the form and movement down.

&#x200B;

**Stats (now, May 2019, end of one complete bulk/cut cycle)** \- I bulked from mid 2017 until end of 2018, and just finished a 4.5 month cut to start 2019. From the starting point above (155-160 lbs and \~18-19% body fat), I gained about 25 lbs, got up to 183-184 total, and put on about 5.5% body fat (DEXA verified).

After this 4.5 month cut to start 2019, I'm almost down to my *very beginning* starting weight of 160 lbs, but at 15.5% body fat, and holding onto *way* more muscle than I was before lifting.

Current stats

BW: 160 lbs.

Body fat: 15.5%

1RM estimates (much more accurate now since I've been tracking every cycle since I got my form down)

OHP: 150 lbs (pre-cut PR of 170 lbs)

DL: 350 lbs. (pre-cut PR of about 360 lbs)

Bench: 215 lbs (pre-cut PR of about 240 lbs)

Squat: 255 lbs (pre-cut PR of about 270 lbs)

&#x200B;

I know I'm not ""proficient"" across the board yet, but thanks to all of you who have commented on my dumb questions, given me smart ass answers (yes I appreciated them), and to all of us here that just want to continuously get better and improve.

&#x200B;

**Note: I'll try and post pics later tonight. I have a beginner pic but I'll get one of myself today post cut for comparison**",13,2019-05-30 18:52:03,2,https://www.reddit.com/r/Fitness/comments/buwysd/first_cut_ever_complete_couldnt_have_done_it/
Month Workout and Diet Plan?,"Hi, I have a month before i go on a birthright trip, and I was wondering what kind of workout/diet plan I should use. Any tips would help, or even links to certain month programs. I'm open to anything. I know its pretty obnoxious of me to try and get fit within a month, but finals/work were brutal this year.

&#x200B;

I'm about 6ft and 200lbs. I did workout on occasion before work and school took over my life, so i'm open to all types of workouts.

&#x200B;

My goal is to get ""Muscle for looks,"" if that makes sense. Not sure if I should bulk up or get shredded, totally depends on what is achievable in a months plan.",0,2019-05-21 01:04:37,6,https://www.reddit.com/r/Fitness/comments/br3z6t/month_workout_and_diet_plan/
"ZBGBs 3 Year Progress - 605 Squat, 485 Bench, 635 Deadlift, 305 OHP","Howdy! Welcome to my three year update. Thanks for taking a look. :)

---

#Background

**Stats**

* Male
* 38 years old
* 5’11”
* 220 lbs
* Cheaty bench arch

**Current lifts**

* [605 Squat](https://vimeo.com/337150990)
* [485 Bench](https://vimeo.com/335475691)
* [635 Deadlift](https://vimeo.com/271927079)
* [305 OHP](https://vimeo.com/334038286)

**Goals**

* My goal is to lift the most weight in SBDO. Many people lift to get strong. They test 1RMs to measure that strength and assess progress. So, 1RMs are a means to an end. It's the opposite for me. I want to bench 500lbs. That's the goal. In order to do that, I'll need to get stronger. So, getting stronger is a means to an end. 

* I love training (the inability to think during it is meditative for me), I love the direct correlation between effort and results (few things in life are like this), and I love dedicating myself to one goal a year at a time.

---

#Training History

**Prior to Lifting**

* I frequently get asked if I had an athletic background or did a lot of sports. I always took that to mean organized sports such as part of a team, so I would say no. I didn't play for any high school or college team. We just played with friends and whoever showed up. It wasn't until talking with people on reddit that my interpretation of ""normal"" level of physical activity was differed from the average. Growing up, we played basketball, football, hockey, tennis, kickball, etc. basically every day. That's.... that's just what you did for fun. That was our normal. In high school it was probably still around 4-5 times/week, maybe 5-6 times/week in college, and then settled down to maybe 2-3 by the end of grad school. But, essentially, we played sports multiple times per week every week until I was in my 30s. It dropped off after that due to career and kids taking up more time. That was a big part in wanting to find a new physical goal and why I started lifting. Once I set my initial goal and got into it, I was hooked. 

**Starting out to 7 months lifting**

* In May of 2016 I turned 35 and wanted to make a change, so I started lifting. I decided that on my 36th birthday I would OHP 225, Bench 315, Squat 405, and Deadlift 500. Starting out, I had no idea what my 1RMs were. I just did 10x10 with 135 for SBD to try and learn how to do them. I think it’s easy for people to forget how hard it was to learn all this stuff in the beginning. I spent a lot of reps just trying to get the hang of all of it. Simple things like hitting depth or making both sides of the bar go up at the same time on bench. :) I would essentially just try to focus on improving one aspect each session. It took a while for some portions to become automatic so that I could move on to the next one.

* After a while, I made my own PPL (I still love PPL. I don’t care what anyone says). It was pretty basic (most PPLs are), but there were a lot of sets. And that’s kind of all it takes. After 7 months I got to a 1125 gym total (405/315/405/205) at 215 BW - [7 Month Post]( https://www.reddit.com/r/Fitness/comments/5mdku9/silly_newbie_trying_to_get_to_a_1225_total/). You’ll notice my squat and deadlift were equal. Deads have never clicked with me. They’ve never made sense, so…. I just do them without it making sense. (Deads are dumb)

**7 months to 1 year** 

* After that update post, I switched to nSuns 531LP 6-Day Deadlift program but with some changes that I felt suited me better. I think this helped because (1) it was different (2) it made me use weights I didn’t think I could do for the prescribed reps and (3) I got better at low reps (singles, doubles). I really focused on deadlift, since it was lagging behind so much. It worked and I hit my initial goal 1 year in. I got a 1310 gym total (425/385/500/225) at 225 BW - [1 year Update Post]( https://www.reddit.com/r/Fitness/comments/67xh8q/finally_hit_my_goal_after_11_months_1300_total/)

**1 year to 1.5 years**

* I’ve always been pretty big on “If it’s working, keep doing it”, so I stuck with nSuns 531LP with a butchered protocol. Essentially, I ran it as a wave periodized program and would reset TMs very frequently. It was some of the most fun I’ve had lifting. At 1.5 years I got to a 1515 gym total – 525/425/565/255 at 230 BW - [1.5 Year Update Post]( https://www.reddit.com/r/Fitness/comments/76q20i/murder_dungeon_gym_presents_15_year_update_1515/)

**1.5 years to 2 years**

* After that, I ran some Greg Nuckols stuff. Average to Savage was great. I modified some aspects, but it was the same basic thing. At the 2 year mark, I got to a 1665 gym total – 565/465/635/265 at 235 BW - [2 Year Update Post](https://www.reddit.com/r/Fitness/comments/8mv3xa/2_year_update_565_squat_465_bench_635_dead_265_ohp/)

---

#Since my last update (2 years to 3 years)

Since my last update, I’ve changed a lot of things. I ran my first cut (down to about 220ish from a high point of about 245). I do cardio 3x/week. I spent more time doing higher reps, lower rest. I also got away from just focusing on super heavy SBDO and did more variations. Some of that was just so I could stop comparing to previous, bulking PRs and just lift. It was freeing. I ran a bunch of different programs during this time. A few stand out:

* Greg Nuckols’ 28 Free - 3x Intermediate High for Bench - This is simply my favorite bench programming I’ve ever run. I can’t run it continuously, but running it for 2 or 3 cycles with a non-conservative TM is awesome. I was actually able to surprise myself with progress on it. Neat-o!

* A while ago, /u/PurpleSpengler took over all my programming. It’s been a huge help. I don’t want to get into too much detail here since it’s a custom program, but it was something that fit me very well and I hit PRs in bench, OHP, and squat. :)

**Current training**

* Currently, I’m taking a break from Speng’s program to see how far I can push volume. I’m doing a 4 day ULUL split. I train nearly everyday, so I end up doing squats, deads, OHP, bench, rows, and weighted pull ups every other day (3+ times per week). For progression on the mains, it’s a wave periodized, percentage based progression with back off volume work. Since it’s only a 4 day rotation and I lift every day, I go through a full cycle every 12 days. 

* I use a fake 531 for the main lifts. I can’t call it _real_ 531 because I didn’t do all the stuff that you’re supposed to. I used a TM that’s too high. I didn’t do dedicated conditioning. I basically just took the rep scheme with 5x5 SSL, and ran with it. But…. it made me think Wendler knows what he’s talking about and basically anyone can make progress on 531 the way he lays it out. [Here’s a spreadsheet](https://docs.google.com/spreadsheets/d/1uBVkDK-HPdOaqaV2AlpYesRqxDgt8AKmAPFls_r6Rmc/edit?usp=sharing) of what I was doing before squatpocalypse (I was blacking out at the top of a squat and had no idea where I was or what was happening. I racked it on one side and just kind of went to sleep. Also, my back got bjorked. It wasn't great.).

* One modification I’ve had to make along the way is concerning bench grip width. I can't bench the same way for every set and session. I use a very wide grip (hands touch hooks) and a lot of arch. It's great for moving a lot of weight, but it also tears up my shoulders and has a much narrower ""groove"" to get good reps. The result is that I need to train it often, but I also can't train it often. Consequently, I split my benching between super-wide on the main PR set (not an amrap) and regular wide for all the other sets on the main bench day. On OHP day, I use a narrower grip for lighter weight volume bench work. It seems to be working out ok.

* You'll notice I haven't updated my deadlift 1RM. That's because (1) I haven't tested it, and (2), I've been mainly doing trap bar deads instead of barbell. Some more recent deadlifts were an 811lb frame deadlift and 635x6 TBD. I hurt my back on the 605 squat and won't be testing deads anytime soon.

---

#Common aspects to all my training

I work and lift [at home in a 4 section, triple-monolift Titan rack](https://i.imgur.com/qmbkIJR.jpg) so I take advantage of that and I lift all throughout the day. I think this helps me get in a lot of high quality volume. Most of my programming/training revolves around trying to cram in as much volume as possible. To facilitate this, I usually sleep 9-10 hours a night and I employ high frequency training. E.g. pressing every other day, back work every day. 

Since I’m trying to bump up against my recovery limit, it becomes pretty important to track things. I typically track how well I’m recovering by:

* How the T1 weights are moving against my rep PR chart.
* How well T2s are moving against my T2 chart as a function of T1 weights. E.g. T2 weight *should* be higher or move easier for a lighter/easier T1 day. Conversely, T2s will likely be slower after hitting a new T1 rep PR, etc..
* Sleep
* Sickness
* How terrible I feel
* Grip strength - I know this one is weird :)

The first one is the biggest. Basically, just how well is the bar moving vs my history. If I start seeing signs that I’m under recovering, I’ll back off on something. Most of the time, that means either resetting the intensity (which I love) or cutting back sets on the last compound.

This approach also makes me think of my training volume/recovery like a budget. I have X amount of recovery. How do I fit in the most effective training volume in that? This leads me to a few things that I frequently disagree with people on. In my opinion, people jump to doing variations too quickly. Like, I understand that paused bench or spoto press can be good for a sticking point right off the chest. But, if you’re benching 95lbs and only benching 1x/week, why not try just benching more instead of benching less? In my opinion, bench has the best carryover to bench. So, for me, if a paused bench has 95% of the recovery cost of regular bench, but 80% of the carry over…. I’d just bench more. Conversely, I am a pretty big fan of tricep extensions. The recovery cost is almost zero. You can swap out a single bench set with like 5 sets of triceps extensions for the same recovery cost. So, I keep those in. Same for curls, pull ups, dips.

Diet - I try to get 200g of protein/day

---

#Random rantings and musings:

* I think people overestimate the importance in programming. Is it really good to use a proven program? Sure! Do the differences between two different proven programs matter much? Nah. I’m a pretty big believer that effort and consistency are the majority of it. Combine that with recovering well, and having _any_ decent program and you’re 90% of the way there. People on reddit spend 90% of the time talking about the last 10% that matters. 
* I basically only count volume as the number of hard sets of compounds. Since I work in a wide variety of rep ranges, this works out pretty well for me. 
* I think people should row more. Which rows? All of them. And do more pull ups. 
* Personally, I like practicing heavy singles. Since my goals are all singles, spending time gaining proficiency in that skill makes sense to me.
* In my opinion, the importance of testosterone is overstated.
* In my opinion, the importance of genetics is overstated.
* In my opinion, the importance of leverages is overstated.
* In my opinion, rest days are overrated.
* Face pulls are dumb.
* People hate shrugs more than they should.
* In my opinion, people could do more if they thought they could do more.
* Work capacity is underrated.
* Conditioning is underrated.
* Support systems are underrated. For me, that starts with my wife - We’ll call her Zife. Simply put, I wouldn’t be as strong as I am today without Zife’s support, encouragement, and help. She listens to me go on and on about lifting. She helps plan out and schedule our activities to make room for lifting. Basically, she realizes it’s a priority for me, so she makes it a priority for her, too. Zife is the best. She’s my favorite adult! Furthermore, I lift alone, so I don’t have a gym crew. Fortunately, I have great gym buddies through reddit. My r/weightroom mod brothers have become a big part of my support systems. Their friendship, advice, and encouragement has been a huge help. Thanks, dudes! Similarly, all the friends and supportive people I’ve met on reddit have made this hobby a lot more enjoyable and rewarding. :)

---

#Things I did wrong

* Not prioritizing conditioning, cardio, and general fitness enough. It might not matter for that one single PR rep. But, it sure does make the 10,000 reps that are required to get there a lot easier. 
* Not doing direct core work. It’s so easy and it doesn’t impede anything else! Why not do it!?

---

#Common Questions I get asked:

* Steroids? Nope. 
* Ever get blood work done? Yep - My testosterone was 297 ng/dL. As I understand it, that is low.
* Physical job? Nope. 
* Why don’t you compete? Preference.
* Why the funny lights? Preference.
* Really 3 years? Yep. I think people conflate the amount of time that has passed since you started lifting with time spent under the bar. In terms of time under the bar, I’ve done the same amount of volume as someone who did 15 years worth of SL.
* Pics? I don’t really take pictures of myself, but here are a few from random things: [Back](https://i.imgur.com/ffluKN6.png) - [Chest](https://i.imgur.com/QBkWG0x.jpg) - [Back with kid’s drawing](https://i.imgur.com/fK3pBAk.png) - [My belt (just because I love it)!](https://i.imgur.com/oorTxqM.jpg) 
* Why do you blur your face? So people can't see it.

---

#Next Steps

* Figure out what’s wrong with my bjorked back. I probably won't be lifting for a while. :(
* Bulk
* 500 Bench (this is the thing I care most about)
* 655 Squat
* 700 Dead
* 1000 Frame
* 333 OHP

---

That's about it. Please feel free to give me feedback, make suggestions, ask questions, or just generally chat with me. I love talking about lifting and all the friends I've made while doing so. Thanks for all the support! As always...

Cheers and happy lifting! :)",1421,2019-05-20 12:42:21,277,https://www.reddit.com/r/Fitness/comments/bqv201/zbgbs_3_year_progress_605_squat_485_bench_635/
Diet Review - Lyle McDonald's RFL Diet - 20 lb in 40 days,"I recently decided to give Lyle McDonald's Rapid Fat Loss (RFL) diet a try.  I thought I'd share my experience with it.  Overall I lost 20 lb in 40 days on this diet.

##**Results**

Results up front.

Before: 175 lb, 22% body fat

After: 155 lb, 16% body fat

Time frame: March 29 to May 8 (5.5 weeks, or 40 days)

[Before and after photos](https://imgur.com/vOXUoQV)

**Diet td;dr**

900 Calories per day

174 g protein per day

2 diet breaks / re-feeds per week

2 full body minimal exercise days per week

##**My background**

I've been weight lifting for the past 5 years, real barbell stuff for the last 3.  I recently hit the 1000 club with a 405 deadlift, 340 squat, and 255 bench press, as well as a 175 overhead press (my body weight!).  I had to bulk a bit to get to that goal and reached it weighing 175 lb and (according to my foot-to-foot electrical impedance scale) 22% body fat.

I've done several bulk/cut cycles in the past, usually gaining or losing 1 lb per week with a 500 Calorie surplus/loss.  So I have had prior experience in slowly, reliably losing weight.  But I've seen some buzz around the internet about aggressive cuts being better in the long run and some people responding better to them, so I thought I'd give it a try.  Plus my life is about to get very busy coming up, and I wanted to cut my body weight down before it became difficult to meticulously manage my diet and training anymore.

##**What the diet is**

I got Lyle McDonald's RFL diet manual and read the whole thing front to back, and wanted to try this diet by the book to really give it a fair evaluation.  A note here that I'm not going to describe the entire diet in full, just what I did.  If you want to do this diet for yourself, buy/acquire his manual and it'll tell you how to set up your protein intake and plan tailored to your situation.

This diet is what's known as a ""protein sparing modified fast"" (PSMF), or at least a modified version of it.  Basically this diet is ""only eat what you need to and nothing else"", which means ""eat X amount of protein and minimize fat and carbs"".  I ate about 900 Calories per day of foods that were straight protein, as little fat/carbs as possible, and supplemented fish oil for fats and other vitamins.  Twice per week I interrupted the diet for either a free meal or a structured carbohydrate re-feed, both to prevent metabolic slowdown and for a little sanity.  This diet is not intended to be implemented for bursts longer than 6 weeks without at least a 2 week break in between, so my 5.5 weeks was right on target.

This diet is intense, not going to lie.  Especially as you feel all the carbs leaving your system.  But once you learn to accept hunger as just a sensation you don't have to act on, and once all the keto bullshit kicks in, it is surprisingly manageable.  In the end, some people would rather do a very intense diet for 5 weeks than a slow meandering diet for 20 weeks to achieve the same weight loss.  Neither approach is wrong, just different strategies about what you are willing to live with and for how long.

##**What I did specifically**

Each day I ate 4 meals, spaced out at 12:00, 3:00, 6:00, and 9:00 roughly.  With each of those meals I also took a number of supplements spaced out rather than take all my daily supplements at once.

**Meal 1** (240 Cal, 46 g protein, 12 g carbs, 1 g fat)

* 220 g plain Greek yogurt

* 30 g Gold Standard chocolate whey powder

* 2 packets Splenda

**Meal 2** (180 Cal, 40 g protein, 0 g carbs, 2 g fat)

* 6 oz shrimp

* Lemon wedge

* Tabasco sauce

**Meals 3 and 4** (Per meal - 230 Cal, 44 g protein, 3 g carbs, 5 g fat)

* 7 oz chicken breast in a toaster oven

* 40 g marinade from apple cider vinegar and Sazon liquid seasoning (and habanero sea salt)

* Yucateco black label hot sauce (good stuff!)

**Snack** (20 Cal, 0 g protein, 4 g carbs, 0 g fat)

* 1 cup chopped celery

* 1 cup spinach

**Supplements** (60 Cal, 0 g protein, 2 g carbs, 6 g fat)

* 6 x 1000 mg fish oil capsules - to supply essential fatty acids my body can't produce on its own

* 4 x 500 mg methylcellulose - just fiber to keep things moving

* 1 x daily multivitamin - self explanatory

* 1 x 250 mg potassium magnesium aspartate - for electrolytes

* 1 x 1000 mg calcium carbonate (Tums) - for calcium

* 1 x 2000 IU vitamin D3 - not for the diet, I just take that because it's cloudy where I live

* Plenty of salt on my food, sometimes a little salt in my water - for sodium

**Unlimited items each day**

* Water

* Black coffee or tea without cream or sugar

* Diet soda or any 0 Cal drink

* Sometimes sugar-free Jello, which I'd have on reserve if I got a craving

**Daily total**

Calories: 900 (960 including supplements)

Protein: 174 g

Carbs: 22 g (24 including supplements)

Fat: 13 g (19 including supplements)

**Structured diet breaks**

These are *important*, and necessary for the diet to work correctly.  Going at 900 Cal / day without breaks will cause metabolic slowdown after a few days.  And no matter how meticulous are are with your supplements, you're probably missing something, so it's important to refill your body.  I had a structured break 2x per week, on Monday and Friday.

**Monday Re-feed**

Over the course of 5 hours in the afternoon, I would eat ~2000 Calories of mostly bready carbohydrates (bagels, muffins, bread) while keeping my overall consumed fat to less than 50 g.  This is important to refill glycogen stores in your body, especially your muscles.  This would take the place of my lunch / ""meal 2"" so long as I got 40 g of protein in there as well.  Basically I just went to Panera to work on my laptop and kept ordering toasted bagels (no butter) over and over again.

**Friday Free Meal**

On Friday evenings in place of my Meal 4, I'd go out to dinner with friends.  One meal, in one sitting, no leftovers, but no restrictions other than ""be reasonable"".  This wasn't an opportunity to consume as much food as I could in a single sitting, nor a chance to order the absolute biggest gut-busting thing on the menu.  Just have a normal meal.  Share an appetizer, get a light beer, have an entree, just normality.  I greatly looked forward to these nights.

##**Exercise**

Despite being the gym guy that would spend hours in the gym 5-6 days per week before this, I did very little exercise on this diet, as recommended in the manual.  2x per week I would do a basic full body day, mostly machines and dumbbells, hitting each muscle group for 2-3 sets of 6-12 reps.  No barbells, no powerlifting, no big movements.  Believe me, on this diet, you won't have the energy.  Just enough to remind your muscles you still want them around.  No cardio (other than walks in the park sometimes).  This diet is not built around losing weight via exercise.

I would try to line up each of these 2 days to be on my structured diet break days (before the food).  Because after these workouts, even minimal workouts, you just feel absolutely drained.  Putting food back into your body shortly afterwards was a relief.

##**Overall impressions**

I lost a decent amount of weight in a very rapid amount of time on this diet.  The first few days were brutal, but once you get over the initial hump, it becomes surprisingly manageable.  People would look at me like I was insane when I said what I was doing, but I monitored myself carefully and the 2x/week diet re-feeds really made the difference between sustainability and reckless weight loss, at least for me.  As well as responsible supplementation.

Did I probably lose some muscle along the way?  Yes.  Those 20 lb were not entirely fat, I'm not kidding myself.  But muscle is easier to regain than initially gain, so I suspect any losses I made in mass will be regained without too much hassle.  Overall, I can see how it makes sense rather than a slow, conservative cut for 20 weeks, doing a rapid cut for 5 weeks, spend a few weeks getting back up to speed, and then start bulking or maintaining again.

Did I get shredded?  No.  It wasn't a crazy aesthetic transformation.  Going from 22% body fat to 16% body fat isn't going to get me shredded.  It took my belt down a couple notches, and now my gut sticks out considerably less.  Overall I feel lighter and more comfortable.  If I wanted to get shredded, I would probably do a second stint of this diet to get myself down to 12% body fat and then take a more conservative approach to close the gap to ~10%.  But life circumstances are going to make that difficult for me coming up.  I'm comfortable with where I'm at.

Would I recommend this for others?  I wouldn't *not* recommend it.  Read about the diet carefully, read the manual from Lyle McDonald carefully (not just a summary) and make an informed decision.  And if you do it, do it correctly.  This diet is extremely fast, and it can probably be dangerous if you try to cut weight this rapidly without doing things by the book.  It would probably be best if you have some prior (successful) experience in dieting before you try this diet.",76,2019-05-08 20:50:42,75,https://www.reddit.com/r/Fitness/comments/bmamh1/diet_review_lyle_mcdonalds_rfl_diet_20_lb_in_40/
"25 F, 1.5 years progress from paying for programs, yo-yo dieting to independent training & PPL. January 2018 --> Now","**\[Edit\]:** Found start of January 2019 photos! Don't know how I forgot I took these. Have added them below for a more short-term progress comparison.

Hi guys!

I'll try not to make this a long read but I wanted to share my training progress, as today I took photos for the first time since I got serious and focused.

***Pre-note:*** I realise the progress I made probably could have been done in a shorter amount of time but a lot of life admin/injuries/learning curves got in the way before I got fully on track. Majority of my training progress was made in the last 2-3 months. I’m still proud of how far I’ve come.

\***Stats:\***

* Age 25
* Height 164cm
* Weight 60.7kg - 58.5kg (weighed this morning)

\***Before and after photos:\***

* January 2018-Now [Front](https://imgur.com/oD9zRVb). [Side](https://imgur.com/mcvPJJN). [Back](https://imgur.com/J4RQp9M).
* 18th January 2019-Now [Front](https://imgur.com/zJadSA8). [Side](https://imgur.com/Kyhtoeg). [Back](https://imgur.com/l2eOse3).

Edit: for anyone outside Australia the date should read 05.02.19 for 5th May 2019! :)

\***Background\***: Played netball for 10+ years, little to no gym training before I started full time work in 2017. Good cardio and strong lower body but no upper body strength. Lots of ankle injuries and a major lower back injury occurred in this time. I'd had gym memberships before but didn't use them because I had no idea what I was doing or how to structure a workout. My diet was also horrible: I'd eat ""healthy"", but had no understanding of macros or portion control, so I'd often eat too much of the wrong stuff and not enough of the right stuff. The cycle would devolve into me eating takeaway because trying to control macros and calories was too confusing. I paid for lots of training programs and diet plans with little to no improvement/adherence.

***Start***: My sister got me to start training at a local ""hybrid training"" gym just before the first photo was taken. Training was a mix of HIIT, weight training, and boxing/MMA. Super helpful and supportive atmosphere, run lots of seminars on nutrition and challenges that ran a few weeks. I learnt a lot, definitely built up strength, but the gym was an F45 style - couldn't really focus on form, progressing weights, and doing additional training that I enjoyed (e.g. interval sprinting for cardio) due to the nature of classes (timed sections) and often injured myself because form would fail trying to stick to time. I started smashing the shakes after class because I thought protein = gainz, but my diet otherwise didn’t improve much. I used every supplement under the sun - ALCAR, BCAA's, protein powder, OxyShred, preworkout, you name it. I also weighed myself a LOT, and took my weight as an indicator of progress. If I did lots of exercise and ate kind of okay but weight didn’t change, I’d take it as not progressing. This didn't help my confidence.

***Now***: When my gym contract ended (February 2019), I had a surge of motivation and rejoined Fitness First. I also started full time shift work. This combination, plus the workout structures/exercises I learnt at the hybrid gym created the perfect environment for me to begin a more independent and focused fitness journey.

**\*Routine\***: I’m training 6-7 days a week, focusing predominantly on weights. Spent a lot of time at the start working on form for major lifts (conventional DL/RDL, OH press, BB row, clean and press, etc) so that I wouldn't hurt myself when I tried increasing weights, especially with back injury being rehabilitated. I might squeeze in a HIIT session if I have bundles of energy ([here](https://imgur.com/qxiKklQ) is an example of a particularly difficult one I adapted from the hybrid gym) and try to do 1-2 rounds of interval sprints a week (15 seconds on, 30 seconds off x 12-15 @ 14.5-15km/h on 3% incline). I’ve within the last month incorporated core exercises at the start of all my sessions. This week I started [this](https://www.reddit.com/r/Fitness/comments/37ylk5/a_linear_progression_based_ppl_program_for/) PPL program after reading about the progress of /u/engiwengi. My current weights for the main lifts (that I've done so far) are as follows:

|Lift SxR|Current weight achieved|
|:-|:-|
|Barbell row 4x5, 1x5+|32.5kg, 35kg (for 10 reps)|
|Deadlifts 1x5+|50kg (for 12 reps)|
|Squat 2x5, 1x5+|35kg, 40kg (for 11 reps)|

For anyone interested in what I do for core, I usually do the following for 3-4 rounds, and have seen very quick improvement in my core, both visually and strength-wise:

* Straight leg sit ups w/ 5kg plate x 15
* Reverse crunches x 15
* 4kg DB russian twists x 30
* Slow pace mountain climbers x 30
* 10kg plate side crunches x 15 per side
* 45 sec plank with 10kg plate on back

***Injury side-note:*** I’ve also been seeing a physiotherapist and exercise physiologist to correct some facet joint dysfunction in my upper thoracic spine, so I do a LOT of upper body exercises, mainly on pin-loaded/cable machines. I add the following to the end of my Pull days as additional rehab:

* D grip lat pulldown 3x12
* D grip cable row 3x12
* Single arm lat pulldown & pushdown 3x12 per side for each exercise
* DB full cubans 3x8

\***Diet**:\* My diet has also vastly improved (however I do indulge occasionally, because why not). My main dietary goals are protein and fibre. I aim for 100-110g of protein a day, as I'm not looking for huge muscle growth, and not tracking carbs/fats. As an example, my diet this week has looked like this:

* Breakfast: Shake. 250mL skim milk, 1/3 cup greek yoghurt, 1/2 cup blueberries, 50g banana, 2 tsp cocoa powder. Optional: 1 tbsp peanut butter
* Lunch/Dinner: alternate between the following:
   * Spaghetti bolognese. 100g Extra lean beef mince, (not weighed as cooked in bulk) --> brown lentils, carrot, mushrooms, high fibre pasta
   * Moroccan chicken & rice. 100g chicken breast, 50g brown rice, 30g brown lentils, grated carrot
* Snacks: 100g carrot w/ 60g cottage cheese, apple, vita-weets
* I may have half a tub of Halo Top for dessert if I'm feeling cheeky, and if I felt tanked after my workout on the day

Thankfully I don’t get bored eating the same meals, I vary it week to week but helps with sticking to protein and fibre goals.

Calorie-wise this is not a lot (around \~1700 according to MyFitnessPal) because I'm trying to cut, but I always feel full and never hungry after eating all the above, probably because I'm eating complete sources of protein and complex carbs.

I no longer depend on protein powder. The only supplement I take is creatine (3-5g a day) in about 150mL of pomegranate juice prior to training, and drink water with sugar-free cordial and 1 tsp of iodised salt. For anyone curious, a PT friend of mine told me to pomegranate juice as an alternative to pre-workout, as it helps in some way because of its high antioxidant activity and effects on NO levels during exercise and improving recovery. There are a few published scientific articles out there that have tested it with promising results! This is the only one I could find online that you could actually read the entirety of:

1. [Pomegranate Supplementation Accelerates Recovery of Muscle Damage and Soreness and Inflammatory Markers after a Weightlifting Training Session](https://www.ncbi.nlm.nih.gov/pmc/articles/PMC5072630/)

Thanks to any of you who actually read through this whole thing! I was super proud of my results and am continuing to work hard, and wanted to share as I had a period where I thought I wasn't going to make any progress at all and I was weak as piss. The biggest lesson I learnt was that **progress takes time.** Our journeys aren’t always simple and straight forward and perseverance makes the biggest difference. Yes, my progress was super slow, but everyone has hurdles to overcome. My big goal for the year is to smash the NSW Firefighter Recruitment Physical Aptitude Test in November. Hopefully at this rate I'll do it easily (come at me 40kg OH press)!

If anyone has any questions for me please let me know :)",2291,2019-05-02 12:20:02,258,https://www.reddit.com/r/Fitness/comments/bjuac3/25_f_15_years_progress_from_paying_for_programs/
Is kinohody a good program?,"I’m thinking of following the routine and doing the warrior shredding program. I’ve heard really good things on social media about it but not sure if those results are fake like many other influences online showing fake clients and results. Has anyone on here ever tried it and what were your thoughts?

Edit: Kinobody*",4,2019-04-30 07:50:06,12,https://www.reddit.com/r/Fitness/comments/bj0non/is_kinohody_a_good_program/
Experience with athleanx max/SHRED,Anyone with any experience on the above program? I am coming from shortcut to size and it sucks that I'll have to give up a lot of my iron to work with this one,25,2019-04-28 19:09:30,25,https://www.reddit.com/r/Fitness/comments/bier0e/experience_with_athleanx_maxshred/
V Shred,"Can I have opinions on V-Shred's muscle building program? I'm a 19M, not making much gains at the minute, and I saw a video from him on Facebook detailing a lot of what his currently hugely discounted program does, and it all seems perfect for what I want to do. 

There's been some controversy around him but it seems that was a while ago. This discount I believe only lasts today, so if anyone could help asap that would be awesome",20,2019-04-09 20:17:58,38,https://www.reddit.com/r/Fitness/comments/bbcsp0/v_shred/
Is there a point where muscle mass begins putting an unhealthy amount of stress on your body?,"My question comes from this thread:

https://www.reddit.com/r/fatlogic/comments/bag9lf/your_weight_is_not_a_health_risk/ekbpyma


The only way I can see muscle mass being unhealthy is if you neglect other areas of your body such as legs (possible knee issues) and core (possible back issues) or if you take steroids due to the rate of muscle mass gain possibly being higher than the rate of heart strength gain.


""Weight is weight"" sounds like pseudo-science.


Edit: Thanks for the responses! I understand the BMI has it's use with the majority of the population and, yes, my statement calling it shit was unfounded and ""idiotic"". However, I will say doctors that use it as a generalizing standard for *everyone* can eat lard. ",1271,2019-04-08 12:47:54,577,https://www.reddit.com/r/Fitness/comments/batdzh/is_there_a_point_where_muscle_mass_begins_putting/
"Kai Greene shred programs, anyone done them?","I was asked about these yesterday but I'd never heard of them and that style of training isn't really my thing. 

So in order to help the person out I said I'd see what more I could dig up. I'm guessing it's some kind of split with minimal rest time as seems typical of these shred programs..

Has anyone used one of the Kai Greene shred programs?

Thoughts? Good? Bad?",2,2019-04-06 19:17:39,10,https://www.reddit.com/r/Fitness/comments/ba7uxd/kai_greene_shred_programs_anyone_done_them/
"Trainers, what do you seem to know that the rest of us don’t?","How is it that personal trainers post photos of their clients after like 4-8 weeks and show such insane progress? Like I’ve seen so many pictures of people going from normal to shredded in an incredibly short time. 

What do trainers know besides the standard progressive overload and caloric deficit approaches? Has anyone worked with a trainer who can shed real insight on this?",31,2019-04-01 06:20:19,42,https://www.reddit.com/r/Fitness/comments/b7yde9/trainers_what_do_you_seem_to_know_that_the_rest/
Stronglift 5x5 vs P90X to shred last 5% Body fat,"Hey guys,

I am a 29 year old male, 5´11"" currently 180 lbs with an estimated 20-24% body fat based on the navy body fat calculator. I have been in my weight loss journey since September of 2017 and started at 242lbs. At first I was only changing my diet to whole foods and counting macros, about 2-3 months ago I started weight training doing stronglifts 5x5 program.

I have made decent progress on the program but feel like I am ""wasting potential"" due to doing a linear progression program while at a deficit. My goal is to get to at least 15% body fat and then start to clean bulk to make some mass gains.I currently feel like I am losing weight at an extremely slow pace approximately 0.3lbs a week if any loss at all. 

My question is involving a routine swap, I have access to P90X which is a lot more cardio focused than I currently am working on. Would it be wise to swap to p90x and do it for 3 months to try to push through this last 5-8% body fat so I can start my bulk and actually be able to progress on a strength program? Or should I stick to the strength focused program and possibly take even longer to get to my bulking phase?

I am currently eating around 1800 calories a day, I don't feel comfortable dropping any lower than this and have tried to up my workouts to create the deficit needed. I am worried that if I do P90X I could lose the strength gains I have made, but at the same time I am worried that doing just the strength training is causing me to stall at my current body fat percentage while the deficit makes me unable to gain the strength needed to progress further.

Any advice is greatly appreciated as I really want to get this last bit of stubborn fat off before the summer and start working on some real mass gains. Thanks!
",1,2019-03-27 22:40:06,14,https://www.reddit.com/r/Fitness/comments/b6ax6x/stronglift_5x5_vs_p90x_to_shred_last_5_body_fat/
Which muscles last longer after stopping body building ?,"Let's say a guy clones himself, magic lol, and then start body building two different ways:

a) no steroids, no creatine, no hgh, nothing like these things. Does full correct extensions on all reps,  max 8 x 3 sets, if he reaches 3x8, he increases weight and keeps doing 3x8 until again moving to more weight and there's no minimum time limit to increasing. The goal is to build up to the highest possible weights.

b) steroids, creatine, hgh, anything and everything plus the kitchen sink, supplements to get muscle mass asap, bulk up, doesn't care about lifting bigger weight,s only care about his own muscles getting bigger.

&#x200B;

After 1 or 2 years both a) and b) stop body building at maximum intensity, like 3-4-5 days a week or whatever they were doing, and maybe do a few sets once or twice a week tops for a few minutes.

&#x200B;

Which one, a) or b) will lose strength and bulk respectively, faster ?

Will a) or b) lose more of their peak muscle mass?

Will a) or b) lose more of their peak strength ?

&#x200B;

Edit:  Is there maybe a 3rd option? c) No steroids, hgh, etc, proper flex and range but instead of doing 3 x 8 at max weight, it's a continuous number of sets of 8 reps at maximum weight until total exhaustion, for example: start at 50kg do mximum until a rep isn't finished, then remove 5kg, again max reps until one rep isn't completed, repeat all the way down to last weights on bar/smallest dumb bell.",0,2019-03-26 21:57:06,10,https://www.reddit.com/r/Fitness/comments/b5vwjk/which_muscles_last_longer_after_stopping_body/
Running and upper body strenght,"Hi ! I'm a climber but I tend to be to heavy for my sport. I would like to get back to running to get lighter as i usually do caloric deficit but I really like to eat haha. Also I deadlift for lower back and hormonal gains but loosing some leg mass would be great for my sport so it seem like a better option.

I know running is catabolic, it's perfectly fine for me, even desirable on the lower body however I absolutely need to keep my back and mostly forearm size. So my question is will running (thinking about getting back on doing 3 15/20km a week) only burn muscle which are used for it or does it change the fiber type of the body overall ? Also if it does impact the upper body would it be best to hit a workout after/before running to make the body keep the muscle or will the temporary caloric deficit make it even more catabolic ? 

I know this is a sort of small impact but I'm at a point where every % count and i need to get ultra shredded to peak so I always tend to loose some gains going in my performance phase, I would like to limit that as much as possible.

Thanks ! ",7,2019-03-24 15:46:42,3,https://www.reddit.com/r/Fitness/comments/b4xr4p/running_and_upper_body_strenght/
Expierences with a mini cut,"So I’m planning to cut (mini cut) for 2/3 weeks because I’m off on holiday next month and would like to shred off just a little bit of body fat. I was wondering what expierences people had, in terms of how much strength you lost, what was your calorie deficit and how much weight did you lose as well.

Thank you!",2,2019-03-07 00:40:39,8,https://www.reddit.com/r/Fitness/comments/ay6cj7/expierences_with_a_mini_cut/
why focus on either carbs or fat when cutting?,"the typical macro setup for cutting tells you to eat the highest effective dose of protein, lowest healthy amount of fat, and remaining calories for carbs. appart from that you stuff like keto, which i would say is more for generic fatloss, and only a niche when talking of a bodybuilding cut. but even if its a niche, and it can be discussed weither its really optimal or worth it, it is still a thing.

so on a cut you can have your main enery-source as either fat or carbs.

&#x200B;

so why does it matter if i hit my protein target and dont go over my caloric goal?

i've found that i need to focus on not eating too much fat. i love peanutbutter, and i eat a variety of stuff that contain some fat, but not alot. but it becomes alot in the end of the day, stuff like average fat meat, cheese, egg, oliv oil.

&#x200B;

its not really that hard to  stay under my daily goal of total calories, but how important is the fat-to-carb ratio really?

my goal is to get a defined sixpack that i dont have to flex to show it. im not really looking to get contest shredded, but im looking to find out if i can get my fat % fairly respectable level(>10%? idk, dont look at those numbers much, seems like a hassle to measure).

&#x200B;

this is probably common knowledge among people who are fairly knowledgable on diet and training. but i just couldnt formulate a google search that didnt just tell me ""if you eat too much fat, you get fat""... like, no shit..

&#x200B;

tl;dr is fat-to-carbs ratio important when you arent aiming for the top 1% of bodybuilding, but still want to get a fairly respectable physique?",19,2019-03-05 15:37:51,28,https://www.reddit.com/r/Fitness/comments/axmg1p/why_focus_on_either_carbs_or_fat_when_cutting/
What do you guys think of jump roping?,Some people (including [The Jump Rope Dudes](https://www.youtube.com/channel/UCmYew1VwdbpHnSFG-CQ1A-A) say jump roping will get you [shredded](https://www.jumpropedudes.com/workouts/the-benefits-of-jump-rope-training). Is it really possible or is jump roping just good for high intensity workouts and cardio?,2,2019-02-26 14:15:03,43,https://www.reddit.com/r/Fitness/comments/auzwlx/what_do_you_guys_think_of_jump_roping/
Need a feedback about the 12 Weeks To Shredded - Mike Matvei - Shredded Union,"Hi there!

Just a quick question, I'm following this guy on Instagram and I'm really impressed by his physique, does any one of you ever heard anything, positive or not, about his program?",0,2019-02-24 14:23:08,11,https://www.reddit.com/r/Fitness/comments/au8dp1/need_a_feedback_about_the_12_weeks_to_shredded/
Cutting to look as lean as possible,"      So Just a few numbers to start, M25 6’0” 160 (as I’m writing). I’ve always had a pretty good physique. Always have been able to see my abs. At my worst I could still see top abs. Last year I started to put work in to training and build some muscle the right way. I was probably 168 when I started. Finally followed somewhat of a routine and developed a decent back, shoulders, and leveled out things in the upper half of the body. But I never really took it past some hard pumps and a protein shake after. 

     Last month, I’ve become very invested in diet. I’ve finally got my macro nutrients in place but I may be taking it to the extreme... I’ve been idolizing physique competition winners and their insane ripness. So I’ve made it a goal to cut as much of the little body fat I have to get shredded. 

     My diet right now is about 1750 calories a day. A regular day of eating this last week has been 4 egg whites and 1 yoke in the first meal, 8oz chicken breast + roasted veggies + spinach for 2nd and 3rd meals, then a late night workout ending with a protein shake I do with a banana, peanut butter and milk. 

     This last week has been the most shredded I’ve ever been in my whole life. I’ve gone from 163 average to 160 when I go to bed. I’m worried I might be losing muscle mass. So to counteract my body burning muscle, I try and work out as hard as I can. 

     Also wanted to mention this is the most energy I’ve had in my whole life. I wait tables at a French restaurant and work late long hours. Usually I’ll have over 5 cups of coffee and still feel drained all night. Since starting my heavy protein but very clean diet (which I try to eat in a 10 hour window as well) I haven’t had a single cup of coffee at work. I’ll usually just have one or two when I get up in the morning and I’ll have energy the entire day. 

     Basically wondering if you guys think I should add more calories to maybe build a few more pounds of muscle but keep the diet low carb and I’ll still be able to stay shredded. Or wait out my current diet and if I drop below 155, probably start adding back in more carbs to get back to a weight I’m more comfortable at

   Hope someone reads this. Sorry for the long post! Happy fitness to everyone out there, cheers ",0,2019-02-09 08:59:33,6,https://www.reddit.com/r/Fitness/comments/aoqpcz/cutting_to_look_as_lean_as_possible/
Crash dieting?,"Currently 6'2 250 14 percent body fat. been on lgd and 200mg of test a week for about a month now. tired of the flab figured since I'm on anabolic and muscle loss shouldn't be a problem I might as well finally get shredded because I absolutely cannot stick to a long term (2 months up) cut. my TDEE is 3k cals thinking to drop my intake to 2k cals a day. 260 gram protein 100 gram fat. only gonna do cardio for the next month and that will be a fasted walk to work on yohimbine caffeine and ephedrine (low doses of all not tryna die) and back. about 7 miles total. blood work is fine cholesterol is fine. I'm healthy and want to get shredded down to like 10 percent body fat. anyone ever done this?
",0,2019-01-29 00:52:28,9,https://www.reddit.com/r/Fitness/comments/akuf6j/crash_dieting/
How to train Strongman in commercial gym?,"Hey guys! I was wondering what you would recommend for training strongman in a commercial gym, meaning bench rack, squat racks and machines and dumbbells (the typical stuff). I want to get bigger and stronger before joining an actual strongman gym. I just started running one of the programs here I can’t recall the name of it. (Bench and OHP, Squat then Sumo, OHP then Incline Bench if that program rings any bells).

I really got into it watching Martins Licis and old clips of Kaz and Sigmarsson and Magnusson. I want to be big like them. I don’t care so much about physique where I don’t care if I look big and don’t have abs but I don’t exactly want to look like some of the big belly guys of today. 

But yeah, anyways how should I go about training for this? I know it will be an uphill battle since I’m pretty short (5’8”) but I’ve already put on some good size and stuff so yeah.

Also I don’t plan on using drugs so no roids, so I know I can’t truly get as strong as them but I’m just interested to see how far a natty can get with strongman",20,2019-01-28 17:04:39,39,https://www.reddit.com/r/Fitness/comments/akpg4m/how_to_train_strongman_in_commercial_gym/
Can you still get a low body fat with sugary drinks in the diet?,"Assuming that you can control for protein & fats where you are receiving enough protein and fats along with a calorie deficit - but your carbohydrates are fueled by insulin spiking carbohydrates such as sugary drinks and other ""low quality"" carbs - Would you still be able to get shredded or reach a low body fat count.

Most people know that with bulking and cutting - protein is a must and it really comes down to calories in vs. calories out. So I was wondering how much influence do the quality of carbohydrates have on the overall process. I understand that you should avoid insulin spiking carbohydrates because it promotes fat storage but If you can control for everything else perfectly, will the insulin spikes completely stop the body from shedding fat? ",0,2019-01-28 03:47:10,13,https://www.reddit.com/r/Fitness/comments/akjiu2/can_you_still_get_a_low_body_fat_with_sugary/
Anyone have experience with T supplements?,"I’m 18, looking into taking Testosterone supplements for muscle growth. I’ve heard mixed reviews about them. Anyone have any insights or experiences ? And to be clear, I’m not asking about steroids lol.",0,2019-01-27 18:53:53,19,https://www.reddit.com/r/Fitness/comments/akeras/anyone_have_experience_with_t_supplements/
Intermediate Program Recs?,"Bout a year into lifting, been doing my own thing the whole time basically. Put in hundreds of hours of research so I pretty much know what I’m doing, but I’d like to hop on some kind of intermediate program with a little more structure. Any suggestions? Been reading a lot about periodization and whatnot, seems fun. I’ve been doing PPL, each with their own intensity and volume days.

I’m 18, 5’11”, 170

Currently db pressing 80s, shoulder press 70s. Weighted chin 90. Don’t do squats or deadlifts because I’ve torn my left knee to shreds playing soccer (ACL, multiple meniscus tears).

Looking for something hypertrophy based. Really want to take my chest to the next level especially.",0,2019-01-24 15:23:03,9,https://www.reddit.com/r/Fitness/comments/ajdg7h/intermediate_program_recs/
How much cardio?,"I'm 6'2"" 215, around 25% bf. I work in an office in front of computer for about 10hrs/day, 5days/wk. Im starting to do 5day split of heavy weight training from Mike Matthews Bigger, leaner, stronger book. My goal is to be summer shredded and under 10% bf by Memorial day. Im curious as to how much cardio and what kind of cardio would you recommend? Other than going to gym im not active at home either since it's winter, as I either do more work on computer or if I have time movies/videogames. I have been doing 30min 3x/wk in the mornings fasted, and then another 30min in the evening after weight training doing LISS at around a HR of 130bpm. I don't really break a sweat doing this so I'm not sure if it's actually being effective. Is there a way to know? Also am I waiting my time with this and just do HIIT? Ive seen ppl recommend 20 min of HIIT, but if I go all out in my intervals there is no way I can last 20min. What is an effective amount of HIIT to do? How do I know if my cardio is not a waste of time or effort?",2,2019-01-23 15:31:54,29,https://www.reddit.com/r/Fitness/comments/aj0tsn/how_much_cardio/
Lifting vs cardio,"I’m trying to lose my belly fat and just be skinny and toned, not shredded six pack abs or silky skinny. A nice in between. 

I’m 5’3 aiming for 130 (153 as of now) my gut hangs out. 

I heard this; cardio makes your body smaller, lifting makes you muscular (don’t remember exact wording)

So should I, as of my current weight and goal, focus on cardio or lifting or both?",1,2019-01-12 04:38:17,5,https://www.reddit.com/r/Fitness/comments/af3zml/lifting_vs_cardio/
Muscle loss on a cut between different body fat stages.,"To my understanding from all the things i have read online, while cutting,someone who goes from 25% to 20% body fat will lose less muscle mass than someone who goes from 20% to 15%, 15% to 10% etc. Is that statement true? If yes does that mean that the classic ""eat about a gram of protein per pound of bodyweight"" might be more protein than needed for somebody who is 25% bodyfat from somebody that is already fit and tries to get shredded? I am obviously not asking for someone thats never lifted weights before or done it for year. Those people can eat very little and still pack muscle while losing fat. Lets say for someone classified as ""close to intermediate"" to ""intermediate"". I hope what i am saying makes sense.",0,2019-01-09 01:02:30,12,https://www.reddit.com/r/Fitness/comments/ae1bbr/muscle_loss_on_a_cut_between_different_body_fat/
Can anyone recommend a program for me to buy?,"I am considering Athlean X or My Shredded Life Style... my goal is just to look a bit fitter (think soccer player body or something like that)...

Any suggestions are welcome!",1,2018-12-31 14:23:40,12,https://www.reddit.com/r/Fitness/comments/ab7iy3/can_anyone_recommend_a_program_for_me_to_buy/
Need help on deciding which one to do first.,"I’m currently 179.5cm tall (About 5 Ft 10) and my body fat percentage is 19.7% weighing 80kg. I want to get a shredded look with a V shape, do I go on a cut or bulk first, or just maintenance?",1,2018-12-23 09:42:48,0,https://www.reddit.com/r/Fitness/comments/a8tic0/need_help_on_deciding_which_one_to_do_first/
What did I do wrong?,"As title suggests I've gained a little weight from all the good food and 531BBB.... but more food I would say.

I need help cutting down from 172lbs properly this time around.

&#x200B;

A little background:

Last year I bulked up from 155 to 170 in a span of 5-6 months. I would say I was stronger last year as I was able to do all my current lifts at 5x5. (531 is taking its sweet sweet time....)

Anyways, I switched to a 6 day PPL as soon as Jan 1st hit and did it for roughly 3 months at a caloric deficit. I kept my weights the same but decreased the volume from 5x5 to 3x5.

Needless to say my cut worked. I went all the way down to 153lbs. Great!

Now here comes the problem. I looked exactly like what I did before my bulk... still SKINNY FAT but a little stronger. Definitely dissapointed with all my hard work and even contemplated on quitting lifting.

&#x200B;

So what did I do wrong? Should I have toughened it out and maybe cut below 150lbs to even see a shred of muscle definition? Or am I just a fool to believe people can get shredded in 90 days?

&#x200B;

5'8 172lbs

Current lifts:

Bench   195lbs  
OHP      130lbs  
Squat    260lbs  
Deadlift 315  


&#x200B;",9,2018-12-19 02:58:17,20,https://www.reddit.com/r/Fitness/comments/a7ict5/what_did_i_do_wrong/
20/M/6’1” Transformation and Progress Post,"Disclaimer- Not too comfortable with formatting, if there are any errors please feel free to let me know.

Long time reddit lurker here, I have learned so much from r/fitness and finally decided to contribute. Basically treating this post as a journal, with a goal to hold myself accountable and help myself continue to make progress, and hopefully I can help a few people out with advice from my experiences.

\_\_\_\_\_\_\_\_\_\_\_\_\_\_\_\_\_\_\_\_\_\_\_\_\_\_\_\_\_\_\_\_\_\_\_\_\_\_\_\_\_\_\_\_\_\_\_\_\_\_\_\_\_\_\_\_\_\_\_\_\_\_\_\_\_\_\_\_\_\_\_\_\_\_\_\_\_\_\_\_\_\_\_\_\_\_\_\_\_\_\_\_\_\_\_\_\_\_\_\_\_\_\_\_\_\_\_\_\_\_\_\_\_\_\_\_\_\_\_\_\_\_\_\_\_\_\_\_

**Background:**

I struggled immensely with my weight as a child and into my teenage years, was always a chubby kid and had a bad relationship with food. I was always active and played basketball and baseball throughout high school. At the age of 16 I lost 60 pounds in about 6 weeks and after some doctors visits, I found out my initial diagnosis of mononucleosis was wrong, and a trip to urgent care showed my blood sugar was at 790, and I was diagnosed with type 1 diabetes. Type 1 diabetes could not be prevented, and was not because of my unhealthy lifestyle, but was still a wakeup call to live a healthier lifestyle, and I began studying and reading everything I could about weightlifting.

\_\_\_\_\_\_\_\_\_\_\_\_\_\_\_\_\_\_\_\_\_\_\_\_\_\_\_\_\_\_\_\_\_\_\_\_\_\_\_\_\_\_\_\_\_\_\_\_\_\_\_\_\_\_\_\_\_\_\_\_\_\_\_\_\_\_\_\_\_\_\_\_\_\_\_\_\_\_\_\_\_\_\_\_\_\_\_\_\_\_\_\_\_\_\_\_\_\_\_\_\_\_\_\_\_\_\_\_\_\_\_\_\_\_\_\_\_\_\_\_\_\_\_\_\_\_\_\_

**Progress:**

Enough of the boring stuff, here’s the goods.

[https://imgur.com/a/RlK1LZJ](https://imgur.com/a/RlK1LZJ) \- think this was about 6th grade, no clue about my weight or height.

(before) [https://imgur.com/a/AG56w8X](https://imgur.com/a/AG56w8X) \- January 2017, freshman year of college first started getting into lifting. \~210lbs

[https://imgur.com/a/qnhqo4E](https://imgur.com/a/qnhqo4E) \- October 2018

(after) [https://imgur.com/a/sIWdrK2](https://imgur.com/a/sIWdrK2) \- Most recent, taken in the morning weighed in at 198lbs. Flexed and then unflexed.

https://imgur.com/a/E1RKNNu Leg pics, added from request. Think these are from about beginning of November

I haven’t been consistent about tracking my 1RM, but here are my most recent maxes.

Squat - 285

Bench - 205

Deadlift - 325

\_\_\_\_\_\_\_\_\_\_\_\_\_\_\_\_\_\_\_\_\_\_\_\_\_\_\_\_\_\_\_\_\_\_\_\_\_\_\_\_\_\_\_\_\_\_\_\_\_\_\_\_\_\_\_\_\_\_\_\_\_\_\_\_\_\_\_\_\_\_\_\_\_\_\_\_\_\_\_\_\_\_\_\_\_\_\_\_\_\_\_\_\_\_\_\_\_\_\_\_\_\_\_\_\_\_\_\_\_\_\_\_\_\_\_\_\_\_\_\_\_\_\_\_\_\_\_\_

**Program:**

I was indecisive about which program to run when I first started lifting, hopped around from program to program and was so afraid I wasn’t doing the best workouts. Finally realized it didn’t make that big of a difference and chose the program I liked the most. Ran nSuns for a while with great results, then Jim Wendler’s 5/3/1 with great results also, and now currently running a PPL from the sidebar and loving it.

[https://docs.google.com/spreadsheets/d/1ILxFB9pzcu5AbmnNGt8fcyi7ZQPQ4geobkxVgqeQJLQ/edit?usp=sharing](https://docs.google.com/spreadsheets/d/1ILxFB9pzcu5AbmnNGt8fcyi7ZQPQ4geobkxVgqeQJLQ/edit?usp=sharing)

Link to my program, made a few changes to fit my preferences and also put it in a spreadsheet to track my lifts easier.

\_\_\_\_\_\_\_\_\_\_\_\_\_\_\_\_\_\_\_\_\_\_\_\_\_\_\_\_\_\_\_\_\_\_\_\_\_\_\_\_\_\_\_\_\_\_\_\_\_\_\_\_\_\_\_\_\_\_\_\_\_\_\_\_\_\_\_\_\_\_\_\_\_\_\_\_\_\_\_\_\_\_\_\_\_\_\_\_\_\_\_\_\_\_\_\_\_\_\_\_\_\_\_\_\_\_\_\_\_\_\_\_\_\_\_\_\_\_\_\_\_\_\_\_\_\_\_\_

**Diet:**

My relationship with food has always been awful, no way to sugarcoat it. I definitely struggle with some body dysmorphia, even now that I know I am in shape I still see myself as the fat little brother that I grew up as. When I first started trying to get into shape I was starving myself, constantly in a caloric deficit, and struggled with bulimia for a short period, all of which I contribute to my lack of beginner gains when I started lifting.

Since then, I have gotten my diet in check, started tracking my calories with LoseIt (not as good as MyFitnessPal, but I like the layout better) and the results have shown. I started my first actual bulk around 3 weeks ago, eating 3200 calories a day and shooting for 160-200g of protein. As a college student I have to be pretty flexible with my meals and my diet isn’t always the best, but on a perfect day my meals look pretty close to this:

**Breakfast:** 4 eggs, ¼ cup shredded cheese, 4 ounces ground turkey, on 2 soft tortillas, bagel w/ butter

\~1185 calories, 53g fat, 109g carbs, 67g protein.

**Lunch:** 2 baked potatoes, ¼ cup shredded cheese

\~700 calories, 10g fat, 125g carbs, 20g protein

**Snack:** 2 cups of cereal (cocoa pebbles, CTC, Reese Puffs), 1 cup almond milk

\~380 calories, 5g fat, 74g carbs, 3g protein

**Dinner:** 8 ounces chicken breast, 2 cups of rice

\~750 calories, 13g fat, 72g carbs, 78g protein

**Shake:** (usually post workout, add protein powder if I’m under my protein goal, or more fruits if I need more carbs) 1 packet of oatmeal, 50g peanut butter, 1 banana, 1 cup almond milk

\~600 calories, 30g fat, 82g carbs, 17g protein

According to my app, this comes out to 3200 calories,106g fat, 182g protein, 390g carbs. I try to be as precise as possible but don’t track certain toppings. So I’m assuming I eat an extra 300-400 calories a day.

\_\_\_\_\_\_\_\_\_\_\_\_\_\_\_\_\_\_\_\_\_\_\_\_\_\_\_\_\_\_\_\_\_\_\_\_\_\_\_\_\_\_\_\_\_\_\_\_\_\_\_\_\_\_\_\_\_\_\_\_\_\_\_\_\_\_\_\_\_\_\_\_\_\_\_\_\_\_\_\_\_\_\_\_\_\_\_\_\_\_\_\_\_\_\_\_\_\_\_\_\_\_\_\_\_\_\_\_\_\_\_\_\_\_\_\_\_\_\_\_\_\_\_\_\_\_\_\_

**Supplements:**

Like any beginner, I was obsessed with supplements when I started lifting. As I gained more experience I learned how little of a difference these make and how they are a waste of money.

I currently take 5g creatine daily along with a multivitamin. I love pre-workout and have tried many different kinds, so far my favorites have been NOXplode and C4. Only other supplement I have tried has been BCAA’s, I got a 30 serving sample and used about half of it and didn’t notice any difference.

\_\_\_\_\_\_\_\_\_\_\_\_\_\_\_\_\_\_\_\_\_\_\_\_\_\_\_\_\_\_\_\_\_\_\_\_\_\_\_\_\_\_\_\_\_\_\_\_\_\_\_\_\_\_\_\_\_\_\_\_\_\_\_\_\_\_\_\_\_\_\_\_\_\_\_\_\_\_\_\_\_\_\_\_\_\_\_\_\_\_\_\_\_\_\_\_\_\_\_\_\_\_\_\_\_\_\_\_\_\_\_\_\_\_\_\_\_\_\_\_\_\_\_\_\_\_\_\_

**Advice:**

* YouTube is your best friend, I spend so much time watching informational videos. Be wary of the misinformation out there, and make sure to double check any facts and use common sense. My favorite content creators I have found are Athlean-x, Alan Thrall, Jeff Nippard, and Buff Dudes.
* Track your calories, it’s amazing how much you realize you’re overeating or undereating once you start tracking.
* Sleep at least 7 hours a day, I was sleeping 4-5 hours a night and it was killing my gains and I had no energy to lift.
* Pick a routine from the sidebar, it’s better than the one you made up yourself, trust me.
* Nobody at the gym cares about what you’re doing. Everyone is there to better themselves, make sure you’re using proper form and rerack your weights and you won’t have issues.
* Stretch! I would always do a half assed warmup, once I found a good routine I feel so much more mobile and am not as sore afterwards. [https://www.youtube.com/watch?v=s9Tcj0YK5zM](https://www.youtube.com/watch?v=s9Tcj0YK5zM) has been my go-to routine.
* Check your ego at the door, nobody cares if you can bench 50 pounds more than them if your form is awful. Tone down the weight a little and focus on form.

\_\_\_\_\_\_\_\_\_\_\_\_\_\_\_\_\_\_\_\_\_\_\_\_\_\_\_\_\_\_\_\_\_\_\_\_\_\_\_\_\_\_\_\_\_\_\_\_\_\_\_\_\_\_\_\_\_\_\_\_\_\_\_\_\_\_\_\_\_\_\_\_\_\_\_\_\_\_\_\_\_\_\_\_\_\_\_\_\_\_\_\_\_\_\_\_\_\_\_\_\_\_\_\_\_\_\_\_\_\_\_\_\_\_\_\_\_\_\_\_\_\_\_\_\_\_\_\_

**Future Plans/Goals:**

I'm a junior in college, and just finished my fall semester. I start nursing school in the spring and hope that I can continue lifting as often as I do now, although with 14 credit hours, clinicals, and a part time job, I'm sure its going to be a tough balancing act.

I have been working towards a 2 plate bench for a while, as well as a 3 plate squat and am getting close on both. Right now I don't really have a short term goal for deadlift, but its my favorite of the compound lifts so I'm sure it will continue to improve.

\_\_\_\_\_\_\_\_\_\_\_\_\_\_\_\_\_\_\_\_\_\_\_\_\_\_\_\_\_\_\_\_\_\_\_\_\_\_\_\_\_\_\_\_\_\_\_\_\_\_\_\_\_\_\_\_\_\_\_\_\_\_\_\_\_\_\_\_\_\_\_\_\_\_\_\_\_\_\_\_\_\_\_\_\_\_\_\_\_\_\_\_\_\_\_\_\_\_\_\_\_\_\_\_\_\_\_\_\_\_\_\_\_\_\_\_\_\_\_\_\_\_\_\_\_\_\_\_

If you have made it this far, thank you for reading and I hope this has helped you even in the slightest. Any advice or comments are appreciated.",1069,2018-12-15 17:45:08,122,https://www.reddit.com/r/Fitness/comments/a6h4jk/20m61_transformation_and_progress_post/
Is my thinking on bulking correct?,"Measurements: age 26/ 5'9/ BW:185lbs/ BF%11

Back in February I was 248lbs and 34% and since then have dropped down to 185lbs. I started out focused on diet and after some trial and error found a healthy ""cut"" for me. I broke through a plateau and am where I am. I have been bumped calories up to a maintenance level (judging off of a TDEE calculator) and adjust as needed and was able to lose a little more fat and gain muscle (I'm following a program currently and doing HIITx2 and LISSx3 a week). So with the holidays almost over I'm planning on starting a bulking diet and routine then in a few months cutting again for summer. My biggest concern is that I have not lost enough fat to safely enter a bulk. Like I still have a bit of that lower stomach fat that i can't seem to get rid of but I'm thinking if I add more muscle then cut again it will help that go away? My mentality coming out of my cut was that was going to get fat again. This didn't happen so this might be an irrational fear with my bulk also. 

TLDR: I'm worried that if I go into a bulk without being ""shredded"" that I will not lose the extra fat I have. Being at an already low-ish bf% Im thinking if I add on muscle via bulk then cut down again to get rid of fat that should help with the stubborn fat right?

EDIT: I have a local fitness store that has the Inbody machine which I get tested on once a month. Which is where I got the body fat% from.",1,2018-12-06 22:23:58,7,https://www.reddit.com/r/Fitness/comments/a3t47n/is_my_thinking_on_bulking_correct/
Important hormones for building muscle and tips on how to improve them,"For those of you who seem to struggle with gaining muscle and just get fat instead, or if you're one of those people who just struggle to gain any weight at all, I trust that this post can be of some help to you.

First and foremost I'll be discussing the thyroid as your thyroid is extremely important for muscle growth...

&#x200B;

# Thyroid

Thyroid hormones increase and activate satellite cells in the muscles, increase myogenic (muscle growth) factors, lower myostatin (a negative regulator of muscle growth), convert slow twitch muscle fibers to fast twitch muscle fibers, increase steroidogenesis, increase cortisol excretion from the body, increase follistatin (positive regulator of muscle growth), increase IGF-1 levels and IGF-1 availability, and also increase the metabolic rate.

So as you can tell, thyroid function and thyroid hormones are crucial for anabolism.

**Things that inhibit thyroid function** are nutritional deficiencies, inflammation, gut-irritating foods (increase inflammation, endotoxins, prolactin, estrogen and serotonin which are all thyroid antagonists), serotonin, cortisol, insufficient calories and carbs, polyunsaturated fat, overtraining, chronic stress, etc.

**Easy ways to boost thyroid function** is to lower stress by taking a break from stressful situations (e.g. going for a walk, taking time to relax etc.), boosting dopamine and GABA, avoiding gut-irritating foods, getting lots of sunlight, consuming all your vitamins and minerals.

A few diet tips for promoting thyroid function is to eat easily digestible foods, consume calcium-rich foods, consume gelatin via bone broth or supplement (glycine is highly anti-inflammatory and lowers cortisol), eat more carbs than protein, keep PUFA intake as low as possible and try to avoid empty calories (as they use up the body's nutrients to be processed but don't provide the body with any nutrients of their own).

&#x200B;

# Cortisol

Cortisol is a significant negative regulator of muscle growth. It decreases thyroid function and thyroid hormone conversion, lowers IGF-1, increases myostatin and proteolysis (muscle breakdown), induces insulin resistance, inhibits steroidogenesis, increases the aromatase and inhibits muscle protein synthesis.

Cortisol is elevated when thyroid hormones are reduced as well as during inflammation, stress, etc.

Trenbolone, which is one of the most potent anabolic steroids, is a very potent inhibitor of the cortisol receptor. Actually, cortisol receptors are several fold higher in the muscle compared to androgen receptors, thus blocking the cortisol receptor or lowering cortisol levels have a very anabolic effect on the muscle.

**Things that increase cortisol** is low blood sugar, overexertion, training past fatigue and failure, long distance running, too much HIIT, low carb diet, inflammation, polyunsaturated fat, etc.

**Things you can do to keep cortisol in check** is to eat a low polyunsaturated diet (PUFAs cause inflammation and I personally found my DOMS are significantly less and my cortisol is much lower when my PUFA intake is low), eat lots of carbs, avoid long workouts, use supplements that lower cortisol, such as glycine, taurine, ornithine, PS, vit D, magnesium, etc.

# Follistatin & Myostatin

As mentioned above, myostatin reduces anabolism and increases fat mass, whereas follistatin reduces myostatin, boosts muscle growth and lowers fat mass. Fertilized eggs are a great source of follistatin; that's one reason Vince Gironda advised to eat 2 dozen raw eggs daily.

**A few things that decrease** **myostatin and increase follistatin** are creatine, caffeine, Epichatechin (found in cocoa), testosterone, vitamin D, vit A, vit E, glycine, taurine, thyroid, etc.

Endotoxins, inflammation, cortisol, etc, increase myostatin and lowers follistatin.

So the point I'm trying to make is that anything that slows the metabolism, inhibits thyroid function and increases cortisol will negatively affect muscle growth.

&#x200B;

# IGF-1

Growth hormone actually increases myostatin gene expression, but IGF-1 overrides myostatin. So you don't want elevated GH, but elevated IGF-1. However, boosting GH to increase IGF-1 isn't a good idea, in my opinion, and IGF-1 won't necessarily increase due to higher levels of GH.

IGF-1 significantly increases muscle growth as it stimulates satellite cells, increases glucose and amino transport into the muscles, lowers inflammation, etc.

IGF binding protein 3 (IGFBP-3) prolongs the circulation and biological action of IGF-1, which stimulates muscle hypertrophy. IGFBP-3 and IGF-1 are significantly elevated post workout and are observed to stimulate protein synthesis and subsequently muscle hypertrophy. In fact, IGFBP-3 has been shown to have a significant and direct effect on muscle cell growth, even without the presence of IGF-1.

We want both IGF-1 and IGFBP-3 elevated (balanced) because a low IGF-I:IGFBP-3 ratio is associated with increased waist-to-hip ratio, but a high IGF-1:IGFBP-3 ratio is associated with baldness, cancer and other diseases.

**Things that increase IGF-1 are DHEA** are vitamin D, vit A, protein, milk, calcium, magnesium, zinc, exercise, egg yolks, potassium, taurine, etc.

**Things that** **increase IGFBP-3** is magnesium, vitamin A, vit B6, zinc, copper, HIIT, etc.

**Things that** **decrease IGF-1** is inflammation, cortisol, intermittent fasting, etc.

**Things that decrease IGFBP-3** is estrogen, inflammation, overtraining (increase cortisol to testosterone ratio), endotoxins, etc.

&#x200B;

# Conclusion

So to take it all together. Thyroid function is really crucial for muscle growth. To further potentiate hypertrophy and strength gains lowering cortisol and boosting follistatin and IGF-1 would be most important. Androgens are also very important, but increasing the number of androgen receptors as well as their sensitivity is more important.",1,2018-12-02 12:41:54,0,https://www.reddit.com/r/Fitness/comments/a2cwm3/important_hormones_for_building_muscle_and_tips/
Weekly average for cut.,"So I'm on a cut now of 2200 calories at 195lbs 5 good 11.

I bulked for 2.5 months and now what to shred down to see my abs for the first time.

I started 2 weeks ago at 2400 but 4 days ago lowered to 2200. (I do PPL 6 days a week).

My weight seems to go up and down before finally going down (http://imgur.com/a/ueqnp6q)

1. Is that fluctuating normal or am I eating too much?

2. To help keep me sane I've added up my daily weigh ins and divided them by 7.

Week 1 was a 192lb average and Week 2 was 191.

Would that mean despite it being up and down I lost 3lbs one week and 1 the next? I'm very bad a maths.

Thanks in advance just want to see and by the time I'm 30!",16,2018-11-26 08:13:13,23,https://www.reddit.com/r/Fitness/comments/a0hiyv/weekly_average_for_cut/
Big Man looking for some advice on more than just weight loss.,"Stats: M/27/6’3(ish)/202/Large Frame

So I’ve been on a pretty serious cut for almost a year. I’ve gone from 258-202, and I’m hoping to finish around 190. Got tired of being fat and decided to do something about it.

My weight loss has been from CICO and Lifting, for the most part. My part time job is pretty active, and I do light cardio when my schedule allows.

I lift M-F, doing Chest and Tris > Shoulders and Tris > Back and Bis > Back and Traps > Legs and Abs. I also do 3 sets of 2 minute planks M-F, and do different forearm lifts on M/W/F. All lifts (between 4-6 different lifts per day) are 4 sets of 12 reps - as heavy as I can do on my own. Takes around 1-2 hours if I’m generous with breaks.

I’m currently eating at a 1000kcal deficit, but still getting stronger with most my lifts (some have plateaued). I try to make roughly 80% of my diet protein and fiber, and eat very little in the way of fats and carbs. 

I track my calories with MFP, and I’m not sure how to account for lifting calories? Should I go slightly over 1500kcal? Should I wait to worry about it until I’m done cutting and switching over to maintenance?

Also - Do you guys think 190 is too thin? Im between 6’3 and 6’4 with a large frame. I’m over 50lbs down and still have noticeable man boobs and a belly, so I’m hoping 190 will make them largely go away. I’m not expecting a shredded 6 pack and ridiculous vascularity, I just want to look fit/strong. I’ll always be big, but I don’t think I have to be fat.

Last question - if I lose between 60-70ish lbs... do you think loose skin will be a problem?

Sorry for the essay, thanks in advance for any/all info. ",1,2018-11-13 02:38:35,17,https://www.reddit.com/r/Fitness/comments/9wkzu3/big_man_looking_for_some_advice_on_more_than_just/
What's the difference between FFMI and normalized FFMI?,"Hi all! Sorry if this is a noobie question. I can't quite an answer I understand online.

I know that FFMI is something of a measurement of muscularity. I know there are people who say that FFMI is a waste and that the 'natty limit' is too simplistic/that studies conducted on the subject haven't been all that rigorous or comprehensive. That said, I'm... not sure what the difference is between FFMI and the normalized calculation. 

I'm a female who lifts and is naturally quite muscular. I apparently have a high FFMI for a woman. It measures ~18.3, normalized to ~19. (Context: Female, 5'6"", 161lbs, 29.5% bf)

But, what's the difference in those numbers/how they're calculated?

Thanks!  

",2,2018-11-12 17:48:19,3,https://www.reddit.com/r/Fitness/comments/9wg6nd/whats_the_difference_between_ffmi_and_normalized/
Discover More About The Potential Developments In Bioidentical Hormones,"By Stephen Edwards
   
   
Presently there will be a great observable decrease in physical wellbeing with enhancing age group. This includes a rise in body fat, muscle mass reduction, bone density, along with a decrease in power and useful elements like those observed in individuals with physique hormone insufficiencies as research in [bioidentical hormones Marietta GA](https://www.genesis4wellness.com/).
   
   
 For example, hormone insufficiency in adults and kids results in increased fat percentage and increased reduction in muscle tissue. Physical examinations will see primary body hormone products that display significant modifications with generation. They will be the gonadal human being bodily hormones, the primary popular adrenal steroid drugs, along with the high insulin want development element axis.
   
   
 Albeit maturing is a convoluted, multifactorial process that might never be clarified by a disengaged framework. It truly is clear a minor decrease in anabolic amounts may assume a considerable job inside the improvement of a few of the signs of maturing. It should not be stunning, therefore, that exogenous garbage supplements is normally expanding. In a few cases these enhancements demonstrated to hold an impact on old grownups.
   
   
 Hormone enhancements can have negative part impacts, all things considered. Of late, joined estrogen alongside progestin treatment demonstrate it could support bosom growth, cardiovascular framework malady, and heart stroke insurance in ladies. The average side outcomes associated with long haul use of different styles of hormone wellbeing supplements should have not been very much dissected, yet accessible research demonstrates that the potential perils may exceed the immense advantages.
   
   
 Furthermore, with a great aging populace, the expenses of exogenous health supplements could turn into prohibitive. This summarizes potential risks and advantages in hormone replacement therapy types. It is hard to tell apart among physical shifts that derive from aging by itself and the ones which can be exacerbated simply by environmental together with lifestyle elements.
   
   
 For example, the population percentage that is physically energetic displays a drop with age, and moderate exercise may influence hormone circulation. Upon exercise, other health benefits could ensure that the maintenance of best examples of anabolic individual human hormones, perhaps then an exercise program is truly a safer, cheaper substitute for therapeutic replacement remedies. Weighed against males, females encounter even more amazing within endocrine features with growing old, at menopause especially.
   
   
 Likewise, they are in a larger exposure to possible insufficient lean body mass, power, along with practical capability. Furthermore, women typically be a part of less exercise than their counterparts do, as they especially age. Fact in hand, it really is unpredicted that you might see pretty little research examining endocrine response of aged ladies to mild workout.
   
   
 It might be vital that you analyze info that occurs to end up being on the organizations among maturation, and human hormones seen in women in recognizing spaces that require solutions. Through regular aging, numerous adjustments in functions are located. Contemporary insufficient cellular mass, a reduction in the speed of degradation, adjustments in cellular material sensitivity level to human being hormones, and adjustments in endocrine views modulation systems are located.
   
   
 Thus, there are age gather particular adjustments in an assortment of hormonal amounts. Anabolic and regenerative hormonal abatement with age gathering. These kinds of decreases have just been related with decay from its musculoskeletal program, safe framework issue, regenerative breakdown, and some metabolic ailments. Androgens are discharged by the two ovaries in women subjects. Androgens have just been hypothesized to get a few capacities in females, including sex drive, vitality, bone mineral thickness, and muscle tissue. In young ladies, testosterone sums drop with age aggregate in most premenopausal ladies.
   
   

   

   

   
 About the Author:
   

   
When searching for important facts about [Bioidentical hormones Marietta GA](http://www.genesis4wellness.com) locals should take a tour of our official website. All the related details can be reviewed on this page at https://ift.tt/2OLIA7X.
   

   
   
   
 from physical exercise https://ift.tt/2OiZdY2
   
   
 via [IFTTT](https://ifttt.com/?ref=da&site=reddit)",1,2018-10-31 07:19:42,0,https://www.reddit.com/r/Fitness/comments/9swiyp/discover_more_about_the_potential_developments_in/
Popped Blisters and Shredded Skin,"So how do you guys deal with blisters and broken calluses from the barbell? I started using hookgrip for deadlifts 2 weeks ago and my hands are getting shredded up. If you have a broken skin fold on your hand, do you leave it alone and just let it fall off naturally or do you pick it off after a while?",1,2018-10-30 14:28:17,15,https://www.reddit.com/r/Fitness/comments/9soe37/popped_blisters_and_shredded_skin/
Review of Jon Andersen's Deep Water Beginner Program,"I'm awful at reddit formatting, so to see how I would want this laid out, check out my [blog post](https://mythicalstrength.blogspot.com/2018/10/deep-water-beginner-program-review.html)

Alright let's do this





**PERSONAL BACKGROUND**



* For anyone new to me, I’ve been lifting weights for 18 years and have competed in 3 powerlifting meets and a dozen strongman competitions.  After deciding against competing in strongman nationals this year, I found myself with a lot of downtime between comps and decided to give Jon Andersen’s “Deep Water” program a try.  I had first seen Jon back in IFSA, and was immensely impressed with his physique and ability, and then rediscovered him in Mark Bell’s “Power” magazine where he’d have a monthly Deep Water column written about him by his training partner Jasha Faye.  Through these columns, I got to understand/appreciate Jon’s mentality and find it resonated pretty well with my own.  It’s a focus on overcoming and pushing the body to the limits, rather than a more academic approach to training.  I ended up purchasing his $10 kindle book earlier in the year, read it, enjoyed it immensely, and always had the program on the back of my mind as something to try.  In prepping for my last competition, I had stolen bits and pieces of the program and found it pretty damn brutal, but now I was ready to just run it in full and see what would happen.

**SUMMARY OF PROGRAM**



* Out of respect for Jon, I’m not going to write out the full program here.  The book is only $10, and it is well worth it.  In addition, I’m pretty sure you can get it for free off his Instagram account, and he gives a lot of details about it on youtube as well.  You could pretty easily piece it together.  

* For a brief overview, there are 4 days of lifting and 1 day of active recovery/cardio/conditioning.  In the lifting days, you have 2 days that could be considered “bodybuilding days”, which are a back day and a chest day essentially, and 2 days that are the “Deep Water” days.  The latter days take 1 big movement and train it 10x10.  1 of those days will either be a squat or a deadlift depending on the week, and one will be a press or a push press.  You’ll use a weight that is supposed to be about 70% of your 10rm for these days.  After the 10x10, there will be some assistance work.  You train abs every lifting day with the program.


* The first 2 weeks of the program, you rest 4 minutes between sets.  The second 2 weeks, it’s 3 minutes.  The final 2 weeks, it’s 2 minutes.  I applied those rest protocols to EVERY movement in the program, not just the Deep Water days, as it seemed to make the most sense.  The weight does not change for the 10x10 work.  Trust me: you won’t want to change it.  For the bodybuilding days, I kept pushing the weight each training day.  So basically, there’s a few different approaches to progression here.



**SUMMARY OF NUTRITION**



* Jon is very much anti-carbohydrate.  If you watch his videos or read his works, this becomes clear.  He has a video called “Carbs are for the weak”, wherein he discusses how there is no such thing as an essential carbohydrate (compared to essential fats or amino acids) and compares carbs to painkillers.  It’s worth noting that, in Jon’s books and videos, he discusses how he grew up with a bad relationship with food and still has one, and this will certainly color his dialogue on the topic.  All of that being said, this nutritional approach was pretty much spot on with how I approach nutrition, so it was very easy to adopt.  I dropped what few excess carbs I had (primarily from greek yogurt) and ate some more fats to compensate (using avocados and fatty meats).  Jon provides a list of approved foods in his book and has a macro calculation if that is your thing, but also like me, Jon doesn’t count calories.  Which, again, I was a big fan of.



* Jon does say though that, if you MUST eat carbs, eat them around training, and I did employ that.  I eat fruit with my post training meals, because it has health benefits, and would usually eat something small with carbs prior to training just to get something in my stomach.



**MODIFICATIONS**



* I made a few small tweaks to the program to fit my lifestyle, but kept it almost entirely in total.  Unlike my time with 5/3/1, Jon’s program really gelled with my mindset, and I didn’t have to do anything to make it please my psyche.  I started my training weeks with the 10x10 lower body workouts on Sat, rather than on a Monday.  This was because those workouts could take 2 hours on the squat day, and I don’t have time to do that during the week. Sunday, I’d do the active recovery work, and then Monday would be my back workout.



* I used an axle for all pressing and curls, a buffalo bar for all squats, and a texas deadlift bar for the 10x10 deads and an axle for light deadlift technique work.  I did the ab work every training day, but the program would call for hyperextensions 2 days a week and planks the other 2, and I ended up just doing planks 4 days a week.  I don’t have a hyperextension (but I own a reverse hyper…go figure), and though I DO have a ghetto GHR, trying to set it up for hyperextensions sucked.  Also, since my legs would be sore a full week after the 10x10 squats, I’d be in too much agony to have the pads press up against my quads.  Fully willing to admit to being a wimp there.



* One other slight change was that I added in band pull aparts to superset the 10x10 presses/push presses.  They make my shoulder feel better.  For the active recovery work, I’d do the prowler on deadlift weeks and Stone of Steel on squat weeks.  Also, I added in 3x10 reverse hypers on the back day, because reverse hypers are awesome.



**PERSONAL EXECUTION/EXPERIENCE**

* -I followed the program about as close as I could, with the above exceptions noted.  Of note, anyone who has seen how I squat knows it is a painful mutant affair, and after doing that 10x10 on a Saturday, I would be sore until Friday.  The amount of pain I was in was very obvious.  Many co-workers would ask me what was wrong.  I wonder if someone employing a high bar style squat with a bouncy eccentric would fare better.  I did not experience nearly as much soreness with the deadlifts.



* -The squat was definitely the worst day of the program in terms of difficulty.  As soon as I’d finish the final rep of the final set, I’d start a clock in my head for 2 weeks down the line, dreading when I’d have to do it again.  During that workout, it was pretty common for me to start laying down between sets at about the 6 set mark.



* -The program’s back day is basically teaching/prepping you for the intermediate program, which has a 10x10 power clean in it.  There is no clean on the beginner program, but there are clean pulls, which I had to learn pretty quick, since I had never done them before.  This is combined with 4 weeks of bent over rows and 2 weeks of shrugs, trying to teach you strength in the forward torso position to get strong on the initial pull and then how to get power out of the traps on the final pull.  The big takeaway is, don’t modify it.  At first, I contemplated switching the bent over rows out for a t-bar row or dumbbell row, but I am glad I stuck with it.  There is a method to the madness.



* -That same method holds true to the order of the days.  You end up doing 2 pushing days in a row, which makes little sense from a “muscle resting” perspective, but makes total sense in that it keeps you from having 2 10x10 days back to back.



* -You will be in a constant state of recovery with this program.  In turn, I found that I could eat pretty much without restriction in terms of quantity, so long as I stuck with the approved foods.  A snapshot of a training day would be this



0440: Wake up, eat 2 cookies and a serving of fat free greek yogurt, 

0500-0605: Training

0630: Post training meal of 2 cups of mixed berries, 2 scoops of protein, 1 serving of non-fat greek yogurt, 2 tablespoons of PB2 peanut butter powder, 1 cup of skim milk and 2 tablespoons of raw honey

0900: 2-3 beef ribs

1200: 1 can of diced tomatoes and 3 heaping handfuls of chopped kale mixed in with 1+lb of meat

1730: Meal similar to noon

1900: 3/4 cup of full fat cottage cheese, half an avocado and 2 tablespoons of PB2



On non-training days, I’d skip the 0440 meal, and at 0630 I’d have a shake that was 3/4 cup 5% greek yogurt, 2% milk, a heavy serving of cream, 2 scoops of protein and 2 tablespoons of PB 2, along with some fatty meat (bacon or ribs).



**RESULTS AND CLOSING THOUGHTS**



* -I started the program at 192.4 lbs, and started the 6th week at 199.6lbs.  I am the leanest I’ve ever been at this bodyweight, as typically, once I start approaching 200lbs I tend to see fat accumulate, especially lovehandles.  I have slightly more lower back fat than when I started, but my midsection has remained tight.  Still in the same size pants, still on the same notch on my lifting belt.

* -I successfully went from squatting 270lbs 10x10 with 4 minutes rest between sets to 270lbs 10x10 with 2 minutes rest between sets.  If that’s hard to quantify, another fun tidbit is that I squatted 240lbs 10x10 with 2 minutes rest between sets the week before I started the program, so that’s a 30lb increase on squatting ability in 5-6 weeks.  I also went from benching 226 for 3x10 to 256 for 3x10 in 5 weeks while on the program during the chest day, while reducing the rest periods from 4 minutes to 2 minutes between sets, and still more room the grow. 

* -My chins, dips and push ups declined during my time on the program.  For the latter 2, they are at the end of the chest day, and I’m willing to call it a result of fatigue.  For the chins, it might be due to the added bodyweight and reduced rest times.

* -This program absolutely kicked my butt.  I’ve been training for 18 years, I’ve competed in a dozen strongman competitions, I’ve run 20 rep squats and Building the Monolith, and this was a whole different beast.  It’s not Building the Monolith on steroids; it’s Building the Monolith on bathsalts.  That said, it’s paced well enough that you are able to recover.  Your bodybuilder days start out light and get more intense as time goes on, serving as a break after the initial shock of the first 10x10 day.

* -On the above, you have to swallow your ego on this program, specifically when it comes to weight selection. 70% of your 10rm LOOKS really small, and when you hit set 7 of 10 it’s going to feel like the whole world coming down on you. 

* -I attribute my success on the program to my dedication to eating.  Unlike Building the Monolith, there was no pre-req for a specific amount of certain foods, so instead of suffering through a dozen eggs a day, I was allowing myself a little creativity so long as I stuck with the approved foods I’d eat until the point of discomfort frequently, and it was the right call, because I’d need the energy for recovery and to get through the training.  Also, an interesting aside, but I no longer craved/needed my weekly cheat meal with this approach.  I was eating so much damn food that I never felt like I was lacking anything.

* -PB2 is Jon Andersen approved, and as you can see, I used it frequently.  It was a quick way to add some calories and protein to meals.



**WHAT’S NEXT**



* I am sold on the Deep Water method, and want to continue it.  That said, looking at the intermediate program weights, I’m unsure of myself.  I plan to hit a middleground between the beginner and intermediate weights to help ease me in for 6 weeks and then attack it in full force after that.  If a competition creeps up, I may alter or abandon as needed to prep, but I can see this becoming my go to off season approach for the foreseeable future.












",86,2018-10-27 21:47:41,26,https://www.reddit.com/r/Fitness/comments/9ry1st/review_of_jon_andersens_deep_water_beginner/
Looking for advice on scheduling (and other questions),"I'm gonna throw all my information out here because I'm at a point in my ""fitness"" I've never been at before and I could use some advice.

I cut down from 143 lbs (64.8kg) to 132 lbs (59.8kg) in the past weeks on a crazy deficit of -800. I was trying to make weight for a BJJ tournament. When I got to my goal weight, I could see my abs for the first time ever and that motivated me to push harder. I've never gotten this far though, hence the following questions.

Do I need to do anything special with my diet when trying to get from 20-22%ish down to 18-20%ish? I am eating 135g protein minimum, 50g of fat, and 177g or less of carbs. That puts me at 1698 calories, which is still a deficit of 800 calories (I started working out more this week). I'm adding 200 calories a week to decrease my deficit from stupid to moderate.

Is there anything extra/special I should be doing in the gym? I train BJJ six times a week, go to the gym five times a week, and have an active job. Those have done me well so far, but I want to make this process as efficient as possible.

Advice for scheduling? My work schedule is nuts. I could start work anywhere from 0530 to 0930 and end anywhere from 1100 to 1600 and that doesn't include the occasional week I work night shift. Because of the constant flux of times, I end up going to BJJ at night and then the gym afterwards when in reality, I'd like to be at the gym/running in the morning and have only BJJ at night. I doubt there's a real solid solution to this but I figure I'd throw it out there to see if anyone had any ideas.

On the same note as above, any advice for sleep? I'm trying to focus really hard on recovery because that was something I neglected this past month or so. Again, because of my schedule, it's difficult though. If I were to plan as if I was at work at 0530 every morning, I'd have to be in bed by 2000 and that would leave no time for the gym after BJJ. Sure, on mornings I don't have to be into work later, I'd be set, but two early days would screw me out of workouts. Again, not sure there's a great answer here, but can't hurt to ask. (Can get deleted though!!)

Last question is just a general query of advice and tips for getting really lean. Getting down to 135 lbs was already hard enough, I imagine it's going to be a fight to get nice and shredded.

Thanks!!

Edit: I forgot a pretty important tidbit. 5' 6"" female here. ✌️",0,2018-10-25 22:54:18,4,https://www.reddit.com/r/Fitness/comments/9rf81y/looking_for_advice_on_scheduling_and_other/
Thermogenic Pre-Workouts,What is everyone's opinion on it? I'm currently using NitroSurge Shred by Jacked Factory. I have to use a scoop and a half/two scoops to even feel it. It recommends 1. So I burned through it pretty fast. Its the first preworkout I've ever used. I don't think its getting me as amped as everyone says they get off preworkouts. I checked out Define8 and Raw Synergies preworkouts online. Any suggestions? Also sites to purchase from?,0,2018-10-18 04:40:25,11,https://www.reddit.com/r/Fitness/comments/9p61b2/thermogenic_preworkouts/
Have visible abs for the first time in my life and I feel amazing (187->200->172->160->165),"## [5'10/M/165LB]

I posted [this thread](https://www.reddit.com/r/Fitness/comments/97j1y6/my_progress_so_far_21m/) back in August; at that point I had cut down to 172 from a record high of 200 pounds. I looked and felt amazing, and got a lot of positive feedback (and more valuable advice).

I was originally planning on lean bulking from 172, but took a user's advice and instead maintained for a few weeks, before going on a cut once more to lose even more fat and keep pushing the envelope. I had already achieved a personal record of leanness and aesthetics, so every pound lost beyond that felt even better as I was setting new records day by day, week by week.

Once I got to 170lb, I decided to go from a -1000 calorie deficit into running a PSMF cycle for a few weeks. PSMF, for those that don't know, stands for ""Protein-sparing modified fast"", and is a crash diet meant to be run for short periods of time. You eat very low calories, most of it being protein, and do a full-body routine 2-3 times per week to maintain. More information on this is covered in The Rapid Fat-loss Handbook, by Dr. Lyle McDonald.

I got to a PR low of 160lb (on the sixth) and then began a lean-bulk, after doing a carb refeed over the weekend. My weight is currently at 166lb, I am now planning on leanbulking for 11 more weeks and then seeing where I want to go from there. My goals are now to get strong, so I am running the classic NSuns five day routine, and also pack more muscle mass on certain parts that I feel are lagging behind, like pecs.

To elaborate, here's a list of what my diet would've been like during the PSMF.

**DIET**

**During the PSMF, this is what I ate on a typical day.**

Breakfast: A scoop of whey protein blended in with ice and freshly brewed coffee.

Lunch: Chicken breast, of varying weight. Let's say 150-200g, based off of what I pulled out of the bag that day.

Dinner: Eggs, and tilapia. The tilapia's weight varied, just as the chicken breast's weight would.

Snacks: I liked to blend ice, egg whites, and protein powder in a bullet blender, for some protein ""italian ice"". Also, single servings or cottage cheese or greek yogurt.

**When I was cutting at a -500 deficit, this was a typical day.**

Breakfast: Four eggs, 1 tbsp of peanut butter, one 40g serving of oats, 4 oz of milk/4 oz of water added to oats, and a scoop of whey as well

Lunch: 150g of skinless, boneless chicken breast. Another 40g of oatmeal, this time a more savory variety with tsp of salt added, along with a 28g serving of shredded cheese. I also added 4oz milk/4 oz water.

Dinner: My dinner was just a shake, so another scoop of whey and 8 oz of milk. An hour or two after, before bed I would eat a serving of cottage cheese or greek yogurt.

**Lean bulk diet**

Breakfast: Four eggs, 56g of dry black beans (cooked, I meal prep the beans and boil 5 servings as a time, then divide the cooked product by 5). 28g shredded cheese added to the eggs, and a serving of cottage cheese that I use to top four slices of toast w/ jam.

Lunch: I skipped lunch here, ate a 400 calorie cinnamon roll (lol).

Dinner: 205g chicken breast, 85g of peas, 145g of broccoli. 

Snack: 80g of oats, 1tbsp of peanut butter, 8 fl oz of milk, and one scoop of whey mixed together, along with a tbsp of maple syrup.

That ends up being about 2,000 calories logged into MFP, plus the 400 calorie cinnamon roll. 2,400 calories, 160g of protein. 

&#x200B;

&#x200B;

**Exercise**

During the PSMF portion of my cut, I followed a two day full body split.

Exercise, sets, reps

Squat or leg press 2-3 6-8

RDL or leg curl 1-2 6-8

Bench press or 2-3 6-8

Incline DB press Rowing or chins 2-3 6-8

Lateral raise 1-2 8-10

Biceps 1-2 8-10

Triceps 1-2 8-10

Weighted crunch 1-2 6-8

Back extension 1-2 6-8

**Pictures**

Finally, here are the pics. I'll include the albums from the previous thread for your convenience, reader.

[Starting pics, in Sept 2017. Warning: FAT](http://imgur.com/a/ftcRUfq)

[January. Warning: FATTER.](http://imgur.com/a/cQDEPud) I made the mistake of bulking when I should have cut. (January 2018)

[August 2018. Felt great. Wanted to look even better.](http://imgur.com/a/fewF2bD)

**AND NOW.**

[October 2018](https://imgur.com/a/hdjHJUg)

I took these over the course of a week. Some were taken on the morning of October 6th, when I was about 160. I liked how I looked in certain pics, but didn't like the look of others. So I waited a week, after carb loading and lean bulking, to take pics in poses like the front double biceps. So in some pics I'm 160, and in some im 165 (dat dere water weight).

Thanks for reading, fittit. <3",2711,2018-10-14 16:04:38,329,https://www.reddit.com/r/Fitness/comments/9o3uj5/have_visible_abs_for_the_first_time_in_my_life/
Has anyone followed the “Man of Steel” diet and workout routine Henry Cavill used to bulk up?,"From what I have researched and read its universally accepted that Henry Cavill used no PEDs or steroids for his role. Which is rare in Hollywood. 

Am thinking of following his diet or at least a sample of his diet for my upcoming bulk.

Has anyone followed or done something similar and seen results? I have my workout program which is similar to his. NSuns 5/3/1 was amazing during my last mini bulk and its proven. ",1,2018-10-11 18:49:56,26,https://www.reddit.com/r/Fitness/comments/9ncq9q/has_anyone_followed_the_man_of_steel_diet_and/
"1 Year to Train, Suggestions?","I've been lifting for a few years off and on and have gone through Starting Strength, Shortcut to Size, and Shortcut to Shred. Those programs are great, but I'm looking for something new to keep me interested for the better part of a year. I'll be working remote for the time period and would like to come back to my job much stronger. What would you recommend for this year long stint? One program? Multiple programs throughout the year? I will have access to an LA Fitness so I should be able to do the exercises outlined in most suggested plans.

I've never been extremely strong, so that is my primary focus. I'm at about 14% bf (6' 1"", 185lb) and would like to keep it at that level or lower.",1,2018-10-09 22:47:20,3,https://www.reddit.com/r/Fitness/comments/9mtwk1/1_year_to_train_suggestions/
"Gained 15 lbs in 3 months? Bulking too fast, should I cut?","Really just wanted some physique opinions. I’m 19, 5’ 11”, currently around 175 lbs used to be around 155-160. My lifts have gone waaaaay up and I love it, but I’m wondering if I’m not bulking too fast and should do a mini cut. I’m planning on cutting anyways December-May to try and get as shredded as possible. 

Before: https://imgur.com/a/URsmCjp

After: https://imgur.com/a/1JsqjVH

Scale says I’ve gone 16.3-18.7% bf, I don’t know how accurate that actually looks. I’m mostly just worried because I used to be really chubby and I love now that I’ve gotten slimmer, and now I want to get really toned without getting fluffy again. I also struggle a bit with eating, it used to be much worse but it’s a lot better now. ",405,2018-10-09 14:26:58,120,https://www.reddit.com/r/Fitness/comments/9mplim/gained_15_lbs_in_3_months_bulking_too_fast_should/
Training 5+ days/week as a beginner: can your body used to high volume too early?,"I started lifting last May. I started on a cut with a modified version of Jim Stoppani's Shortcut to Shred (removed all the HIIT from between sets and didn't go for the higher rep ranges), which has a 3 days gym / 1 day rest split, and now I've also been using it for a bulk since August. The program is very high on volume. 

I know beginners are usually advised that resistance training 3 days/week is enough, but I wanted to go a bit higher. I may habe overdone it. Besides the soreness (which isn't that bad), my main concern now is that I will get my body used to high volume too early, and whether that may lead to a plateau sooner. Is that a thing? Should I bring it down, and if so, how much?

I'm still a beginner, but I've got solid foundation and good form. I was now looking to move to PHAT for hypertrophy and strength (and training one day less). I wonder if that's still and overkill.

Edit: Thanks everyone for the answers!",3,2018-10-04 16:58:30,6,https://www.reddit.com/r/Fitness/comments/9ldptz/training_5_daysweek_as_a_beginner_can_your_body/
At what point are abs no longer made in the kitchen?,"Ok so we all know abs are made in the kitchen yada yada, control your diet, go on a cut, lose fat etc. But at what point, and I'm taking BF % here or even lifting benchmarks, is that no longer an option? 

Counting calories and being in a calorie deficit to lose weight is pretty basic. But getting those last few pounds off to see abs is a standard aesthetic goal. If you do absolutely no ""excercise"" and just eat in a deficit you'll lose weight but will you get that lean look or just incredibly skinny? 

Obviously you need muscle to show muscle at a low bf% so is just running or body weight fitness going to produce a that lean chiseled look everyone wants? Or are you going to have to lift hard and long to get that base and then shred the extra pounds. 

As the title stats at what point are abs no longer made in the kitchen? Interested to see people's opinion on this, even though there are a multitude of factors that could contribute to individual results.",46,2018-10-03 15:10:51,33,https://www.reddit.com/r/Fitness/comments/9l20t7/at_what_point_are_abs_no_longer_made_in_the/
Getting fit as a smoker who's been living a very sedentary life?,"Skip to the 3rd paragraph if you don't wanna be bored with the details or the TL;DR at the end if you don't wanna be bored at all.

So some background real quick, I'm 20/M and for the past 5 years I've lived a very sedentary and very unhealthy life in general. Not looking to make excuses for it, I'm the laziest piece of shit I know though some mental health issues and dropping out of high school didn't really help. Anyway my daily routine until last year consisted of basically playing video games and watching movies/TV shows at least 15/7 (man's gotta sleep too) while smoking a good 15-20 cigs a day (tobacco, don't have exact count) and although I never turned into a 350 lbs Goliath with cheeto dust fingers and pimples everywhere like you would imagine (I'm about 180cm, 75 kilos at around 19-22% BF on my estimate, basically purebred skinny fat), it's taken a huge toll on my physical health which I'm currently trying to change.

Now let me continue this post by stating that I have no intention to quit in the foreseeable future, so might as well keep the ""just quit smoking"" comments to yourself. My lifestyle back then completely shut me off from the real world and to this day I'm still trying to adapt to it (moved to China, started college, planning on getting a job sooner or later) so smoking has been, and still is, my gateway to coping. Is it ideal? Of course it fucking isn't, but first I have to sort out everything else in my life before I can focus on quitting the cancer stick.

Now that this is out of the way, I wanna get to the actual fitness part of this post. Last October I started hitting the gym on and off and even though I had 47 sessions in 6 months, my mind was never really set on it and it was half-assed and semi-pointless. I did see an upgrade on my lifts, but like every other sane person in the world I HATED doing cardio. I'd just do 10-15 minutes fast pace walking to warmup and then I'd hit the weights. From May until 3 days ago though I didn't even go to the gym and now I want to start again, but this time I want to do it right.
My main issue is running. I feel embarassed, I feel like a useless piece of trash whenever I try running. To give you some insight, yesterday and today I tried jogging on the treadmill. Yesterday I did 1.28 kilometers in 12 minutes. I started of fast pacing at about 6 km/h for the first 3 minutes, jogged at 7.5 km/h for another 3.5' and by then I was practically dead so I ended up walking at 4.5 to 6 km/h until the end. For comparison, my 54 year old dad ran 9.3 km in 95 minutes yesterday, about a third of it incline.

I live in a very aesthetically beautiful city with tons of green and tons of lakes and canals so I do plan on running outside instead of the treadmill which will at least make it less mundane, but before I can do that I have to be able to actually run. I will say once more that I hate cardio in any shape or form, but it's gotten to the point where I feel humiliated by myself and want to get back to being as healthy as I possibly can in my situation. I know everyone here insists that half of the job is the diet, but being a picky eater and not having access to a kitchen (I share an dorm apartment with 5 random strangers, you *really* don't want an insight in my kitchen and fridge) leaves me strictly with doing it the physical way. I did look for guides on doing beginning cardio as a smoker, but 90% of them start off with ""quit smoking"" which is as useful as I have been for the past 5 years. I'm looking for any type of advice, tips tricks & cheats that will be able to help my situation. I'm motivated enough, evident by how I've wanted to make this post for literal months but just now ""bothered"" to do it, however I really have no idea how or where to begin.

TL;DR
While writing this I realised it makes close to no sense at all so I'll try to summarize cause I'm too tired to proofread and edit this wall of text, so here goes:

* 20/M/180cm/75kg sedentary living smoker
* Want to get fit, not shredded or anything, just basic healthy lifestyle that still allows me to indulge in my vices a bit
* Can't run for shit, my 54 y.o dad would completely ruin me in endurance race
* Motivated, but lacking resources on where/how to start given my situation
* Got more free time than most people, want to utilize it at it's maximum within acceptable limits
* Can't run for SHIT.

Any advice or information is much appreciated",16,2018-09-24 15:27:51,58,https://www.reddit.com/r/Fitness/comments/9iivnz/getting_fit_as_a_smoker_whos_been_living_a_very/
Why Do So Many Think that YouTube Bodybuilder Workouts (Splits & Pump-Focused) Are Ineffective or Only Work On Steroids?,"In my second year of lifting, I did the Buff Dudes 12 week plans (there are multiple). My newbie gains were winding down and I was platueing in both strength and size. I did the Buff Dudes workouts for a year and experienced (EDIT) decent strength and size gains. They gave me my first set of stretch marks from muscle growth. 

Several years later, as a more experienced lifter, I modeled my workouts after Uzoma Obilor, who focuses heavily on strict form and ""chasing the pump."" While I saw little improvement in my strength, it did wonders for my size. I went through several bottles of Bio Oil trying to control stretch marks and bought a new set of clothes. 
I'm a natural lifter, I haven't used anything stronger than C4 pre-workout and creatine. 

I've seen several dismiss both YouTubers and it seems most dismiss both lifting approaches. The Buff Dudes 12 Week Plans are composed primarily of body part splits and Uzoma Obilor emphasizes the pump in his workouts. I've seen people say that these methods are ineffective for anyone besides beginners and those on steroids.  Why do so many believe that? ",1,2018-09-22 15:26:44,9,https://www.reddit.com/r/Fitness/comments/9i0hvj/why_do_so_many_think_that_youtube_bodybuilder/
Advice for Getting Back Into Lifting after Hospitalization.,"Hello r/fitness, 

First of all I would like to say thank you to anybody who takes their time to read this wall of text.

I am posting here to ask for your advice about how I should get back into lifting and most importantly how to deal with mental aspect of it, since after you achieve certain level of strength and body image, losing it and feeling like you are starting over can be very demotivating. Also in the beginning of my fitness journey I did not really care about all the contradicting evidence, I just picked stuff and stuck to it, now I am more confused than ever.

**Let me provide a bit of background:**

I have been lifting on and off for two years. I became very serious about lifting January 2016, started IceCream fitness 5x5, stuck to it religiously for 6 month and had pretty good results. Then I took a break for a month or two. 

Later I started 5/3/1 for Bodybuilders, had a lot of fun for three month but got bored of it and going to the gym 4 times a week was not an option at the time so I decided to switch it up. 

My best Lifts after all of this were:

Lift|Weigt                        
:--|:--                                  
Squat|150 KG x 3     
Deadlift|160 KG x 2
Benchpress|120 KG x 3
Overhead Press|65 KG x 5    


After this I took Long break from Lifting seriously and only maintained by going 2-3 times a week by doing either full-body or working on particular body part I felt like at the time. During this time I lost strength and muscle mass since my diet was not on point and alcohol happened.               

Later I started doing Kinobody's Greek God (Bonus PDF) and did it for 2 month before I got my hands on some good Pharma grade Test and decided to try it. Looking back at it, this was a mistake since I got very lazy and looked at Test a way of taking shortcut. In May of 2018 I started Test E at 500mg a week and by week 4 I almost got back to my strength level mentioned in the table. The fuck up beings when on Week 5 I got severe food poisoning and had to be hospitalized. I was not eating for the first 3 days of it, and later went on a diet for the next month. I had to come off Test and started PCT immediately. I kept lifting but honestly with the diet that I had paired with coming off steroids my strength level diminished quickly (I should mentioned that I did not look bad at all, I actually became ripped in sense and visually my body looked great). After PCT I got demotivated and basically decided ""screw it I am not starting over"", so I ate and drank whatever and whenever. But quickly saw how dangerous and detrimental that pass is to my successes and well being.

Which brings us to today.

My current lifts are:

Lift|Weigt                        
:--|:--                                  
Squat|100 KG x 4     
Deadlift|110 KG x 5
Benchpress|85 KG x 5
Overhead Press|50 KG x 5 

I have some fat around lover stomach area and slight ""love handles"". My chest and arms look fine and have visible veins, so by definition I would say I am skinny fat.

Currently sitting at 89KG at 180 cm height and around 18-19% body fat. 

**Question:** Do you think starting Buff Dudes 5x5 is a good way to get back into lifting? Most importantly I want my strength and size back. I can focus on aesthetics part of it later on. I am confused whether I should use a Split routine such as PHUL or PHAT or whether use 5x5 type routine 3xWeek is good at this level. Also please keep in mind that at some point next year I will start a cycle so I need to make sure my body is at its near max capacity by then. 


Thank you in advance. 


**Edit:** Forgot to mention, I have certain body parts that lack in strength and need attention despite the compound exercise in full body routines. Such as Neck, Traps and Forearms. If I choose to do 5x5 3xWeek, is there a merit to spending additional day in the gym to train neck, forearms and traps? 

Also diet wise I want to keep things simple. I never counted calories and always judged by eye, ate 3 big meals a day and 2 supplementary (shakes, snacks whatever) during the time of serious lifting and I want to continue in similar fashion.
",0,2018-09-17 09:40:44,3,https://www.reddit.com/r/Fitness/comments/9giw4z/advice_for_getting_back_into_lifting_after/
What about this supplement?,Many people talk to me about pregnenolone but it really has advantages if you are a 23 yo guy with no problem? I know lot of people use this coz steroids but it can have advantages for a natural guy?,0,2018-09-15 17:58:31,1,https://www.reddit.com/r/Fitness/comments/9g3i7i/what_about_this_supplement/
A question about knee and elbow wraps.,"I have been going to the gym consistently for over a year, lost about 10-15kg of fat and built some decent gains but in the last few months my weights increased exponentially. At one point I was breaking PRs every week, so I wanted to know how far could I push myself without any supports i.e(knee and elbow wraps and others).
So far I don't use anything other than a pair of gloves on my last set of deadlifts because the weight fucks up my hands.I also don't own a belt.
I think it is important to note that I am a 17 year old natty male, 173 cm, 73kg 
Current PRs;
Squats 110kg for 8 reps
Deadlifts 150kg for 8 reps
Bench  100kg for 4 reps

So my question is, are wraps necessary? If they are then why and when should I use them?
",10,2018-09-14 11:25:14,30,https://www.reddit.com/r/Fitness/comments/9fr6a0/a_question_about_knee_and_elbow_wraps/
PHAT only for juicy people?,"So I was doing some research for a good aesthetics based program and PHAT was one of the most commonly told workout routines. However, a lot of people say that you only make gains on PHAT if you are on juice and will not benefit from it as much as other routines if you are natty. Now I don't care about whether you juice or not, but would anyone who is natty that has done this program be able to attest to the fact that this is a solid program for muscle gain?",2,2018-09-08 23:04:14,3,https://www.reddit.com/r/Fitness/comments/9e8di0/phat_only_for_juicy_people/
"Training simultaneously for physique and advanced mobility, is it possible?","Is it possible to attain borderline gymnastic flexibility (so splits and bridges) while also striving towards a bodybuilder physique? Obviously not an “assisted” bodybuilder physique, but a natty look. 

I’m aware years in the trenches is the best recipe but am curious if any Redditors know of programming or training phases that help in either regard. 

I find that focusing on both and also being successful is damned hard. I can focus on one and make decent progress but it comes at the cost of the other’s (mobility vs physique) progress. 

Cheers. ",1,2018-09-08 16:42:59,12,https://www.reddit.com/r/Fitness/comments/9e5jt7/training_simultaneously_for_physique_and_advanced/
Get To Know The Amazing Benefits Earthing Is Known To Offer,"By Helen Murphy
   
   
It's a scientific fact that the planet has an electrical field. These days, utilizing it for various purposes is called [earthing](www.truepathtohealing.com/). Also sometimes referred to a grounding, it's all about tapping into the energy given off by the earth. It may not be visible to the naked eye but various scientific instruments can certainly detect its presence. Actually, so many people say that they can feel it in the form of some sort of tingling sensation each time they go barefoot. If you like to know the many benefits it offers, keep on reading.
   
   
 It lowers stress. Many of today's people, most especially those with hectic everyday lives, are experiencing all sorts of health nightmares such as heart palpitations and unrelenting headaches. According to doctors, these issues can be linked to stress, particularly the long term type. It is very important to keep high levels of stress in check in order to fend off the various physical and mental problems it's proven to cause.
   
   
 It encourages a good night's sleep. It is confirmed by health experts that it's essential to obtain 7 to 9 hours of sleep a night. Failure to do so can keep the body from rebooting and healing itself. Different health nightmares can stem from the inability to have enough regenerative sleep a night. Some examples of those are hypertension and increased blood sugar levels.
   
   
 It reduces joint inflammation. Most of the time, joint aching is brought about by inflammation. No, not the kind that happens when you have a cut or wound, but something that takes place within the body due to reasons such as prolonged exposure to environmental pollutants or an existing autoimmune disorder. Putting inflammation under control, doctors say, is essential because it can lead to an assortment of health nightmares if it's allowed to exist for a long time.
   
   
 It eases pain. Non steroidal anti inflammatory drugs are commonly prescribed to people who complain of body aches and pains. Their intake, unfortunately, can bring about so many side effects. Your health, too, can be placed in danger especially if you mistakenly take those drugs for a long time and at high doses. Your kidneys and liver, for instance, may end up diseased in the future.
   
   
 It may keep heart disease at bay. So many things can be blamed for high blood pressure. Cigarette smoking, high stress levels, a sedentary life and unhealthy food choices are some of them. It's important to keep your blood pressure low because, according to doctors, a high blood pressure is a risk factor for heart disease.
   
   
 It strengthens the immune system. Your immune system is the primary defender of your body against bacteria and viruses. Keeping it in a great shape is vital for fending off all sorts of infections. In this day and age when medical care can cost a fortune, it can be beneficial for anyone to have a really strong immune system.
   
   
 It controls both anxiety and depression. So many mental health experts say that reconnecting with the planet can drive away anxious or depressive thoughts. Actually, it is regarded as an effective drug free solution for dealing with anxiety and clinical depression.
   
   

   

   

   
 About the Author:
   

   
If you wish to become informed about [earthing](http://www.truepathtohealing.com) and the true path to healing, you should first review the information online. We have revealed all the facts on https://ift.tt/2PkbvAn.
   

   
   
   
 from physical exercise https://ift.tt/2PuTqj5
   
   
 via [IFTTT](https://ifttt.com/?ref=da&site=reddit)",1,2018-09-02 16:53:27,0,https://www.reddit.com/r/Fitness/comments/9cdjfz/get_to_know_the_amazing_benefits_earthing_is/
"I've got my macros, but what do I eat?","Hello everyone,  


20 yo male here. I'm overweight. I'd like to drop this bulge and get shredded. However, I'm completely new to this entire fitness scene (like, I started today) and still finding my way around, and I'd like your help.  


I've calculated my macros based on my age, current weight, BMR, activity level etc and they are as follows  


**Protein: 192 grams (768 cals)** *I have a feeling 192g is too much protein for a day. Is it?*  
**Fats: 45 grams (400 cals)**  
**Carbs: 208 grams (832 cals)**  


The macros are set for a 2000 calorie diet for a deficit.  


My question is, now that I know how much of what to eat, how do I know what to eat? Is there like a (free) site where I can enter my macro requirements and get recipes based on the numbers?  Or do I just eat whatever looks green and healthy and try to match the calorie and macro needs on myfitnesspal?   


I'm sorry if this is a really novice question but I'm still trying to figure out this whole thing.  


Thanks",13,2018-08-26 13:52:06,38,https://www.reddit.com/r/Fitness/comments/9afnxf/ive_got_my_macros_but_what_do_i_eat/
Alternative to Gloves,"My hands are getting shredded by my gyms trap bar and I dont really want to wear/carry gloves just for that portion of my workout.  Anyone have good alternatives?  Hopefully something that doesnt require me to carry anything *too* obnoxious around in my pockets.

(My reason for not wanting gloves is that I kind of like the callouses....but this thing is legitimately a hair away from a cheese grater.)",0,2018-08-15 21:59:43,22,https://www.reddit.com/r/Fitness/comments/97mhkj/alternative_to_gloves/
Renaissance Periodization Hypertrophy Guide - experience with advanced users,"So I've pretty much read everything there is to read on the RP page and I'm thinking about trying out a hypertrophy mesocycle as recommended. I've written a complete 10 week program. I usually run a PPL(rest) 4 day cycle and by following the tips and guidelines on the page a program has been created when I've noticed something.

The first 5 weeks are basically not even close to my usual training volumes, going from 15% do 50% of my usual push/pull/leg volume. Only at weeks 8 to 10 could i start hitting the volume I'm hitting now.

So my question is simply, has anyone with advanced experience in lifting tried something like this with the guidelines of Mike Isratael and RP, and if so, what were your experiences.

I've got quite a bit of experience with around 10 years of on/off lifting and a lifetime of sports. My FFMI is at around 22-22.5 and even though I'm probably close to my genetic natty gains limit, I'm searching for some program to get me closer to it. 

link to guide:
https://renaissanceperiodization.com/hypertrophy-training-guide-central-hub/

Edit2:
I'll just give a quick recap of the hypertrophy guide so you guys don't have to read it all. Point is the start at a minimum effective volume of a muscle group and go up to the maximum recovery volume. You do this by adding sets every week to each muscle group. So for instance, you start 10 sets for chest and each week you increase it by 2 sets till you get to let's say 24, at which point you deload, change exercises and start a new meso. Hope I saved you some time",4,2018-08-13 14:39:55,4,https://www.reddit.com/r/Fitness/comments/96yu91/renaissance_periodization_hypertrophy_guide/
Is there something I can do against a gaunt face when getting to a lower bodyfat percentage?,Or do I just have to accept the fact that a shredded look with six-pack abs comes with a skeleton face?,8,2018-08-11 10:23:58,14,https://www.reddit.com/r/Fitness/comments/96fm0g/is_there_something_i_can_do_against_a_gaunt_face/
3 month cut and first physique contest log + before/after pics,"I'm a long-time lurker, but this is my first post to r/fitness; please be gentle.

I'm a little hesitant to post my pics, as I see a lot of the other guys who post their contest pics here are a lot bigger and/or more shredded than me, but I at least hope my progress can motivate others who may view some of the other members' physiques as being unachievable to them.

&nbsp;

---




TLDR version: 

Before pics (May 2, 157lbs) [front](https://imgur.com/kqZmjk8), [back](https://imgur.com/a/H935Kab), [side](https://imgur.com/a/VwkvEXz); 

May 2 > July 22 (143 lbs, 2 weeks out) [comparison pic](https://imgur.com/a/ujO5Q9A); 

[Contest photos](https://imgur.com/a/Zypisrs). I'm no #24.

---

&nbsp;


**Background:**

Here's a little background. I'm 34 years old, 5'8"". Australian guy currently living in Osaka, Japan. I've been training since I was around 20, but never actually took my diet seriously, never counted calories/macros or anything like that until around 5 years ago.  In fact, I even managed to get up to around [205 lbs on a dreamer bulk in 2010](https://imgur.com/a/ngHcCgk). 

My summer ""cuts"" each year have usually been pretty half-assed and ended up with me sitting at around 155lbs, 12%~ BF with a semi-visible six pack thinking, that's good enough for the summer. 
This year I decided to take it a bit further.

I started this year's cut on May 1st, weighing in at 157 lbs. My waist measurements (tensed, but not sucked in) on that day were 30.9"" (2"" above navel), 31.3"" (navel) and 31.5"" (2"" below navel).
**Before pics**: [front](https://imgur.com/kqZmjk8), [back](https://imgur.com/a/H935Kab), [side](https://imgur.com/a/VwkvEXz)

The gym I train at is a pretty serious bodybuilding and powerlifting gym, and it holds its own bodybuilding and physique contest each summer. Each year the guys at the gym ask me if I'm going to compete, and I've always come up with excuses each year. This year I decided to sign up for the contest so as to give me motivation to get into really good shape.

&nbsp;

**Diet:**


My basic plan for my diet was as follows. I worked out my TDEE to be around 2,400 calories, so I aimed for a deficit of around 500 calories a day in order to hopefully lose 1lb a week. I basically followed a ""Leangains""/IIFYM-type approach: higher calories, higher carbs and lower fat on workout days; lower calories, lower carbs and higher fat on rest days. I wasn't too fussed about eating an exact number of calories each day, I just made sure that I was within 100~ calories of my target over the course of the week.

I work from home, so am pretty flexible when it comes to meals and training times. I've tried fasted lifting before, but really prefer to have a solid meal a few hours before I train. So, I wake up around 9:30 am, have my first meal around 1 pm, work out around 3 or 4pm, have my post workout meal after the gym, then have dinner around 9 pm.

I find that I naturally have a very big appetite. If I eat ""intuitively"", I generally need around 1,500 or 2,000 calories to feel ""full"". Then 2 hours later I will be hungry again. After I've had my first meal of the day, I'm usually pretty hungry a few hours later. However, if I fast during the morning, I really don't notice any hunger, especially if I get busy with work for a few hours and I forget about eating. That's the main benefit of fasting in the morning and having an 8-hour eating window for me - it basically helps me control my appetite and keeps me more satiated by allowing me to have bigger meals during my feeding window.  

As for the content of my meals, I'm not the most creative cook, but I generally have a rotation of 6-7 meals that I cook on a regular basis and am pretty good at. I've calculated all the macros in each meal, so it's easy for me to make the same things over and over again and just choose a combination of 2 meals + snack or protein shake, or 3 meals for the day depending on what macros I'm shooting for. Things like:

- Fried rice (200g) with 2 eggs and 70g beef/pork mince [668 cal, 36P, 30F, 60C]

- Oatmeal (80g) with strawberry protein powder, honey, berries and banana [584 cal, 38P, 6F, 101C]

- Salad with chicken breast (300g), chickpeas, beans, gauc, salsa, cheese, potatoes, etc. [914 cal, 94P, 19F, 75C]

- Oatmeal (80g) with protein powder, peanut butter powder and berries [581 cal, 43P, 16F, 70C]

- Chicken breast (300g), curry pilaf (150g) and vegetables [704 cal, 84P, 7F, 66C]

- Fish (Salmon if I'm having a high fat day, Pacific ocean perch if I'm having a low fat day), potatoes, chickpeas and vegetables

- Salad with chicken breast (300g), chickpeas, beans, gauc, salsa, potatoes, etc. [914 cal, 94P, 19F, 75C]

- Pizza (I hand-make the dough by myself and count the exact macros for the pizza!) [1076 cal, 60P, 29F, 144C]

- Spaghetti (130g) with beef/pork mince (130g) [936 cal, 48P, 32F, 111C]


[Here's a gallery with some examples of the meals I cooked](https://imgur.com/a/cc8DQQZ)


So, on workout days I would have 3 meals, all of which were heavy with carbs. 
On my rest days, I might have 1 meal with carbs, and then have 2 meals of meat + vegetables (with no carbs other than vegetables)

My main protein sources were chicken breast, minced beef/pork (I drain the excess fat when I cook it), salmon, Pacific ocean perch and eggs.

My main carb sources were rice, oats, potatoes, beans and chickpeas.

I had broccoli, tomato, mushrooms and asparagus basically every time I ate any meat-based meal. 
I cook all my meals with olive oil and generally get enough fats from fish and eggs. Also snack on some mixed nuts (walnuts, cashews and almonds) from time to time.

&nbsp;


**Cardio:**

I also train kickboxing as a hobby. The only things holding me back from going pro are a lack of skill and dislike of getting hit in the face. 

Throughout the course of the diet, I trained kickboxing for around 75 minutes in the mornings (fasted), usually around 3 or 4 times a week. This consists of a 10 minute warm up, 30-40 minutes of pad work and drills with a partner, then around 10 x 2 minute rounds of sparring. Based on my calculations, I think I burn around 500 calories during a 75 minute workout, but I really have no idea…

No other cardio was performed. (I despise jogging and any other cardio for the sake of cardio)

&nbsp;


**Supplements:**

You can tell from the pics that I'm obviously natty. 

Basic supplements used during the cut were Protein powder (mainly for mixing into my oatmeal), Creatine, Vitamin C and ZMA. 

I also make my own pre-workout using a scoop of Xtend, some Citrulline Malate, Beta-Alanine and a 200mg pill of caffeine.

I also tried using some Yohimbine HCL together with caffeine when I did my fasted morning kickboxing, but I didn't like the jittery/anxious feeling I got after I worked my way up to 7.5mg, so I stopped taking it after a few times.

&nbsp;


**Workouts:**

As for my workouts, I trained 2 x upper and 2 x legs/shoulders per week. I gave myself a little flexibility with the exercises, but the general workouts were as follows.

*Monday (Upper 1)*: Bench press (3x8), Cable flyes (3x10), Seated row (3x8), weighted chin ups (3x8), Barbell curls (3x10), Skullcrushers (3x10)

*Tuesday (Legs/shoulders 1)*: Squats (3x6), Leg Curl (3x10), Leg Extension (3x10), Calf raises (3x10), Barbell shoulder press (3x8), Lateral raise (3x8), Face pulls (3x8), Abs

*Wed: Rest*

*Thursday (Upper 2)*: Incline DB press (3x8), Pec deck (3x10), DB row (3x8), chin ups (3x8), Close grip bench press (3x10), DB curls (3x10)

*Friday (Legs/shoulders 1)*: Leg press (3x6), Straight leg deadlift (3x8), Bulgarian split squat (2x8), Calf raises (3x10), DB shoulder press (3x8), Lateral raise (3x8), Face pulls (3x8), Abs

*Sat/Sun*: Rest

No deadlifts? You ask?
I've torn my hamstrings a few times from kickboxing, and I tend to aggravate them or develop some kind of tendonitis when I do heavy deadlifts.

&nbsp;

**Macros and Diet progress:**


My actual weekly macros and weight loss are as follows. (The weight is my average weight for the week, measured each morning)


||Weight (lbs)|Calories|Protein|Fat|Carbs|Alcohol calories|Calories burned from cardio (est.)|
:--|--:|--:|--:|--:|--:|--:|:--|
Week 1|157.0|1842|190|47|130|340|1170|
Week 2|155.7|1888|206|49|126|250|1520|
Week 3|154.5|1923|192|50|153|600|1620|
Week 4|153.8|1759|190|44|136|100|1350|
Week 5|152.7|1844|195|41|162|140|1440|
Week 6|151.7|1828|187|50|150|0|1710|
Week 7|150.8|2094|190|54|205|0|1420|
Week 8|149.9|2450|183|67|285|0|1520|
Week 9|148.9|1908|199|46|160|240|1340|
Week 10|146.3|2020|202|50|163|350|2070|
Week 11|146.0|1950|168|60|175|0|1260|
Week 12|144.3|1677|163|41|144|0|1340|
Week 13|143.7|1729|182|50|114|360|1690|
Week 14|144.3|2378|166|61|286|0|820|

[Graph of weight loss](https://imgur.com/a/spIKhwX)

Basically it was smooth sailing most of the way. I was losing weight very consistently as I had intended. Things were going so well that I took a diet break for 12 days mid-way through the cut.

However, around week 11 of the cut I hit the wall. Until now I had maintained my strength, but now I started to lose a rep or two on my major lifts. My recovery also got worse. Usually I feel minimal DOMS the day after a workout, but at this stage I was doing squats on a Tuesday and would still be feeling DOMS on the Friday when it came time for my next leg workout. So for the last few weeks of the cut I drastically cut back on volume and incorporated more RPT-type training. I would do one maximal weight/effort set for each exercise, then one set of a lighter weight with higher reps. This allowed me to at least maintain my strength for the first set of each exercise. 

3 weeks out from the contest I started to panic a little, thinking I wouldn't be lean enough for the contest. I cut calories to around 1700 for 2 weeks to burn as much fat as possible. I basically kept carbs low all week, and did one carb-up day for those 2 weeks. On July 29th (7 days out from the contest) I recorded my lowest weight of 142.3 lbs in a carb-depleted state. My waist measurements on this day were 28"" / 28.8"" / 28.8"" - which is a loss of around 2.5 - 3"" from the start of the diet. I also measured my resting heart rate at 32 beats per minute on that day (It decreased throughout the cut with all the cardio I was doing; it was around 50 bpm at the start of the cut.)
Here's a [comparison pic from around start of the diet (May 2) to July 22 (2 weeks out, carb-depleted state)](https://imgur.com/a/ujO5Q9A).

&nbsp;


**Peak week:**

After hitting my lowest weight, I was happy at how shredded I had become. But I also think that I started to look a bit too thin - sickly and unhealthy, so I decided that I would eat at maintenance for the week leading into the contest to hopefully restore my muscle glycogen and look a bit fuller and more vascular for the contest. 

Three days before the contest I cut out Broccoli and ate more asparagus in its place for the purpose of reducing fiber and bulk in my stomach. (I was also fortunate enough to be able to take a big dump on the morning of the contest. Fun fact: Regularity of bowel movements decreases during contest prep.) 

Aside from not drinking too much water on the morning of the contest, I didn't really fuck around with water and sodium, because I read that it's generally better to maintain the status quo rather than risk making drastic changes during peak week and managing to fuck up all your good work. Also, I didn't have any coach to guide me or anything.

&nbsp;



**Contest day:**


On the morning of the contest (August 5th) my weight was 145.4 lbs (3 lbs higher than the week before). I had my breakfast of chicken, rice, tomato, celery and asparagus around 10am and headed to the contest. 

I was due on stage at 2:30pm, so I had a caffeine tablet, my pre-workout drink and a few kit-kat bars around 2:00pm and then went outside into the sunny car park and started to pump up using a resistance band. 


There were 7 competitors in the physique division. Most of us already knew each other from the gym, so everyone was very friendly back-stage - everyone sharing food and helping one another pump up.


Then they called the physique competitors and it was time for us to enter the stage. 

[Here are the photos from the contest](https://imgur.com/a/Zypisrs). I'm no #24. 

[Bonus photo](https://imgur.com/a/drTE9QU): These are the top 3 guys from the bodybuilding division - look at #20, what a beast!

I finished 3rd out of 7 competitors. The guy in the white shorts (#29) placed first and #23 placed second. One of the judges told me that I was probably the best conditioned there, but lost points because of my posing (particularly for the back pose, I wasn't showing off my rear delts properly) and because I didn't tan.

As for the tanning, this was a small contest and therefore there was nothing like any company or anything offering spray tans on site at the contest (I hear that this is common in other bigger contests). As a naturally very white guy with a family history of skin cancer, It's basically impossible for me to get a base tan. The owner of the gym told me that if I used the rub-on tan without a base tan, I would look orange, so it'd be better for me to just go on stage as is. Looking back on things, I think I will shell out for a few spray tan sessions if I choose to compete again.

I'm not sure if I'll ever compete again, but I'm at least happy I gave it a go and got into pretty good shape in the process. I was starting to develop mental issues with food during the prep, so I feel great now that I'm starting a long, slow bulk and I don't have to worry about calories so much.

Note: My [reward meal](https://imgur.com/a/mhsRhqI) after the contest was 4 slices of French toast with Nutella and peanut butter, total macros: 1506 cals, 54P, 64F, 192C.  

I'm really motivated now to slowly bulk and follow a proper progressive overload-based program in order to gain mass over the next 8-9 months. I was back in the gym the day following the contest.
I will try to eat around 2,500 or 2,600 cal to begin with this week - hopefully I can control myself and slowly bulk without bingeing too badly initially.
",578,2018-08-07 08:19:14,97,https://www.reddit.com/r/Fitness/comments/959sge/3_month_cut_and_first_physique_contest_log/
Eugen Sandow demonstrates over 40 'strongman exercises' from his books Sandow's System of Physical Training (1894) and Strength And How To Obtain It (1897),"Many of these did not have names and instead he just thoroughly described the motions and sections of the lift. Most lifts have been titled with modern nomenclature. Many movements are obsolete, don't quite represent a modern movement, or he's used modernly incorrect terms/muscles to describe them. 

https://imgur.com/a/CfyL1CS

Many exercises are self-explanatory and still implemented today. I'll highlight some interesting notes below:

- Eugene Sandow ([among other bodybuilders](https://imgur.com/a/XEKmt)) were around before steroids were invented

- Eugene loved to teach and train teenagers. In his book *Strength And How To Obtain It*, Sandow lists photos and routines of some of his students and their progress after his coaching. 

- The bench press (and by virtue, dumbbell press on a bench) was not invented and popularised until the mid 1930s, meaning any floor pressing with barbell or dumbbell was triceps-dominant. This is why the only chest exercises Sandow has are: push ups, banded push ups, and standing dumbbell flys. Regardless of Sandow's claim that he wanted to emulate statues, or the theory that big chests were perceived as feminine, it begs the questions of if they would have even been able to build a [modern chest](https://i.imgur.com/Ue07rI5.jpg) (Steve Reeves, late 1940s-early 1950s) with the limited equipment and knowledge they possessed in 1890s/1900-20s 

- Many of his depicted exercises are now or can be replicated with cable machines, such as: lateral bicep curls, standing chest flys, deltoid raises, 

- His contraptions for weighted push ups or his leg workouts included tightening mechanisms to increase the tension of the cables. 

- There are a lot of shoulder-dominant movements: front and lateral deltoid raises, shoulder presses (OHP, bent oblique press), weighted deltoid holds, weighted swings, dumbbell lunge punches, barbell raises. ",1545,2018-08-04 14:49:57,163,https://www.reddit.com/r/Fitness/comments/94jnnv/eugen_sandow_demonstrates_over_40_strongman/
Burning Weighted or just in general Ab Workout?,"Heeyy guys! :)) 
Once again a noobie such as I is asking for some  opinnions. I've once done a lot of ab work 20 mins per day for about two three months. They are really strong but not that visible! I know that you gotta have low body fat percentage to see them more but see the problem is that Im trying to build muscles in arma chest legs basically all body parts because Im really missing muscle a lot so my goal is to build it and not cut down calories since I want to gain weight/muscles. Ive never done weight ab training so I heard that doing it can pop my abs more out. to be precise im not looking for shredded physique but just to have more visible abs right they are quite flat now not really poppin out. So my ab workout looks like this: weighted sit ups, weighted russian twists, single arm dumbbell rollout when doing the plank, weighted chair leg raises and cable crunches. So any tips? Thank you very much. :)",6,2018-08-02 11:50:59,9,https://www.reddit.com/r/Fitness/comments/93yl9t/burning_weighted_or_just_in_general_ab_workout/
Has anyone tried working out once a week and got good results?,"Male, 26 here.

I've been working out regularly for over a year now, and I've got a descent (not shredded) body. I only workout at home doing P90 or HIIT.

But a couple of weeks ago I had to get a second job, and now I can barely find enough time to cook, clean, watch a TV and sleep. I had to stop working out but I really don't want to lose all my progress.

so I was thinking, is it possible to only work out once a week and still have a decent body? I don't want to be the rock or Jason Statham, I just wanna look good clothed, have a flat belly (not even a six pack) and some mass around the arms, chest and legs. Basically maintain my current body or improve a little.",21,2018-07-30 01:15:40,39,https://www.reddit.com/r/Fitness/comments/92zsd5/has_anyone_tried_working_out_once_a_week_and_got/
Getting a bit discouraged with my new lifestyle,"Hey guys, mostly been lurking in this sub for the last few months, it's been a great resource so far. 

I've always been overweight since my teenage years. At least 50 lbs. I drank at least 4 or 5 bottles of soda a day. Numerous snacks and unhealthy eating habits. I turned 30 last year in December but recently went on a trip in Arizona. While I was there I had a sudden change in my attitude towards my body and over all physical appearance. I didn't have the energy to keep up with my nieces and was constantly uncomfortable. 

I decided to start a change. The weekend that I got back, I stopped drinking soda. I stopped fast food places and signed up for a gym membership at a respectable place. 

I made the commitment of going at least 4 days a week. The same days I go to work. I started meal prepping with healthy food types and smaller portions. I started tracking my eating habits and calorie intake. 

My gym routine is pretty standard with heavy rounds of lifting three days a week with some light cardio and the other two days with heavy cardio and light lifting. 

I'm seeing results with muscle gain. My arms are looking defined and my chest is getting a bit smaller. My stomach is still a little large but my wife says it's getting smaller. 

My shoulders feel amazing and my body has a lot less soreness overall. 

I've just recently started using protein powder on my diet. I drink about two servings with 32g of protein each. 

I was talking with my co worker and he started in on my supplement choice and overall diet. 

He started telling me that I'm not actually gaining much protein from my brand choice and that if I want to be serious, I should get x brand because of the actual real ingredients. Then he got on about Howe I actually track my goals and how none of the nutrition facts are real and how I'm not going to ever see real results. Then my protein intake wasn't nearly enough. I can understand that since there is a formula but I don't feel comfortable eating that much a day. 

Then my overall diet wasn't good enough either. Too much quinoa or too many vegetables. 

Then I'm not lifting enough and that's why I'll just fail later on. 

I'm not sure what else I should be doing at this point. I was feeling great but now I'm wondering if what I'm doing is just a waste. 

I'm doubting my choice in food, supplement and routine. 

I guess i just need some help but I wouldn't even know where to start again at this point. I felt like I did my research but maybe I didn't.



EDIT: Thank you everyone for the kind words and advice. I don't normally let things like this get to me, but there's nothing worse than thinking you're making progress only to have someone shut you down.

I'll be taking a closer look at some of tools that have been mentioned so that I can make some small corrections, but overall, I don't think I'll be sharing my progress so openly next time to someone.

For some context, I've been calculating a 1700 calorie diet plan each day. My breakfast and dinners tend to be the heaviest. I usually have two servings of protein powder a day, using the Muscletech Whey, 32G. This is mixed with a cup of unsweetened almond milk and a cup of water.

For lunch, I try to keep it close to 300 calories with some sort of chicken variant.

Dinners are a bit more of a challenge since I don't want my SO to feel like she needs to accommodate all of my needs. We don't eat unhealthy by any means. It's usually a balance of protein, carbs and vegetables. Nothing excessive.

For my workouts:

I'm going five days a week. I alternate from heavy compound lifting with some isolation mixed in to heavy cardio using HIIT. Each day I have a little of both at the end to make sure I'm still consistent. I'm increasing my weights by 5-10 lbs a week with lifting.

My goal: To lose weight while also gaining strength. I just want to be in shape. I don't mind not shredding off weight every single week as long as I'm getting healthier.",62,2018-07-27 19:32:14,64,https://www.reddit.com/r/Fitness/comments/92fl6h/getting_a_bit_discouraged_with_my_new_lifestyle/
Did my calorie deficit ruin my metabolism?,"So I've recently hit a roadblock in my weight loss. I started out at 425 and Ive gotten down to 378 but it feels like it hasnt budged in 7-10 days or so.

I'm thinking my calorie deficit was too large. My tdee is around 3300 calories and on the 5 days i exercise, my fitbit is saying that Im burning ~5000 calories for the day.

I usually eat between 1500-2000 calories which is what got me down to 378 in the first place, but im worried eating so little slowed down my metabolism. I also wasnt making sure to hit my protein macro as much as I should have and only focused on calories in vs out, but i was using mostly salmon and chicken breast as my dinner foods.

I was doing a cheat meal every week as a reward but I cut that out recently as I started to actually enjoy the diet i had made for myself. I've heard of carb cycling so maybe thats what my cheat meals were helping with and since ive cut them out, its actually hurting me?

Other than that the only thing I think I changed recently was that i added 1-2 oranges or 16oz of watermelon into my diet a day, so maybe the sugars from the fruit are hurting me even though the fruit itself is really low in calories? I also started using dill pickles as a snack since they are zero calories and help wieightlifters with cramps and electrolytes, but maybe the sodium content is causing a lot of water retention?

About 10 days ago i did go into the 2nd month of the Athlean max shred program. The first month was mostly cardio with no lifting or very minimal lifting at all. Now he has us doing 2 lifts which are 3x12 to failure followed by the 25 min cardio workout. So maybe Im gaining muscle which has slowed down the weight loss?

What do you guys think?",0,2018-07-26 20:13:40,16,https://www.reddit.com/r/Fitness/comments/925qxb/did_my_calorie_deficit_ruin_my_metabolism/
How useful are fat burning supplements?,"I’ve used supplements, like: whey protein, mass gainers, creatine, etc for my bulk and they seemed to have helped tremendously, but I’ve never ventured to supplements that are suppose to help with shredding. I’ve stuck to mostly dieting for that but have hit a plateau recently.

I’ve seen thermogenics, omega capsules, things like that. Would you say those are helpful, and worth it, or gimmicky? I’ve also heard good things about green tea. 

Thanks! ",4,2018-07-25 18:48:37,26,https://www.reddit.com/r/Fitness/comments/91umia/how_useful_are_fat_burning_supplements/
What happens to your body if...,"You eat at a small deficit, low carb, high protein intake and lift heavy?

Is that an efficient way to gain muscle, mass and strength while shredding fat? There seems to be a lot of mixed results out there. Even though I'm steadily progressing, I've got a small belly and a little gullet growing under my chin from bulking but I want to keep up with THEM GAINZ BRO.

What do you recommend? ",2,2018-07-19 22:17:36,4,https://www.reddit.com/r/Fitness/comments/90ack1/what_happens_to_your_body_if/
Getting back into it. Is Keto/Tabata a good combo for this?,"Male, 193 lbs, 26.8% body fat. Looking to just shred as much of that as possible over the next 60 days. Is Keto and Tabata a good combo for this? Thanks for the help!",0,2018-07-18 12:24:03,4,https://www.reddit.com/r/Fitness/comments/8zv0y2/getting_back_into_it_is_ketotabata_a_good_combo/
Question regarding losing weight while on a muscle building program.,"So I'm currently doing the AthleanX max shred 12 week program and I'm heading into week 9. The plan was to use shred to burn fat as I'm an overweight guy. Currently 380, down from 425.

However I purchased the AthleanX max size to do as well, to give my body a jolt of a new program once max shred is done. Then once I complete max size, I'll go back to max shred to pick up the fat burning again.

I have successfully trained myself to eat at a calorie deficit compared to my TDEE, and I'm comfortable with the speed at which I'm losing weight.

My question is, should I continue to eat at a deficit to keep losing weight, when the point of the program is to put on muscle? Or would eating in a surplus to pack on muscle end up helping in the long run since more muscle=more calories burned?",5,2018-07-15 09:41:56,13,https://www.reddit.com/r/Fitness/comments/8z0mdi/question_regarding_losing_weight_while_on_a/
Challenging question to ask regarding those of you who have cut from 15-18% bodyfat down to 10-12%,"The reason for the title is because it's difficult for me to frame/phrase my question correctly.  I can only speak for myself, but it has been an annoying observation I have made over the years as I go through my bulk and cuts.  Basically, each time I feel like I reach a new bodyweight 'low' (relative to my summer shredding goal), I see a couple days in the mirror where I look great. I see new indentions, new definition, etc... Then I go through a period of time, having changed nothing different with my diet or lifting routine, where my body seems to 'settle' or just soften up.  So if I use 180lbs trying to cut down to 165lbs as an example...I might see this at 175lbs, and then 170lbs (like I am at now).  So when I hit 175 for the first time since last year, I had this visual in the mirror that was very appealing. Then I basically hovered between 173 and 175 for a while...no longer looking how I did, just 'meh'. Soft. Then I would ultimately see 170, and same thing ""holy shit I look ripped""...which has since been followed by 4 weeks of ""meh"".  I'm actually struggling to get below 169-170 right now...even after a 1 week diet break because I wanted to give my body a bump up in cals to hopefully re-kick start some fat loss. But my point is...even bouncing between 169-171 for the last 4-5 weeks..I have NEVER looked (in the mirror) how I did the first 2 days of when I actually reached 170. 

And I kind of want to know why this might be. Does the human body somehow find a way to 'settle' and re-adjust how it wants to hold fat/water, or what? 

Has anyone else experienced this or am I just a loon?",5,2018-07-15 04:22:28,9,https://www.reddit.com/r/Fitness/comments/8yz6ix/challenging_question_to_ask_regarding_those_of/
"17M 5’3” 128lbs, what can I expect to peak at in terms of being lean and muscular?","Pictures are a pain so here’s my situation RN. Been lifting for 3 yrs. I am a solid 128lbs, around 9-10% BF. My weaknesses RN are shoulders and traps, they grew for a long time, but then just kinda stopped. 

I want my shoulders to get bigger, but it’s hard to tell what’s actually feasible with all the BS fake nattys online. They don’t come past my triceps unless I flex the right way. Same with traps. Wearing a shirt it looks good, but shirt off and it looks like I’m lacking there. I want them a bit bigger, but it’s like, “Okay, can I realistically do that?” Think Jeff Cavelire for my trap situation. Ik I can’t just train those two more and magically see results. I have a good program for both BP’s. 

I’m thinking of bulking a bit. Maybe up to 140 and then back down to like 130-135. Usually when I cut I go by BF of biceps and abs. 

Last time I bulked it was I went from 115 to 126 in a matter of 5 months, but I was a bit newer so it was easier to put on lean mass since I knew what I was doing. “Noob Gains” if you will.  I’d hope for something of that level, but I’d prob cap at around 135-140 at most with abs. 

I don’t do any performance enhancing drugs. I do not plan on it. I’m not in it for the money, got no reason to start doing that. What do you guys think? Do you think my limits are pretty reasonable? Am I under/overestimating here?",0,2018-07-12 04:15:42,5,https://www.reddit.com/r/Fitness/comments/8y6knk/17m_53_128lbs_what_can_i_expect_to_peak_at_in/
Effects of recreational drug use on fitness progression,"Hello everyone, I've never seen it brought up and was just curious. I take a fair number of things (nothing steroid related) but still workout 6 times a week. I never take anything to get ""high"" prior to working out but I have to feel this isn't completely healthy both physically and mentally however my lifts are going well and so is my physique. 

Just curious about other opinions on the matter or their own personal experiences. Additionally if I'm allowed to say the things I ""abuse"" I will but otherwise I don't want to start naming stuff off.
",154,2018-07-10 14:43:23,193,https://www.reddit.com/r/Fitness/comments/8xps0d/effects_of_recreational_drug_use_on_fitness/
Looking for insight on V shred,"Sorry if this has be asked but wasn't able to find anything with the search function.

My wife had an ad pop up in FB about Vshred I just want to hear from anyone that tried it, any results, any problems, etc.

Sounds like a Carb cycle diet and HIIT circuit combined together and made into an easy to follow ""plan"".

My wife is looking for a laid out plan that she can follow to make it easy/ier.

Thanks advance.",16,2018-07-10 01:35:51,17,https://www.reddit.com/r/Fitness/comments/8xj9v2/looking_for_insight_on_v_shred/
Question about fat cells and fat reduction - cell shrinkage versus consumption,"All the scientific data seems to indicate that we don't destroy fat cells, only shrink them. But what about really shredded people? Or people who lift or run to lower their body fat percentage? Do the cells just keep shrinking or do some cells get consumed? Some clarification would be nice. Thanks.",6,2018-07-09 18:04:32,6,https://www.reddit.com/r/Fitness/comments/8xeavs/question_about_fat_cells_and_fat_reduction_cell/
Can anyone recommend Natty Instagram pages?,"I’m sick of following fake Natty bullshit. I want to see legit bodybuilders, powerlifters, etc that don’t just regurgitate the same annoying info. Please help me and thank you all ",0,2018-07-09 05:49:59,27,https://www.reddit.com/r/Fitness/comments/8x8pmx/can_anyone_recommend_natty_instagram_pages/
"Hitting another plateau, have some questions about TDEE and Protein intake","So I recently started going back to the gym. May 11th, to be exact. I turned 29 on May 9th, and decided I did not want to go into my 30's as a fat ass so I got back in the gym and have been at it ever since to try to get my weight down. So I started at 6'1"", 425, and since then have gotten down to 395, the lowest I've seen the scale hit was 392.

So, I lost the first 20 lbs super quick, and when I hit the 400-410 range I was kind of stuck at 405, and now that i've hit the 390-400 range, It feels like i'm stuck at 395. Sometimes I'm over it, sometimes i'm under it. I try to get on the scale every 2-3 days, but it's mostly just to make sure I'm keep the top number down. Do plateaus happen like this often because it's super frustrating, I just want to see that damn 389 number.

I have some other questions as well.

I did a TDEE calculator and it says I'm supposed to to take in a ridiculous amount of calories for what I would consider a diet. To get down to my 1st goal weight of 280, and to make sure I lose a healthy 1-2 lbs per week, I need to eat 3356 calories a day to hit my goal by August 19th of next year. I put in moderately activity because I am doing the Athlean-X Max Shred program which has you in the gym 5 days a week and sweating ur ass off with lots of cardio.

I also did a protein intake calculator. It's telling me to intake an insane amount of protein, I'm supposed to eat 179-323g of protein every day.

I see all these diets saying a normal daily average for a man is like 1800-2200 calories, but these crazy calculators are telling me to almost eat double that?! If i cut back to maybe 2500 calories a day, would it really hurt me that much to maybe lose and extra pound here or there?

Should I really be intaking that much protein too? I take Whey protein shakes but 1 scoop is only 24 grams, I have a shaker cup that can do 3 scoops, but that still means I have to drink 3 full 24oz(390 calories each) plus whatever actual food protein I eat. I guess that could help with my daily caloric intake as well though.

I was frustrated by the slow decline so I decided today to order a food scale and some measuring cups and looked up the calories, fat, carbs, and proteins of everything I eat regularly and their serving size, instead of trying to spot guess my intake, to try and double down and break through this. A lot of people here would probably say it's just a fat ass still eating like a fat ass, but I have really been watching. I eat lots of salmon and chicken, veggies, salads with fat free ranch, the healthiest cereal I can, protein shakes, and turkey/bologna sandwiches. For instance, today I've been up since 4:30am for work, and have only eaten a turkey sandwich and a 28oz protein shake which if I'm counting right should be 670 calories total as of right now, and I'll probably get home, eat Salmon and veggies for supper, and then go to the gym and play some volleyball/racquetball with some friends on an off day.

On the flip side though, I suppose if I lose 2lbs a week like it's telling me to, it means i'd be in the 390-400 range for about 5 weeks, and it's been roughly 2-3 since i broke the 400 mark. A little holiday 4th of july cheat meal probably didn't help either haha.

Sorry for the long post, thank ahead of time for any advice.",0,2018-07-08 20:38:53,11,https://www.reddit.com/r/Fitness/comments/8x4jx4/hitting_another_plateau_have_some_questions_about/
How long of a cut is too long?,"I've been lifting for about 7 years(4-5 years seriously) and have never done a cut to 6-8%. I've always done my cuts to around 10% bf and was happy with it. Now, I want to get that shredded look. Not exactly competition lean, but sitting and having a visible six pack lean. I used to be able to stick to my diet and get lean in a few months, but now I have a gf. So for the past 3 years, my cuts have not been very successful due to eating out with her(a lot of desserts), skipping the gym/cardio, not counting weekend macros, etc. 


I know a lot of physique/bb competitors cut anywhere from 12-20 weeks, but are consistent with diet, exercise, and cardio. With my yo-yo diet, I'm up and down in weight and feel like I'm losing mass and a little strength. So instead of taking 3-4 months to hit my goal, it takes me 6-7 months. I know being in a caloric deficit for too long will effect my metabolism and the last time I cut, I lost a lot of muscle due to a prolonged cutting cycle. The main thing is that I want to maintain as much muscle as possible. I don't care how long it takes. 

A couple questions I have..Is there an optimal length of time that I should cut for before muscle loss occurs? Should I increase protein intake and increase my caloric deficit for quicker results?
",17,2018-06-26 19:20:47,29,https://www.reddit.com/r/Fitness/comments/8u2ubi/how_long_of_a_cut_is_too_long/
OG Transformation Update - 4 Years Later,"##**TL/DR - [Before and after](https://i.imgur.com/9VZ1z6u.jpg)**

Hey reddit!

Reading other redditor's transformation posts gave me the inspiration I needed to stick with my own transformation early on. As time goes by, I often wonder what happened to those people about whom I read and whether or not they stuck with fitness. It's possible to imagine that these transformation stories are instances of short-lived motivation that simply peters out. The purpose of this post is to show you that the transformation process can be sustainable if done correctly. Since my last post, I've continued to bodybuild and began competing in powerlifting. [This was my original transformation post from four years ago.](https://www.reddit.com/r/Fitness/comments/21yvse/my_3_year_transformation_from_clinically_obese/)

---


## **Stats/Progress**

---

**Sex:** Male

**Age:** 30

**Height:** 5'10""

**2010:** [240lbs](https://i.imgur.com/8tCqN.jpg)

**2013:** [160lbs](http://i.imgur.com/CQtMdX7.png)

**2014:** [165lbs](https://imgur.com/5qPbxJR)

**2016** [170lbs](https://i.imgur.com/YuxGKQK.jpg)

**2017** [180lbs](https://i.imgur.com/kYRzwQa.png)

**2018 (now):** [175lbs](https://i.imgur.com/YxQJyL0.jpg)

[current legs](https://i.imgur.com/x2Ybouj.jpg)

---

## **Recap of the journey**
---

* In 2010, I was [extremely obese and sick of it.](https://i.imgur.com/8tCqN.jpg)
* I started dieting and doing cardio and got [very skinny](http://i.imgur.com/CQtMdX7.png).
* At some point during my weightloss, I started lifting and [put on some muscle](http://i.imgur.com/wDZdndH.jpg).
* After the weightloss, [I had a bunch of extra skin](http://i.imgur.com/mIFxjAB.png).
* I had the surgery to [remove the excess skin](http://i.imgur.com/XLGMNYs.jpg).
* I began to really enjoy the process of transforming my body and did [my first bodybuilding show in 2014](https://imgur.com/5qPbxJR).

---

## **How I did it: Training and Diet**

---


###Training

* After doing my last bodybuilding show, I was a little burnt out on the extreme dieting so I gave powerlifting a shot.
* I competed in the 83KG division at a local meet.
* I totaled 1,132 lbs. Not a great total, but it was a fun experience.
   * [Deadlifting 462lbs](https://www.youtube.com/watch?v=E5IZ4fC-EXE)
   * [Squatting 375lbs](https://www.youtube.com/watch?v=tzriS6BsaiI)
   * [Benching 295 lbs](https://www.youtube.com/watch?v=ffFY51MgMMc)
* To prepare for the meet, I utilized a training protocol known as [5/3/1 Big But Boring.](https://jimwendler.com/blogs/jimwendler-com/101077382-boring-but-big)
* I trained four days a week with the following training days:
   * Day One
      * Press – 5/3/1
      * Press – 5 sets of 10 reps
      * Lat work – 5 sets of 10 reps
   * Day Two
      * Deadlift – 5/3/1
      * Deadlift – 5 sets of 10 reps
      * Abs – 5 sets
   * Day Three
      * Bench Press – 5/3/1
      * Bench Press – 5 sets of 10 reps
      * Lat work – 5 sets of 10 reps
   * Day Four
      * Squat – 5/3/1
      * Squat – 5 sets of 10 reps
      * Abs – 5 sets

* [Here is a template to utilize the 5/3/1 protocol.](https://docs.google.com/spreadsheets/d/1eVpZVso86a4C5ZqcdQzYWGD_DpZF6wgwbeZzp9GZ21s/edit#gid=1298676863)


###Macros

* My goal for all of this is sustainability. Sure it's possible to get shredded through a juice fast, but what good is that if you just bounce back one week after you're finished dieting. This is where counting macros comes in.
* Counting macros is a sustainable way to create a flexible diet that you can stay on no matter what circumstances life throws at you.
* When I say counting macros, I mean to eat in a strategic way of fullfilling specific macronutrient goals. The types of food are not important, only the macronutrient profile of those foods matter.
* To track the macronutrient profile of the foods I ingest, I use [My Fitness Pal for iphone](https://www.myfitnesspal.com) along with a food scale when it's available. When a food scale is not available, I will approximate my intake based on prior experience with the scale.
* To learn how to count macros, I suggest watching [this video](https://www.youtube.com/watch?v=me_s_U-xzQY)
* To calculate my macros, I will do the following process:
   * To start a cut or bulk, I use [IIFYM's macro calculator](https://www.iifym.com/iifym-calculator/). This will give me a caloric goal to achieve my specified weight-loss or weight-gain objective.
   * Once I have my caloric intake goal clarified, I create a macronutrient profile for that caloric intake.
   * I determine my macro-nutrient profile by first accounting for my protein of which I try to intake at least 1 gram per lb of bodyweight. For me currently that's 175g protein.
   * Then, I calculate my fat intake of which I prefer a higher amount, sometimes as high as 40&#37; of my caloric intake. Currently that's 100 grams of fat.
   * However many calories remain will go to carbohydrates.
   * Once I have my calories and macros set, I adjust them to fit my needs. I mostly add and subtract from carbs. For cutting, I aim for a caloric deficit that will result in 1lb/week loss. For bulking, I aim for a caloric surplus that will result in a .5lb/week increase in bodyweight. To maintain, I aim for a caloric goal that will result in neither weight gain nor weight loss.
   * My current macros [for this cut](https://i.imgur.com/YxQJyL0.jpg) are as follows
      * 2,300 calories
      * 175 grams protein
      * 100 grams fat
      * 175 grams carbs

###Intermittent Fasting

* While macros alone allow some flexibility in my diet, intermittent fasting increases that flexibility to the point where a diet doesn't feel like dieting.
* With my caloric goal and macros determined through the process shown above, I fit those macros into a specified eating window.
* By fasting in the morning and only eating in a limited time-period, I can eat foods that may not seem to be ""diet friendly.""
* Throughout this most recent cut, I have been utilizing the [16:8 IF protocol](https://www.liftlearngrow.com/blog-page/what-is-intermittent-fasting).
* I fast in the morning and eat large meals when I finally break my fast.

By combining Macros and Intermittent Fasting, I can remain on a diet even when I'm eating out or at a family gathering.

---

## **Motivation and staying with it**

---


* I still get private messages from my original posts. The most common question I get is ""How do you motivate yourself?""
* Although it seems like a simple question, it's actually very difficult to answer. I don't know how I motivated myself to begin doing any of these things. However, I do know what has helped me continue doing them.
* I've distilled my process down to **2 key points.**

###1. Habit

* I currently go to the gym upon waking. Sometimes I'm not even fully awake until I'm in my car, on my way to the gym. My point with that is, I don't even think about it. It takes zero motivation because it's just my routine. I've created a habit and now it's just what I do.
* I see it like how when I was a little kid, I didn't want to brush my teeth or wash my hands. After my mom made me do these things for a while, I stopped complaining. Now, many years later, I brush my teeth and wash my hands without even thinking about it because the habit was instilled in me long ago. Fitness can be the same.
* Section off one hour of your day, every day, to go to the gym. At first it's difficult but after doing it for a while, it will become a habit and begin to be effortless. The same can be done with counting macros.

###2. Interest

* I do what's enjoyable. I can only make it so far with brute force. At some point, I have to actually like what I'm doing.
* If I had to do an hour of cardio everyday to stay fit, I wouldn't be able to do it. I hate cardio.
* I found I enjoyed training for bodybuilding so I did that for a while. Then bodybuilding training got boring to me so I switched to powerlifting. If this gets boring, I will switch to something else, like crossfit.
* The key point is to keep it interesting. Very few people possess the kind of willpower required to consistently do something that is not enjoyable.

---

I owe a great deal of gratitude to this subreddit for giving me the tools I used to transform my life. These tools are not limited to diet and exercise strategies but also the success stories that provided me the inspiration I needed early on to keep pushing for my own goals. I couldn't have done this without you all. To show my gratitude, I want to give back what I got. I hope this post can provide some inspiration and knowledge to help anyone who is in a similar place I was.

---


I'm open to answer any questions you may have about any of this. I will also reply to all DMs.

Edit: I do not use steroids. Only whey protein, preworkout, and multivitamin/fishoil.

##**TL/DR - [Before and after](https://i.imgur.com/9VZ1z6u.jpg)**",3824,2018-06-26 18:05:43,391,https://www.reddit.com/r/Fitness/comments/8u28g4/og_transformation_update_4_years_later/
End of cut preparation,"I've been cutting since April 11th, and am planning on continuing my cut until mid-October.  Are there any steps that I should take, the month prior to finishing to make ensure that I look as lean as possible? My diet is high in sodium and I eat lots of carbs, would cutting those two out a couple weeks before the end of my cut make me look more lean than if I just continued as normal? I also take creatine, and my friend is insistent that I stop taking it two weeks before the wedding or ""I'll look fat still"". He is a bit of a ketard, so should I disregard what he says and continue taking creatine throughout the whole cut?
The reason that I want to look more lean is because I have a wedding to go to, and need to look more shredded.
Thanks in advance for the responses!",1,2018-06-20 09:42:30,7,https://www.reddit.com/r/Fitness/comments/8sh064/end_of_cut_preparation/
What I don't quite get about Intermittent Fasting,"This is probably both oversimplified and erroneous, but I don't get how, if you do regular IF, then how do you get sufficient protein each day?

My understanding and assumptions are as follows: 

Say you subscribe to a 6-hour eating window each day, so 18/6 IF. 

And say you are 80kgs/176lb. Say you want .8 grams/lb protein. And say that an average body can utilise/absorb roughly 30g Protein per meal, ie., every couple/few hours.

If that's the case, the max protein that you could eat and which would also be maximally utilised, would be about 90 - but, to get the .8/lb, you need 140g.

Clearly, people use IF and don't shred muscle in so doing, so my assumptions are wrong/off ... but which ones? That the body easily absorbs more than 30g Protein per meal, so eat more if you're IF'ing? Or, you don't have to 'space out' the protein ingestion as much as 2-3 hours?",0,2018-06-18 05:40:57,12,https://www.reddit.com/r/Fitness/comments/8rx4pf/what_i_dont_quite_get_about_intermittent_fasting/
How long should it take to achieve desired bf% around 10-12% starting at ~14%?,"Hey r/fitness,

I just have a couple of questions regarding this topic. I'm currently sitting at ~14%bf having a -500 calorie deficit using CICO. 

I started my journey around 98kg and have dropped to around 75kg. So this has been an 'extended cut' for around a 10 month period. I'm now at the stage where I can possibly get shredded and reveal that infamous sixpack. I have put on some nice muscle on this journey and just want to see if it's possible to get some definition which I thought I never would in my life.

I have been monitoring my bf% with a combination of skin calipers and bf% scale. I know they are not 100% accurate but they have been consistent for progress.

I have noticed over the last couple of weeks that my %bf is slowing down (I guess to be expected..?)

My questions:

1. How should it take to achieve my goal from your experiences? I know bf% drop doesn't necessarily equate to weight loss drop.

2. How much actual weight should I still expect to lose? This is the lightest I've been and don't want to also jeopardize any muscle gain I've made too.

3. If my core is not as strong as I would like, is it worth training them more often? Can they still become defined on a calorie deficit? 

4. from my progress it seems my body likes to store fat around my thighs and abdomen. In this case should I even aim for a lower bf%?

Any additional recommendations would be helpful!
Cheers.",15,2018-06-15 05:05:58,17,https://www.reddit.com/r/Fitness/comments/8r8f8u/how_long_should_it_take_to_achieve_desired_bf/
"Shortcut to Shred workout, anyone in here have experience with the nutritional plan side?","So I'm switching from counting calories to counting macros for this workout specifically.

I went from 262\-\>168 pounds in 11 months, and been weightlifting this entire time. I'm now trying to drop to around 155 since my height is 5ft 6. I'm planning on following  [Shortcut to Shred](https://www.bodybuilding.com/fun/docs/2015/shortcut_to_shred_e-book_revised_9-9-2015.pdf) workout after doing Reddits PPL for over a year. I'm planning on following the nutritional plan to the T but I was wondering if my understanding of Macros is correct.

For Phase 1 it says:

1.5g of Protein per pound: 168 \* 1.5 = 252g

0.5g of Fats per pound: 168 \* .05 = 84g

1.5g of Carbs per pound =168 \* 1.5g = 252g.

Was planning on copying the listed meal for a day or two based on my macro needs but it is way above my Maintenance TDEE which at this weight is around 2000.

Entering everything just goes against what I believed during this healthy weightloss journey. This is basically 700 calorific surplus compared to my maintenance TDEE and I haven't even hit carb requirements!

Screenshot of Macros: [https://imgur.com/a/CCh20Ro](https://imgur.com/a/CCh20Ro)

If I was to follow this diet it seems it's more of a bulking diet, as it's 700 calories above my maintenance which would make me gain 1.4 pounds a week.

Has anyone done this routine and followed the diet?",21,2018-05-29 15:03:54,33,https://www.reddit.com/r/Fitness/comments/8mzs6y/shortcut_to_shred_workout_anyone_in_here_have/
"I'm almost 40 years old, haven't worked out in 10 years could I still put on muscle naturally?","I'm 5 foot 9 inches tall and 36 years old going on 37, I weigh 145 pounds im skinny fat and live a sedentary lifestyle.

I want to get back in shape but recently I was talking to a friend and he made me depressed, I was telling him I'm going to start working out at home and eat healthy and change my physique he laughed and told me you don't have the genetics for it, you will need to take steroids and men cannot put on muscle past 30 years old.

I don't know why he had to be so negative, and a downer but I was wondering if its possible for me to get a muscular physique not huge but fit and strong looking at my age or is it too late to do this naturally like he said.


My goal is to weigh around 160 or 165 tops no more than that but to have a physique like this
https://i.pinimg.com/originals/6e/bb/9a/6ebb9a3a188072ac28668e8275e275b6.jpg",20,2018-05-21 00:34:28,36,https://www.reddit.com/r/Fitness/comments/8kwv99/im_almost_40_years_old_havent_worked_out_in_10/
"I'm Already Big, but i want to be beefy fit, (i checked google and the wiki already)","I am already kinda bulky (6'0"" 240lbs 44"" chest 43""waist) and have a good amount of muscle (due to my on again off again relationship with the Gym) I'd like to maintain my size for the most part but lose alot of the fat (i already looked into body recomp) my questions is, would it be better to shred all the fat off first the build up from there, or just lift and trust the new muscle will burn the fat? looking for personal experience or advice as the FAQ or google dont seem to have a specific answer to my issue.",0,2018-05-20 03:48:39,10,https://www.reddit.com/r/Fitness/comments/8kqbkt/im_already_big_but_i_want_to_be_beefy_fit_i/
Calories burned on incline treadmill,"I've started doing 10-15% incline (average 12.5%, it goes up and down) for 15 minutes at 5 km/h at the start of my workout.

Could it be accurate that I burn 150 kcal at my weight of 68kg? Trying to shred some of my 'fat' for the beach.

/Appreciate all replies! /Greated",5,2018-05-18 13:32:20,18,https://www.reddit.com/r/Fitness/comments/8kd6r7/calories_burned_on_incline_treadmill/
Itching in muscles after a phat lift.,"All,

I don't know if this happens to all of you, but after a good lift (generally legs), where I'm close to my highest lifting numbers (either for 3x5, 5x5 or 1/2RM), as the soreness starts to set in, I get this weird itch that feel like it's deep within my quads/hams/calves.

It feels like it's more or less at the ""seam,"" or overlap between two muscles. It's an interesting itch, but I've found that laying on a lacrosse ball and rolling it out (basically the same function as a foam roller but on steroids) feels AMAZING and really loosens up the tight feeling in the muscle while also relieving the itch. 

Just wanted to see if anyone else feels the same sort of stuff, and I guess share my technique to solving it. Nowadays, I almost get excited for the itch, because rolling it out with a lacrosse or field hockey ball feels SO FRIGGIN GOOD. I guess it keeps me lifting heavy lol.",0,2018-05-10 18:07:14,2,https://www.reddit.com/r/Fitness/comments/8igx25/itching_in_muscles_after_a_phat_lift/
How Important Are Macros For Bulking?,"I see a lot of people swearing by macros as though you can't get as big or shredded unless you follow them exactly. How accurate is this? 

To me, it seems like another of those situations where it's probably right if you're an actual bodybuilder or athlete and are going for a truly professional physique, with <10% fat or something, but for a normal person it probably isn't as important.

I mean, people benefited plenty before macros were even properly understood. And if you look at any prison population you will see a ton of impressively built people who can't possibly be tracking macros. They basically get most of their calories from ramen noodles.

I'm currently trying to lose my last 28lbs, and afterwards I really want to bulk properly, but there's simply no way I'm going to bother with macros. I plan on eating enough protein and anything after that, as long as I'm within my caloric limit, is going to be random. Plenty of veg and carbs but not in any way tracked or monitored. Would I be wasting my time?",0,2018-05-10 14:18:30,11,https://www.reddit.com/r/Fitness/comments/8if7y4/how_important_are_macros_for_bulking/
ADF Approved FatBurners.,Hello everyone i was curious if anyone knows about any ADF(Australian Defense Force) Approved Fatburners to help me get into shape for my service. I was looking at SARMS but they are currently banned. Any help would be much appreciated.,0,2018-05-07 08:26:44,22,https://www.reddit.com/r/Fitness/comments/8hlypl/adf_approved_fatburners/
M/22/5'9 1 Year Strength Progress From (147lbs - 250/205/300) To (155lbs - 375/245/455),"EDIT: This post is specific to strength training (Getting stronger). This was not meant to be a body transformation post.

I’ll preface that this post is going to be filled with some solid information and some controversial topics (Pretty much all of it is in the rants section) that some, many, a lot? Of you may not agree with. I’m very open for conversion about those topics, so please, if you agree or disagree, start talking about it. Or if anything I've listed is incorrect or misguided, please set me straight! I love the conversation. Also, I’m terribly sorry this is so long. I just typed my thoughts at the time and somehow it turned out to be this long. But hey! On the bright side I put some headers so sections are easier to find. At least there’s that!


---
#BACKGROUND
---

I first waltzed into the gym a few months after starting college. It was my spring break actually. My friend wanted to go for a run, but fuck that, I did track and cross country throughout high school, and all and all was a very active child. I’ve had enough of that. Don’t get me wrong, I still try to keep a high level of athleticism, but not as much as I did while training for track and cross country. Anyway, I suggested we go do legs instead, because college girls love quads. Right? So we did maybe a few sets of squats and then ended up finishing the workout with a bunch of chest exercises. I think we might’ve realized girls like a bigger chest during those few sets of squats. I followed the bro’est 4 day split, ate ~4500 calories a day, and tried to sleep as much as I could for about a year. I had gone from a jacked 5’9 115lbs to an even more jacked 5’9 150lbs. No idea what my lifts were at the time as I never really cared about that. Wow, you can lift three plates for squats? That’s cool, but do you look good naked? That was still the mindset.

&nbsp;

Out of nowhere I got that tingle in my toes and that eerie feeling in my elbow, and at that point I knew I wanted to start getting stronger. I figured If I’m not going to look like I can lift three plates, I might as well lift three plates. The summer going into my Junior year I started and followed NsunsLP up until about the end of 2016. At the end of it I was ~160lbs and raised my lifts to Squat: 275x1, Bench: 205x6, Deadlift 315x4.

&nbsp;

Here’s the downfall. I ran into some whack health issues and I couldn’t stop getting sinus infections. I’d get them about once a month and it took all the energy out of me. I pretty much ceased lifting for a few months and lost a bunch of weight. Tried getting back into it but got sick as soon as I tried. Figured I’d just take the rest of the spring semester off so my health would stabilize. I decided starting May 2017 I would to try and gain as much strength as I could over the next year, no matter how my health was. Very long story short, I trained through my sinus infections each time I got them, and it was horrible. Turns out, after too many tests and too much time, I had become allergic to cats. Which was odd because I rescued my [two kittens](https://imgur.com/a/0Hq9i9m) about 5 years prior and have never had issues. Anyway, that’s less important. May 2017 is where this progress post starts. 

&nbsp;
	
I started the year at 5’9 147 lbs, lifting:
Squat: 250x1
Bench: 205x1
Deadlift: 300x1


---
#PROGRAMMING
---


When I started this year of strength training my program of choice was NsunsLP. Which can be found at /r/nsuns. I had some success with it in the past and felt familiar with it. I followed the program exactly up until the end of 2017 where I actually swapped over my my modified version of NsunsLP. I don’t know if I can even call it a variation at this point, I feel I’ve made enough incremental changes that it isn’t necessarily the same program. I feel like there are plenty of similarities, but I don’t know programming well enough to say for sure. I made an excel sheet that has all those modifications but I’m not sure if I’m allowed to post it. I guess if you want to see if then send me a DM and I’d be willing to send it to you. Be aware that I’m also not going to explain anything to you, and there will be no group support. It’s really just a training guideline for myself, not something meant to be ran 100% exactly. Not suited for beginners. Then I got tired of running that and started doing whatever felt good at the time. 10+ sets of squats, lots of deadlifts, leg press, and split squats nearly every leg day, then still did more accessory lifts. Upper body wasn’t anywhere near that much volume.

My style of training is rather reckless. I know it's not sustainable in the long run but I enjoyed doing things In my training that I probably shouldn't have. Also, I'm looking to switch to a much more long-term strength focused program starting June 2018, so if anyone has some great suggestions I would appreciate that. Preferably something that is 6-7 days a week and has a decent amount of volume. My work capacity is ridiculously high, in my opinion. Something where I can keep making optimal progress as the weights get heavier.

&nbsp;


#####Mobility:

Honestly, my mobility is atrocious in some areas. During this year of training I formed a greater degree of anterior pelvic tilt. I’ve fixed it before, but I haven’t fixed my habits that caused it. My degree is in Computer Science, so I’m sure you can imagine what kinds of habits would cause APT and shitty shoulders. I’ve only more recently started doing proper mobility, and holy doughboys has it made a drastic difference. I now do a mobility routine at least once every two days, but try to do it once, if not twice, a day. Below I’ve linked some of my mobility routines and some of my favorite mobility videos.

Fun fact: I’ve done less than 100 reps of sumo. Including warm up reps. I know I’m stronger pulling sumo but I get wicked knee pain for about a week after so I only use sumo to show off my strength. I’m nearly 100% sure it’s due to my atrocious hip mobility, more specifically my degree of anterior pelvic tilt, but if any of you might have some suggestions, shoot. 

&nbsp;

Favorite videos for mobility:

[Eric Bugenhage explaining adequate hip mobility](https://www.youtube.com/watch?v=kNM2wkhUhEA&t=)

[Basic hip mobility routine](https://www.youtube.com/watch?v=NG9qbvAN3gQ&t=)

[Limber 11](https://www.youtube.com/watch?v=FSSDLDhbacc&t=)

Less mobility but I use some of the movements for mobility purposes:
[Agile 8](https://www.t-nation.com/training/defranco-agile-8)

[Shoulder Dislocations](https://www.youtube.com/watch?v=02HdChcpyBs)

I also like a bunch of AthleanX videos on shoulder involvement and health. Won't link all those videos because there's a lot.

#####Music

This depends on how angry I want to get:

Just a chill workout? Listen to any songs I have saved in Spotify. That'll range from Cold War Kids to The Outlaws to Sia to Elton John. You get the idea, wide range of music...

[Top set? Maybe want a little more anger?](https://www.youtube.com/watch?v=stMWdI49hLk)


[Going for a PR? Want to feel like biting your knee caps off?](https://www.youtube.com/watch?v=-oVW8gcse4g)

Some honorable mentions:

- Redneck by Lamb Of God

- I Am One by Asking Alexandria

- BYOB by System of a Down

- Pretty much all Lamb Of God (I actually hate this style of music, but the gym seem like a quaint place to listen to screaming songs)


---
#DIET
---


My diet was rather consistent over this entire year, except for the summer. That was a few months of poor progress and inconsistent dieting. I’ve always had a hard time bulking. My appetite feels like that of a 12 year old. Some days I have to stuff my face to make calories. The first time I ever bulked was when I first started lifting. I was so skinny that I just wanted to gain weight, so I ate roughly 4500 calories a day, every day. I didn’t do that this time around, because that was just months of torture for me. Constantly feeling bloated, sleep was poor, and I spent a lot of money eating out.

&nbsp;


My goal was to bulk as cleanly as possible. For me, that meant eating 3300 calories a day to gain roughly 1-2 pounds a month. On the days where I just ate less I'd be at ~3000. Yes, it’s a pretty slow bulk, but I have this irrational fear If I bulk too fast that I’ll just end up fat. Stupid, I know, but I seriously can’t stop myself from getting that thought out of my head. Gonna try a lot harder to get over that fear this next calendar year. 

&nbsp;

My macros are as follows:

Protein|Carbs|Fat                      
:--|:--|:--                              
165g|405g|115g 


&nbsp;


I honestly tried my best to reach these macros every day, and I did for the first few months. But after a while I just started eating much more protein and fats, and have been enjoying ii. Since I cook with a lot of oils, drink lots of milk, and eat nuts, it’s hard for me to keep my fat lower than 115g. Speaking of cooking, below I’ve listed a bunch of recipes, meals, and snacks I love.

[Eric Bugenhagen and his snacks](https://www.youtube.com/watch?v=mcNe1I8X2fg)

[Red Potatoes](https://www.youtube.com/watch?v=otWLFewPCZA)

[Grilled Vegetables](https://www.youtube.com/watch?v=gK5X_kYdgww)

[Basic grilled chicken breast video](https://www.youtube.com/watch?v=DLg070d3E2w)

[G Man giving some advice on chicken](https://www.youtube.com/watch?v=mcHddbql5pw)



---
#LIFTS & PICTURES
---

#####Squat:
If you can't tell already squats are my favorite lift. Really disappointed I didn’t get 385. I’m pretty sure if I didn’t try 375 beforehand that I would’ve gotten it. At least I know I’m getting stronger. [The 385 fail is too good not to post](https://www.youtube.com/watch?v=lPyPqx_h4hM)

#####Bench:
I'm disappointed with bench. I seem to have a pretty strong bench, but just don't have the motivation to work on it as much as my legs. Switching over to paused reps actually had great results. My rep-to-rep control greatly improved. Since I had postural issues and muscle imbalances in my shoulders I didn't work chest and shoulders that much. I know I had more than 245 in me. I've done 235x5 paused, but with a slightly narrower grip. For some reason I decided to test my max with a max grip because it felt strong warming up. I attempted 260 but my friend grabbed the bar pretty quickly, so I’ll never know. This next year, though, should be good for my bench.

#####Deadlift
I'm impartial to my deadlift. On one hand I’m happy because 455 was my goal. On the other hand I’m disappointed because I hardly lift sumo and it’s very strong for me. Plus I’ve done a 445 barbell hacksquat, so this makes my 455 yesterday seems less impressive to me now...oh well. Really wanted that 3x bodyweight deadlift, but didn’t think it was there.

&nbsp;


#####Lifts:
Date|BW|Squat|Bench|Deadlift                      
:--|:--|:--|:--|:--                              
May 2017|147|250x1|205x1|300x1
December 2017|152|[350x1](https://www.youtube.com/watch?v=COJ7pk9oUaM)|[245x1](https://www.youtube.com/watch?v=Kt0NP5vYYFw)|[425x1](https://www.youtube.com/watch?v=9h695OBkfR8)
April 2018|155|[375x1](https://www.youtube.com/watch?v=zsXzwKsv2dU)|[245x1](https://www.youtube.com/watch?v=KDUPasYFmtQ)|[455x1](https://www.youtube.com/watch?v=Ssdqg59RFfo)  

&nbsp;
#####Pictures:
Please don’t make fun of my face...lol. I had no idea where to look when taking these. It felt very awkward.

|Pose? lol gtfo                     
|:--
[Legs](https://imgur.com/JO7QjJu)|
[Front](https://imgur.com/nE5AiiF)|
[Back](https://imgur.com/fKPRAIC)|
[Back 2](https://imgur.com/95g9wmR)|
[My best attempt at a side, thin waist, thing](https://imgur.com/0L66QQ2)|
                           
&nbsp;
#####Random lifts (miscellaneous older and newer videos):
|Lift|Weight                     
:--|:--|
Zercher Deadlift|[225x1](https://www.youtube.com/watch?v=O58-DM_CYqM)
Full Zercher |[300x1](https://www.youtube.com/watch?v=FnWhe3_I4mI)
Jefferson Deadlift|[350x1](https://www.youtube.com/watch?v=OsY72E-ybwc)
Barbell Hacksquat|[405x1](https://www.youtube.com/watch?v=JkXRRx71t08)
Old squat form|[205 8x8](https://www.youtube.com/watch?v=Z5X3lYoVcZQ)
Sumo rear view|[375x1](https://www.youtube.com/watch?v=ASq-PVmZk90)
First time with 315 on my back|[315x1](https://www.youtube.com/watch?v=pkDqB49wGLs)
Paused Bench|[235x4](https://www.youtube.com/watch?v=BRKUEoYiNW0)

                              


---
#RANTS
---
#####People who make other people's achievements about them
This might be an odd one, but here we go. When I first started this year of strength training I told a bunch of people. I told them I wanted to have at least a 365 squat, 275 bench, and 455 deadlift in the next year. Their response? Of course they either dismissed what I said or just chuckled. I get the doubt, but fuck it, doubt should be a motivator.  

Now listen to this part. Those same people I told got to watch me make my progress and ultimately watched me either achieve, or closely achieve, my goals. Instead of saying ""wow, that's awesome. congrats!"" or ""Damn dude, ub killin it."" They somehow have to make your success about them. ""Wow you've got really good genetics. I'm only able to squat 315 and I'm heavier than you"" or ""Dang man, I wish I gained strength like that"" or ""that's a lot of weight, I'd probably hurt myself""

This ties in very well about my rant on promoting mediocrity. These people are trying to come up with literally any excuse for their own shortcomings and are just generally promoting an attitude of failure and defeat. It's exhausting. These are the same people that want to have a pissing contest with you about who got less sleep, or who's working harder, or who feels sadder on a Sunday at 4:35pm. Congratulations! Why can't you just accept that someone might be more dedicated than you, they might spend a little more time working on something than you, they might just overall care about it more than you. Stop trying to take over someone else's achievements by creating excuses for your own shortcomings.

#####Promoting mediocrity:

Okay, I think people are gonna hate this one, but it's seriously my honest opinion. I'll be blunt with this part. I think people overall, and especially on this subreddit, have way too low of expectations relating to fitness. More specifically related to how much muscle or how much strength a person can gain in x amount of time. This one pisses me off the most. Don't discredit someone's hard work and dedication just because you ""can't gain weight"" or you ""can't increase your squat past 225"" or “no matter how hard I train I'm not improving."" Disregarding any possible medical conditions, get your head out of your ass and start putting some real effort into it. Stop complaining. None of that half-assed bullshit. If you fill your gas tank half full, how can you expect to drive the same distance as a full tank? This shits not that complicated. You get what you put in. Put effort into your workout, then put effort into your workouts for the rest of the week, and continue putting in effort until you've achieved what you wanted to do. And even after all of that, put in more damn effort.

I just get real salty when I see someone achieve something that is completely doable by most of the population, then you get those people who have to claim the person has godsend genetics. They've discredited everything the individual has worked for. Hey, maybe you don’t care as much to make the most optimal progress. That’s okay. Just don’t complain when others have made that optimal progress. Just because you can’t achieve something doesn’t mean others can’t. Stop complaining and get shit done. Don't take this as an insult, take this as motivation to better yourself.

And for clarification purposes I see no reason why most of the population, when rather dedicated, can’t make the progress I did over the past year. I don’t see my progress as exceptional, I see it as normal. I get that some people are unable to dedicate as much time and effort as others. What you need to realize there is if you’re not able to give 100%, you’re not going to get 100%. Don’t discredit someone who gave 100% while you only gave 60%.

Oh ya. Even if you did take steroids you'd never be at the same level as LarryWheels. Kids a fucking monster and no amount of anything changes that.

#####Form & Injuries
Hopefully this one is less ranty than the last two, but at least somewhat controversial. I think focusing on form too diligently during the beginner phases of lifting hinders your progress. Let me explain myself. Attempting to have picture perfect form is only going to limit your abilities. I watched and re-watched form videos on Youtube a couple times a week, would review my own form, and then be disappointed when it didn’t look the same.  Here’s the thing: Just because someone online moves a certain way, doesn’t mean you have to, or even can, move that exact same way. I was trying to squat/bench/deadlift in a similar fashion to someone who shares little to no body similarities to me. 

What? You're telling me your form broke down on an amrap set of 8+ reps at the end of your sets? Looks like you better deload down to 135 to make sure your form is perfect. Whoa there cowboy, your back is still not perfectly straight for your deadlifts. I'd deload to 135 and make you can fit a meter stick between your ass cheeks to the back of your head. Of course I’m not saying throw form out the window, but I am saying stop worrying so much about your form and just do the dang movement. Obviously adjust your form if its causing or has caused injury. Form will come with more experience and increased proficiency. You’ll never be able to squat 405 with the bar inches over or behind mid-foot. Your body will put itself into the correct position after some time. I just think people sometimes focus way too much on form. They become form ‘Nazis’ and this hinders their progress. Perfect form is a unicorn. Lift in a way that is optimal for both safety and progression, but don't starve yourself because your form isn't exactly what you want it to be.


#####Weightlifting Criticism
This really bothers the shit out of me. I’ve had a number of people, both family and friends, try to explain to me that I could be doing things more beneficial things with my time. First off, I don’t train solely to get stronger. There’s some excellent positives of strength training, or just training in general. I feel much more confident in myself. Not in the way you’re likely thinking, but I feel more confident in my abilities. When I’m asked to do something I’ve never done before, I’m much more confident now. My discipline is greater. And honestly there’s so much more mental changes that come with sticking to a workout routine. Second, I like weight training. It’s an excellent time for me to meditate and just let myself alone with positive thoughts. And Lastly, why do you care what I do? Does my time at the gym in some way affect your life? Likely not. So don’t act like it does. Seriously, if someone enjoys something, promote and encourage the fuck out of that. People don’t always find something they love to do, and if someone does, it’s seriously a beautiful thing. If you criticize someone for what they love to do, please, please, think about changing that.

---
#FAQ
---

>How long have you been training?

All in all? ~3 years. Strength? 1 year.

&nbsp;

>How long do your workouts last?

Lower body days are rarely under 2 hours and normally sit at 135-150 minutes. Upper body days are normally ~100 minutes. 

&nbsp;

>How do you keep up with the volume? Are you able to recover fully?

There was a period of time where my back was not used to the volume. I'm back dominant for both squats and deadlifts. But after working up the volume I haven't had issues since. Getting my proper sleep, eating in a slight surplus, and doing low-impact cardio on most days allows me to recover just fine. 

&nbsp;

>What do you do for a warm-up routine?

This is a great one. Seriously, if you have access to a stationary bike and don't use it. Starting using it. Get on the bike, put on a light resistance, and bike for 5-10 minutes. Not vigorously, just a moderate pace. It’s helped me with recovery, knee discomfort, and other small issues in training. Don’t use an elliptical, it’s not the same. The sheer amount of times your knees go in and out of extension, on a stationary bike, makes it far superior to other machines. 

&nbsp;


>Man, you've got some really good genetics!

Maybe? Do I think so? No. Not necessarily. I think my genetics helped me keep my body weight lower because of my bone structure. But I don't think my genetics were great enough to make me gain as much strength as I did. I do ridiculous amounts of volume, I try to sleep 8+ hours a night, I hardly drink alcohol, and I practice my lifts over and over. I've sacrificed a lot of time and commitment in my life so I could put more energy towards my training. I think the progress I've made in the last year is perfectly achievable by most.

&nbsp;

>How did you handle injuries?

Probably the worst way possible. My entire training regimine is pretty reckless. I constantly push myself when I probably shouldn’t. Obviously this isn’t sustainable long term. Anyway, my rule for injuries was this: If the injury didn’t stop me from doing a movement, I kept training. I would RICE, and if the pain wasn’t gone 2-3 weeks later I’d go to a doctor. Luckily I never had pain last 3 full weeks so I never went to the doctor. After saying all this,  I’d still suggest a more responsible approach.

&nbsp;

>I’m not comfortable squatting heavy weight

I used to get this. Whenever I’d do my top set for the next week I’d feel weak. Terribly weak. Why? The heavier the weight was the slower my descent would be. I started incorporating some singles in my training, especially for squats. This really helped me feel much more comfortable with the weight on my back.

&nbsp;

>I can’t do a full squat. Should I do box squats or another variation?

No. You shouldn’t. You should spend as much time as it takes to feel comfortable doing a back squat with a barbell on your back. If you lack the mobility, work on it. It’s better to have a strong starting point than have to fix these things further into your training. You don’t want to ingrain a poor movement pattern. It’s not as easy to fix down the road.

---
#THOUGHTS & TAKEAWAYS
---
I’ll keep this short(er) because everything else is incredibly wordy:

- I wish I would’ve bulked more. I'm positive my strength progress would have been better.
- I wish I wouldn't've been sick 6 times during the first 8 months of training. This killed my motivation for a little while and just made training feel like a chore instead of something fun. You can work out while you’re sick. Honestly, you can get very used to it. I learned how to suck it up and go to the gym. I have since figured out my issues and found a way to manage it better. Unless you’re deathly sick or at risk of getting other individuals sick, use discipline and keep on schedule. 
- Work your antagonistic muscles for pre-hab! I couldn’t work on my bench seriously for the first ~6 months of the year because I hardly ever worked my back muscles prior to starting this strength phase. My shoulders were pretty far forwards and it caused a lot of discomfort in my bench press. Piggy backing on this, make sure to work on mobility. Mobility helped me immensely. 
- Progression isn’t linear as you start getting stronger, it seemingly comes in waves. At the beginning of my year of training my strength was progressing slowly, but at a linear way every week or two weeks. As I got stronger and didn’t bulk as much, my strength wasn’t increasing nearly as much. I also learned how to change programming to suit my training style and lifestyle overall.
- Weakpoints: They suck and having a much more knowledgeable coach would have helped me combat these weak points before they became a real issue. Try to identify and work on weak points as quickly as you can. Humans aren’t great at being symmetrical, but try your best.
- The body can handle absolutely ridiculous amounts of stimulus. Think about that before your friends mention you’re not progressing because you’re “over-training.” Check your diet, check your programming, check your sleep, etc.
- I wish I would’ve known things from the start that I learned throughout the year. That’s the experience paradox for you. Some captain hindsight shit.
- All in all, I’m at least mostly happy with the progress I’ve made. I could have made better progress, but that’s only fueling me to get my 500lb squat and 600lb deadlift.
- Hopefully I didn’t seem too egotistical. The rants are pretty ranty after reading them
- It’s a mindset. 
- If you set yourself up for failure you’ve already lost.
- Make sure to have fun with whatever you do 
- I'm looking to change programs when I get back into the US in June. Any recommendations? I'd prefer something that is 6-7 days a week. High volume is okay. Just something where I can keep making optimal progress as my weights get heavier.
 
---
#Future Aspiration (1 year later)
---
#####Bodyweight
Get my bodyweight to 175lbs
#####Squat
Get my squat to 475+
#####Bench
Get my bench to 320+
#####Deadlift
Get my deadlift to 565+

",51,2018-04-28 14:53:22,50,https://www.reddit.com/r/Fitness/comments/8fkd1k/m2259_1_year_strength_progress_from_147lbs/
How long (and how much) are typical bulks & shreds?,"So I'm a lil over a year in to lifting & I just wanted to know the consensus or ""right"" answer to this. I'm currently 5'9"" (175 cm), 71 kg (156 lbs) and ~ 14% BF, wanted to cut down to <11% BF. ",1,2018-04-28 14:33:42,9,https://www.reddit.com/r/Fitness/comments/8fk8u0/how_long_and_how_much_are_typical_bulks_shreds/
"33 YO male, 3 years lifting no stop, unable to gain strength, not a normal situation, don’t know what to do next","It took me a long while to have the courage to share this, but at this point I don’t even know what to do. What I’ve been doing doesn’t seem to work and just realized I’ve been running in circles for longer than I imagined. Sorry if this is longer than I imagined, I tried to summarize as much as possible. Using a throwaway due to sensible details

So first of all, here are my stats, take in mind I understand they are really pathetic

33 year old male
178 lbs
5’11”
3 years doing GSLP
Current stats:

Bench Press 135 x 5 (record around 155 x 5)
Shoulder press 100 x 5 (record around 110 x 5)
Squat  155 x 5 ( record not very far from that)
Dead 265 x 5 (record around 345 x 5)

The lifts have been practically the same since the beginning 
 
Doesn’t sound logical for a healthy male to be this weak right?

What is my training history? Including this period I probably trained for like 13 years with very short periods of inactivity. First just the usual gymbro stuff for years, then two lengthy Starting Strength periods that gave me worst results than this, and before GSLP I did around two years of Crossfit that really opened my eyes at how weak I am compared to the average male and woman

Here is the catch, that might or might not explain the issues

After two suicide attempts I’ve been medicated for basically the majority of my life. As soon as I entered the workforce I also developed an impairing insomnia and have been taking meds non-stop for 14 years. I don’t exaggerate when I say that I haven’t slept a single night without the help of meds for all these years. But by all accounts I don’t take nearly as much as many other people. My current dose is 25-37mg of amitriptilyne, 4-6mgs of perphenazine and 500mg of Sodium Valproate.  Sadly I don’t have a pre-meds baseline to judge my strength performance

So I’ve gone trough all the checkboxes trying to find what might be the issue

- Don’t eat enough. I ballooned around 30lbs to 200lbs on Starting Strength and it was the worst lifting period in my life, the records were actually worst. Now I try to gain around 1lbs a month, only had the need to do a cut once in these three years, started from around 75kgs to 86 kgs and then cut to 75kg in around 5 months. Didn’t lose that much strength (what strength?)
- Increment weight too fast. I increment in 2.5lbs for both presses, 10lbs for deadlifts and 5lbs for squats. After years of failing I modified GSLP to only increase the plates if I actually improved my 1RM. No luck with that also.
- Don’t sleep enough. You bet I don’t sleep enough, I sleep around 7-8 hours a night but it is not nearly enough, I’m tired all the time. It is not uncommon for me to sleep up to 15 hours on weekends to try to compensate, and still feel tired. My tolerance to caffeine is super strong and I require it to just work properly. Still, I don’t think this is the problem, there’s been sessions where I could nap on the bench and still was able to progress more than I imagined

There is a cyclical thing I’ve noticed that I haven’t been able to understand. Usually there is a period (a short one, maybe three weeks at most) when I’m able to make progress, linear as expected, but suddenly my gains take a HUGE leap, something like getting 8 reps instead of the usual 5. This increase in performance is immediately followed by a period of strong decline in strength, that might last from weeks to months. My doctor hasn’t been useful to explain it. It is like an overall feeling of weakness and pain down to the bones, not just the usual tiredness

I’ve tried everything to fight that period of decline in strength. The worst approach was the SS 3 strikes and reset since I’m usually too weak to even push through the reset and end up resetting the reset. A modification of GSLP to reset to 10RM has been better but not by a lot since it takes me a long time to get to the weight I was lifting before the decline. Taking weeks off or lift light don’t seem to work that much

My doctor claims I am not weak and entirely normal, he has even suggested me to take steroids if it even bothers me that much (I hope that was a test)

I’ve done some blood tests to rule anything else. My testosterone levels are apparently unusually high for my age, my thyroids seem to be fine

So what would be your suggestions? Switching to something like 5/3/1? A normal BB split? Just give up? If I suffered the same symptoms doing crossfit so I don’t know how else could I even improve. I don’t live in America, so if someone recommends a Coach it should be one that could work with skype sessions

From the medical side I can’t just leave the meds, I just can’t, I’m planning to take a sabbatical to try to get off from them but it’s going to take a while. But if someone thinks there is another approach I could take feel free to tell me",11,2018-04-18 17:39:36,52,https://www.reddit.com/r/Fitness/comments/8d7jvn/33_yo_male_3_years_lifting_no_stop_unable_to_gain/
Points On Equine Inflammation Management Supplements,"By Helen Morris
   
   
Horses are important in the community and have proved to be more loyal friends than some human beings. To continue enjoying their company, think about feeding them properly, showing affection, and seeking medical help. They are prone to injuries because of their active lifestyle. The animal specialist may recommend [equine inflammation management supplements](www.naviculardisease.com) and you should purchase from the certified centers.
   
   
 Errors are unacceptable in all areas and even though they may seem trivial, they can lead to serious damages such as fatalities and severe injuries. Veterinaries know about the care of equines and you should rely on their expertise. Look through their portfolios to avoid wrong investment and keep the medical records for future consideration.
   
   
 Inflammation is a healthy bodily reaction that prevents entry of new matter in other parts of the body. The body detects foreign substances and destroys with the help of white cells. Odd change emerges such as swelling, redness, and pain. The severity depends on the overall health condition of a horse and extent of entry. There are medications that prevent the reactions from occurring while others reverse the sensation.
   
   
 The main drugs of choice are non-steroidal treatments and the widely known example is aspirin. They are effective on all groups of equines if properly administered. They have zero adverse effects, but causes toxicity when used poorly. The main reasons for the universal acknowledgement are high duration of action and easy availability.
   
   
 Inflammation is less severe if you supply with omega fats. They are available in plants in small amounts and in large quantities in fish. On top of that, you can get the processed kinds that are in form of syrups and tablets. They strengthen the immune system; thus, helping the animal to clear foreign substances without causing series effects on the overall health. Add portions of this supplement in the ordinary meals to reduce occurrence of these sensations.
   
   
 Health status dictates the level of performance and fit creatures serve their owners in all aspects. They will not only offer perfect company. But also agree to the rides in the wild. Inflammation is common in joints; hence, a decrease in performance and difficulties walking should initiate an attention. Inform the specialists so they can diagnose the condition and give proper medication early enough.
   
   
 Inflammation continues to damage the cells unless they are controlled. The condition affects the rest of the cells; hence, leading to lameness and paralysis. Giving up not the animal is not the best option because some changes are reversible. Thus, do not keep the ailing creature in the locker rooms as it can lose its functionality fully.
   
   
 No one will force you to keep the horses in your yard and you should similarly not be forced to look after it. Before taking the creature, learn about the upcoming duties and only take in after gaining utmost contentment with your actions. The demands may be more than you can handle when the creatures are critically ill, but showing with affection quickens healing.
   
   

   

   

   
 About the Author:
   

   
Get an overview of important things to consider when picking a supplier of [equine inflammation management supplements](http://www.naviculardisease.com) and more information about a reputable supplier at https://ift.tt/1j18DVp now.
   

   
   
   
 from physical exercise https://ift.tt/2EW3T1m
   
   
 via [IFTTT](https://ifttt.com/?ref=da&site=reddit)",1,2018-04-18 07:26:49,0,https://www.reddit.com/r/Fitness/comments/8d3tnw/points_on_equine_inflammation_management/
clearing up on 'nucleus overload' training,"Hallo, I recently came across so called 'nucleus overload' training as a special method for more hypertrophy. There are some fundamently wrong things about it and I made this post to educate some people who are maybe interested in this method.

But first of all I will describe shortly what this method is:

Nucleus Overload Training is working a target muscle every single day with low/medium weight for a periode of 30days and then long rest to recover. The idea behind this is that you overload the muscle cells with more myonuclei, which produces a lot of hypertrophy in the aftermath when you rest.

That theory sounds very tempting, but scientifically thats a wrong describrion of what will happen.
To explain what I mean, I'll now explain very simplistic how myonuclei work:

A nucleus, is the core within a cell and contains most of the cell's genetic material (dna), it controlls the cell's function like a controll unit.
Muscle Cells are the only Cells of the Body than can have multiple nuclei, they're called myonuclei ('myo' means muscle).
When a Muclefiber grows it increases in size and a myonucleus in the muscle has to 'take care' of a bigger domain of cell plasma within the musclecell. This is called myonuclear domain (MND). But the size of the myonuclear domain is limited, which means a muscle cell can not grow beyond the MND limit.
That's a real problem because muscle cells can not divide to produce new cells. 
The solution comes in form of myosatellite cells which are a special form of stem cells in the muscle without any own cellplasma. 
Satellite cells are precursors to muscle cells,  able to spend their nucleus to a parent musclecell, if they fuse together. This way a growing muscle cell can obtain more nuclei.

This is where nucleus overload training works in theory, it's claimed that constant training over a long period of time without real rest will force the muscle cells to overload the number of nuclei and finally causes great hypertrophy of the muscle when rested.
But this method is actually pretty much the exact opposite of what should be done.

Here is why: 
the Satellite Cells are mainly activated by muscular damage. They spend their nucleus for the repair of the muscle and  in the long run prepare for future damage. The muscle cell becomes more resistent to damage after every training. That's called  the repeated bout effect. 
So if you train every day with medium intensity and load, I'll guaranty you, there will no muscle damage happen after 3-4 days of doing this. The only thing that happens is that you accumulate fatique of the muscle because of poor recovery and high weekly volume.

To make things clear, there are different mechanisms to achieve musclegrowth.
The first and foremost is the muscle damage pathway. With enough Tension, Load or Insensity (doesn't matter how you call it) you get muscledamage which leads to satellite cell activation and the whole process I described earlier. That is the pathway where noobgains mostly come from. Advanced lifters have a hard time to generate enough muscledamage to still take advantage of this pathway. Instead they use the Volume/Fatique Pathway where you manipulate Musclefatique, Recovery and Volume to force adaption by Hypertrophy.

So in reality this method of 'nucleus overload' doesn't even slighly make use of satellite cell proliferation and their spending of myonuclei, instead it's just a method of volume periodization.
Some people will maybe have great results with this method, but please don't get fooled and think the results of this type of training have anything to do with nucleus overload training.
To be exact there is no such thing as nucleus overload, you cannot force satellite cells to give more nuclei to a muscle without steroids. 
Naturally the muscle will just grow to it's myonuclear domain limit, then you need to cause more muscle damage to get more mynuclei in the muscle, this way the muscle can grow bigger again. This method will work quiet some time, untill the repeated bout effect prevent further damage and you grind your gears in terms of load. Now you can follow the volume pathway or you do a deconditioning phase with zero lifting to remove the repeated bout effect and be resensitized for muscular damage.


",14,2018-04-14 11:04:31,11,https://www.reddit.com/r/Fitness/comments/8c6vsi/clearing_up_on_nucleus_overload_training/
"Noob/beginner gains after a few years of ""lifting""?","Keyword ""lifting."" Ive been working out consistently for about 3 years. It was till about a year and a half ago that I realized I pretty much wasted 1-2 years of gains bc I was messing around in the gym without an actual program and focusing on a lot of isolation crap (lateral raises, curls, etc.). The past year I've made the most progress in looks and strength by running 531. I'm currently 5'11"" and 170 lbs, around 10-12 bf. My lifts are Squat 315, Bench 250, Deadlift 380. I know I still have somewhat of some linear progression left, does this mean I will also be able to gain a bit more muscle than a typical intermediate lifter? I currently look okay but with a shirt on most people may not be able to tell I even lift. My main question is do I still have the potential to put on like 10-20 lbs of muscle the next 10-12 months? I know most males can naturally gain 40-50 lbs of muscle in their lifetime. What is everyone's thought? My natty goal in like 2-3 more years is to be around 185-190lbs at 10% bodyfat.",0,2018-04-13 02:23:18,5,https://www.reddit.com/r/Fitness/comments/8bvtme/noobbeginner_gains_after_a_few_years_of_lifting/
"Diet, rest days, and the ""Size vs Strength"" question.","I have been weightlifting at a regular, but unserious level for the past two years. Due to my schedule changing and my goals/life priorities shifting, I am now very committed to it, and have been going strong for the past month. Since I am still just getting my fundamentals/foundation set, do I need a rest day? I'm doing a 4 day cycle, so even without a rest it's 5 days until I work a specific muscle group again. My feeling is since I'm not really doing hardcore stuff yet, and IF my body isn't talking to me and feeling tired or over-sore, then why can't I? Today, for example, is my rest day and I feel very spry and pain-free and I really want to go to the gym mentally and physically! 


  Second, is diet. My friend claims that I need to be eating a lot more calories than my normal diet (and more protein, clean carbs yadda yadda) to get stronger. While trying to build strenght and size at a beginner level, should I stick with CICO type diet, or be trying to eat a bunch. I don't want to get fat, but he says that ""to get stronger you need to pack on calories, and you have to accept that you will gain some chunk, and then shred that in the next cycle. True? diet thoughts in general for a semi-beginner?",3,2018-04-05 18:09:45,20,https://www.reddit.com/r/Fitness/comments/8a21nc/diet_rest_days_and_the_size_vs_strength_question/
Cutting to make adding size easier,"I don’t have the largest appetite, I’m currently consuming around 3000 to 3200 calories a day. I’ve been bulking for a year and a bit and I’m struggling to add calories in with my work schedule and all. 

My question is if I cut and get shredded (I’m at around 20-25% body fat) so if I get leaner around 12% abs showing ect will I be able to eat less but still gain? 

My thinking behind this is if I weigh less then maintenance will be lower meaning my overall calorie surplus will be less calories than what I’m currently consuming,  is this just a crazy idea or is it a smart way to carry on adding size without force feeding myself? ",24,2018-04-01 20:00:05,34,https://www.reddit.com/r/Fitness/comments/88tjzc/cutting_to_make_adding_size_easier/
Newbie starting strength training. Need advice.,"This is my first time posting here, so let me know if I mess up anywhere...

For context, I:
Weigh 140lbs, 6'0"", Male, Age 18, (I have a really low body fat, 4%)

I want to strength train and bulk, get some muscles, a little conditioning for general health

No injuries 

I do not smoke

No history of exercise at all... My diet is currently okay, I eat what my parents make, but I'm making a diet plan to put on a surplus of calories, so soon enough I'll be good

I don't know my lift numbers yet 

I do have access to a gym... Which is the problem. 


So, I've been planning on bulking up. I'm not looking to shred, just get some strength. My plan was to put on a surplus of calories and to follow some of Greg Nuckols' free training regimens, specifically the 3x Beginner Squats, 2x Beginner Deadlift, and 3x Beginner Bench, while doing some conditioning each time (I can't remember the source right now, but I remember watching a conditioning video with awesome exercises that were only 10 minute long-- that's what I'm planning on doing) 

The biggest hitch I faced was finding a gym, because I'm poor, and a gym membership can be expensive. I off-handedly mentioned this to my dad, and he told me that he could add me to his gym membership he got through his employer for $12.50(!!) a month, which would be perfect. He says it's a nice gym, but he told me there is one downside-- there are no free weights. 

With that in mind, I'm not sure what to do. On one hand, this gym is so cheap it would be absolutely worth it. I have NO idea what exercises I could do with machines there to replace free weights, and so I'm hoping you guys could give me your best suggestion for the best machine equivalents to those three exercises. 

Should I even bother going to the cheaper gym and just invest in one that does have free weights? This one is tempting because it's so cheap, but if you think it is absolutely necessary to use free weights... 

As a newbie, I have no idea. I just want your suggestions as to how best I can meet my goals... Also, I do not have a friend to spot with, if that affects anything. 

Thank you /r/fitness so much!!",5,2018-03-31 14:58:39,17,https://www.reddit.com/r/Fitness/comments/88j5gt/newbie_starting_strength_training_need_advice/
body changes as i get in more shape/leaner? is this common? (im in my early 20s),"after being pretty fat(skinny fat) all my life, having a lot of the fat on my chest,stomach,thighs specifically, the past year or so I've finally starting working hard and also started eating a stricter diet so I've been seeing results. 

I noticed my abs are showing a lot more, my other muscles are a lot more defined too but theres one thing that bothered me and its the fact that as I got leaner, especially around the pecs, and lost the pec fat I started growing a shit ton of chest hair all of a sudden  . Up to this point I maybe had like 1 or 2 strands of chest hair in my life but they're suddenly just popping up from nowhere. Also not sure on this one since I already had quite a bit of leg hair but I noticed a bit more leg hair on my quads as I built more muscle and got leaner. 

Does losing fat or becoming more muscular have these effects on the body(grow hair)? I dont take steroids or anything.",0,2018-03-29 15:54:44,15,https://www.reddit.com/r/Fitness/comments/882dws/body_changes_as_i_get_in_more_shapeleaner_is_this/
how to keep gym-performance with keto?,"Hi guys, i tried keto in the past and i really liked it, especially combined with intermittent fasting. The only big downside is that i would be much weaker in the gym which made stop doing keto. But now i want to try it again because i want to get shredded and i feel that with a normal diet, i cant keep my appetite down.",7,2018-03-28 07:10:38,9,https://www.reddit.com/r/Fitness/comments/87pxeb/how_to_keep_gymperformance_with_keto/
Cutting plan.,"Hi guys, I've procedurally gotten fatter the last year or two since I left highschool and started a job that takes up just about all of my time.

I was actually in great shape before, and was making good progress using Stronglifts and eating well back in school, but anyway.

I am 6 ft 2 and weigh about 100kg, and as of starting this week I have been focusing on eating around 1500 calories a day, and going to the gym every night (cardio only atm)

My problem is I have very little time to prepare meals because of my job, so what I am asking is..

 - What foods are super quick to pack/cook that are beneficial to cutting?

- What should I be doing as far as cardio goes? Is there a structured kind of program like Stronglifts but for shredding/cardio?

Thanks guys, I also want to say what an awesome community it is here, it was this sub tbat got me into hitting the gym back in school, which is what I eventually want to get back into once I am happy with my weight again.

",1,2018-03-22 02:05:26,9,https://www.reddit.com/r/Fitness/comments/86819d/cutting_plan/
Questions on 5/3/1 BBB,"Hey all so i'm starting 5/3/1 BBB routine next week and I have a few questions. I know that for the 5/3/1 you use 90% of your 1RM but then the BBB sets are 50% of my TM so say for example my 1RM on deadlift is 150kg but my working set is 135kg would I get the BBB sets 50% value from 90% of 150kg or just take 50% of 135kg?

Also has anyone went for a cut during this program? Im just wrapping up my linear progression and i've went a bit mad on the bulk and gained alot of extra fat (along with a decent amount of strength but i dont think im strong enough to justify this fat gain lol) and im looking to shred some BF %, I think with all the BBB sets it will provide me with enough of a challenge to keep promoting muscle growth while Im on a cut even though I know it will be tough on a deficit (thinking of doing a short cut just 5-6 weeks -500cals) 

Also my stats if it matters - 95kg BW - 6ft 4

Thanks for taking the time to respond",0,2018-03-12 12:10:59,11,https://www.reddit.com/r/Fitness/comments/83uh8m/questions_on_531_bbb/
What is considered the threshold for exercise length vs muscle growth?,"Right, theres another question here about celebrities doing HIIT and their long workout routines, but I want to frame this a little bit differently.

Seems that whenever a conversation comes up about Hollywood lifting routines it inevitably comes down to ""Theyre on steroids"" or ""Theyre support team makes it possible"", but are these two factors really that important?

I imagine most workout routines are built with the everyman in mind to have someone in and out of the gym in 2 hours tops.  I'd like to have a little thought experiment on what a workout routine would look like if an individual could devote, say, 5 hours to their exercise regimen per day.

When I was younger ""overtraining"" was always the buzzword being thrown around.  I don't tend to see it as much lately  so I wondered if the capability for recovery has been reconsidered.

So lets break it down to basics: What is the best way for an individual to make as much progress in as little time as possible when they have ample time in a day and the diet to support it?",0,2018-03-09 09:35:18,18,https://www.reddit.com/r/Fitness/comments/835i7b/what_is_considered_the_threshold_for_exercise/
Should volume or strength be prioritised early on?,"I've been lifting for about 1 year, properly for about 6 months. I look better and am stronger than when I started, but I feel that my lifts are not as strong as they should be.  
  
Singles:   
Deadlift: 100kg  
Squat: 95kg  
Bench: 80kg  
OHP:  55kg  
  
I would consider myself an intermediate lifter, I know what I'm doing but I'm not exactly huge. If my end goal is to look big and strong, should I actually focus on volume and lower weight or should strength be my priority, and the mass will come? I don't particularly care about being shredded etc..
",10,2018-03-04 15:11:59,20,https://www.reddit.com/r/Fitness/comments/81y6gz/should_volume_or_strength_be_prioritised_early_on/
Jillian Michaels 30-Day Shred,"Curious if anyone here has every completed this program and what the results were? I’ve started this a few times, yet never finished it. ",3,2018-02-23 01:49:46,5,https://www.reddit.com/r/Fitness/comments/7zke0o/jillian_michaels_30day_shred/
A year of progress - Two Cuts and a Bulk.,"Hello /Fitness

I thought I might post up a story of my fitness journey over the last year (~14 months).  You see a lot of post with super successful folks going from fat to you shredded and I attribute a lot of these successes to great genetics (read: youthful testosterone :) ) and great execution.  It's truly amazing what some people are able to accomplish.  With that said here is my somewhat less impressive ""transformation.""  I'm a 5' 10"" 35 year old guy with 2 jobs and lots of hobbies (motocross, mountain biking) that sometimes include drinking beers on weekends...sometimes. 


I started the process in January of last year after teaming up with a buddy who was very out of shape and needed a motivator and a friend in fitness.  I've always been in ""decent"" shape because of my sports background, but regrettably i love food and good beer and that has always kept me from the ""Fit bod"" We all love so much.  I have a heavy science education and did plenty of reading and thinking before deciding on my plan of execution.  In the end I decided the system that best fit my goals and expectations was the Leangains protocol with intermittent fasting, which has really started gaining traction in the last 8 months or so.  Feel free to checkout the sub or his web page for info on the design.  It's VERY minimal and I think that's how some folks can be so successful.

Diet:  
* -Intermittient fasting for 16 hours per day, eat for 8 (2pm to 10pm for me)

* -Macro cycling with consistent protein consumption ~1.2 grams per lb of BW.  Training days = high carbs/low fat and non-training days is Low carb/higher fat.

* -Calorie cycling:  Training days eating at maintenance and rest days in a deep deficit (while cutting)  While bulking its more akin to surplus on training days and maintenance on rest days.  

* -I used 2300 as my maintenance calories or (TDEE).  Its a bit of a moving target, but seemed appropriate with adherence.  So on a cut I do approximately 2100-2200 calories per day on training days (3 days/week) and 1300 calories per day on rest days (4 days/week)


Training:
Both Cutting cycles I used RPT Training.  Which short story is extremely high intensity and low volume. The first set is the heaviest and subsequent sets get reduced by 5-10% 
and amrap each set (kinda) (https://leangains.com/reverse-pyramid-training-guide/)

Basic routine is 3 times per week

**Day 1:**

 Deadlift 2x6 (or amrap) 

 OHP 3x8

 BB Curls 3x10

 Shrugs 3x15

**Day 2:** 

Bench 3x8

Rows 3x8

Wt Dips 3x10

Face Pulls 3x10-15

Tri Ext 3x10

**Day 3:** 

Squats 3x10
     
Wt Chins 3x8
       
Calfs 2x30
       
Shrugs 3x8


For my bulk I decided to change it up and more or less did the exact opposite and ran Nsuns LP 531 4day (also a subreddit).  Its a great program with a great community.  The routine has tons of volume and you spend lots of time in the gym.  I defiantly enjoyed it and got oodles stronger, however I think my mindset and age i'll have better luck sticking to RPT.  I ended up with a few lingering injuries from my time on the 531 routine from just going too hard for too long without sufficient recovery time.  but....fun was had.  It's hard to explain how the program works, but it's super reddit trendy so info is available.  

Structure and progress:  My story is a bit different than most folks because due to a few poor decisions on things that have two wheels and go fast I have had a few extended visits to the hospital which make progressing in weights kinda difficult.  The major mentions are: Complete reconstruction of femur and upper knee joint with loss of 2/3 of quad muscle, broken heel in 8 places with fused ankle, heel, & foot, 2x reconstruction of both wrists and both thumbs, one elbow surgical reattachment.  Most of this is only an issue for heavy leg stuff aka squats/deadlifts.  My current lift number are as follows (keep in mind I've been on a 7000 Calorie per week deficit for the last 7 weeks)..I got weaker.

* Deadlift 365x5
* OHP 115x8 
* Bench 195x8
* Squat 185x10
* Chins BW+50 x8


Starting Stats Jan 2016  (177 lbs bf% unknown)

* https://i.imgur.com/Z1pN6tf.jpg


Cut 1 - January 2017 to June 2017 (163 lbs bf 12.5% by DEXA) 

* https://i.imgur.com/A64mG74.jpg  

* https://i.imgur.com/vHiSsZM.jpg 

* https://i.imgur.com/LGgOM7S.jpg

 
Bulk 1 - June 2017 to December 2017 (188 Lbs Bf not sure again probably 17-18% )

* https://i.imgur.com/Zny3Khi.jpg 

* https://i.imgur.com/baIbIs8.jpg


Cut 2 - Jan 2018 to Feb 16th 2018 (174 lbs Bf % 13% ish?!?)

* https://i.imgur.com/FAsVmAp.jpg 

* https://i.imgur.com/vfZ8T9i.jpg 

* https://i.imgur.com/v5PKCLK.jpg



So this cut isnt quite over, but I have a 3 week vacation coming up on Thursday to Vietnam and its going to set me back a bit and it seem like a good progress point (approximately one year in).

Lessons learned:

NUMBER 1...Cutting is easy, bulking is VERY DIFFICULT.  I went into my bulk with the best intentions, but slowly you start giving into small concessions and then larger, and even larger still until all the sudden you're not dieting at all just filling your face all the time.  Part of me is ok with this because cutting is so easy, the other half wants me to try a lot harder next time around.  We shall see which side wins, after all, im never going to be a fitness competitor or model, I'm just trying to be be healthier, faster, and better looking.

Number 2...Choose foods you like and eat them every day.  Dont be stupid, cake isnt a reasonable option.  But if you like tacos, eat tacos.  If you like pasta, eat pasta.  Make it work for your macros and you'll have a better chance of success.  

Number 3.... Try hard not to get hurt, it sucks and screws everything else in your life up.

Other info:  I have tons of spreadsheets and diet templates that I can post up.  If yall want anything please dont hesitate to ask.  I can support your attempt at mediocrity!!!! :)

-=-=-=-=EDIT=-=-=-=-

Here is a link to my diet template.  It's alwasy undergoing some changes and tuning but this is the most current version.  Its a bit confusing because i work an alternating schedule where some days are early shifts and others are late.  It changes what and when i eat certain things.

https://i.imgur.com/c4FtTC4.png

And here is the TDEE (maintenance) calorie tracker and calculator.  This is from the Nsuns sub, so its not my work.  I think its useful, but there are problems with the calculations (mostly because the exact science is foggy IMO)

https://drive.google.com/file/d/0B8EbfzFB0mBrMGJ6V2N5QWNfeTg/view

Lastly,  This is the article that kind of set things in motion for me.  Lots of people say ""fuckarounditis"" but dont know where it came from.  This is the original article where it was born and it's magical.  I read it every couple of months for a pick me up and a good laugh.

https://leangains.com/fuckarounditis/",1183,2018-02-21 02:04:26,187,https://www.reddit.com/r/Fitness/comments/7z1tbf/a_year_of_progress_two_cuts_and_a_bulk/
Help with core exercises,"Hello there.

I'm a keen rock climber but I'm not that good, well not as good as I want to be. I started a bit older than when most start, in fact i started with fitness alot older than I should have. I've spent time recently trying to improve myself and my biggest weakness is overhangs, they are pretty much the bane of hobby and are holding me back. From what I can tell it is a weakness in my core that is 
Stopping me from progressing so I want to strengthen my core. However, the only routines I can find are 'to get shredded'. Yeah, that would be cool but that isn't my goal, I want the strength. Will these routines work for this goal? Should I keep the reps low and sets high? Should it be bodyweight or compounds? Obviously this would all be alongside my climbing sessions. What can you suggest Fitness?",23,2018-02-15 14:02:47,26,https://www.reddit.com/r/Fitness/comments/7xqj52/help_with_core_exercises/
"1 Year Progress. (Male, Age 19-20, Natural)","I figured I would start off with a back story here. (Feel free to skip) I've been lifting weights on and off since I was about 15-16 years old. I was pretty overweight at that age, about 5'5 and 160 lbs with little to no muscle mass. At age 17, I had begun to build a fairly solid physique, considering my age, when I developed some bad habits and watched as my dedication to both lifting and eating right dropped. When I got to college, some of my bad habits continued, and I was not seriously into lifting. I did lift from time to time and watched my nutrition at times but I was just not serious about it. Right before the start of my sophomore year of college, I decided to go vegan. I was probably 5'7 and 165 lbs at the time I made that decision, a bit more muscular than I was when I was 5'5 160 as a kid, but still around at least 20% body fat. I wasn't looking all that great and I wasn't working out all that consistently. 

Then I went vegan. I lost a lot of weight, but as I wasn't lifting consistently, I also lost plenty of muscle mass. Here was what I looked like one year ago, almost to the date:

https://ibb.co/ctitJ7
https://ibb.co/iOP5WS

I was trying to bulk up, as a vegan. I wasn't lifting consistently though and I was not doing a great job on my diet. I gave up on the veganism about two days after taking that photo and started taking lifting really seriously. I had a few photographs saved and wasn't sure which to use so I used a couple. The more flattering of the two is a little bit deceiving of how I really looked; the sunlight was shining perfectly on my right arm and I still had a strong pump from a chest/shoulder workout. The poorly lit photo is probably a little bit more indicative of how I really looked. 

Throughout the next year, I faced a lot of struggles, personally. I won't get too far into detail but I had lost a lot of my friends and was really alone. The only thing I was doing for the first 3-4 months was lifting and eating. I ate a lot of food; probably around 3000-4000 calories per day, and on the higher end of that. I was bulking a bit dirty, eating half a pint of ice cream as a nightcap every night, bacon egg and cheese bagels for breakfast, a medium sized Whole Foods pizza and a hamburger for dinner, and usually something like chicken/steak and rice/potatoes for lunch with some fruit and other goodies and a protein shake mixed in. I wasn't seriously tracking my macros at this time and I don't have a perfect log of what I ate. 

My training routine was a 4 day bro split with rest days whenever I felt like they were needed. Here is a rough outline of what my days looked like at the start. Around this time, I generally would go back and forth between 5 sets of 5 and 5 sets of 8-12. For certain exercises like dumbbell bench, I would progressively overload using the amount of reps I did rather than the amount of weight I did until I could comfortably add 5 pounds. This would lead to sets of things like 65 lbs for 9 reps. I also didn't write any of this down, so I don't have any of it perfectly. 

Day 1: Chest/Shoulders
BB Bench 5x5 (165x5 was around the best I did)
DB Bench 5x5 (70 (each) x5 was around the best I did)
Incline BB bench 5x12 (95x12 was around the best I did)
Chest cable flies (standing, pushing downward) 5x12
Standing Military Press 5x5 (85x5 was around the best I did)
DB lateral raises 5x12 (Used maybe 15 lbs in each hand on heavier sets at the start)
Cable lateral raises 5x12 (Used 7.5 on each side)

Day 2: Legs+Abs
Front squats 5x12 (started with just the bar x 12, no joke, worked up to 95x12 pretty quick though)
Hamstring Curls 5x12 (60 lbs x 12)
Quadricep extensions (60 lbs x 12)
Seated calf raises 5 x 12 (70 lbs x 12)
Decline bench leg lifts 5 x 12 (BW)
Decline bench sit ups 5 x 12 (BW)

Day 3: Back, Rear Delts
DB rows 5x8-12 (60 lbs in each hand)
Lat Pull Down Machine (Standard Grip) 5x8-12 (80 lbs x 12)
Cable Row Machine 5x8-12 (80 lbs x 12)
Lat Pull Down Machine (1 hand, with normal handle grip) (40 lbs x 12)
Standing single arm rear belt cable cross (9 lbs x 12)
Seated Rear Delt Machine (Reverse Pec Deck) (60 lbs x 12)

Day 4: Arms 
Dumbbell Bicep Curls 3x8-12 (25 lbs x 8)
Barbell Bicep Curls 3x8-12 (50 lbs x 8)
Single Arm Cable Curls 3x8-12 (15 lbs x 12)
Preacher Barbell Curls 3x8-12 (40 lbs x 8)
Seated Overhead Tricep extension 3x8-12 (40 lbs x 12)
Tricep Cable Press Down Rope Pushdowns 3x8-12 (27.5 x 12)
Tricep Cable Press Down Rope Overhead extension 3x8-12 (32.5 x 12)
Tricep cable press down handle pushdowns 3x8-12 (17.5 lbs x 12)

Remember, most of these numbers are purely off memory. Also important to remember that my form wasn't consistently perfect on a lot of these. This isn't a perfect guide of what I was doing. I believe on the day that I took the second photograph, with the nice lighting on my delts, I did 75x3 on dumbbell press but failed trying to do the 80s and couldn't get them up, lol. I did some drop sets on some of these exercises in order to feel the pump, lol. 

At some point, I decided having a pure arm day was fairly pointless. I read some peer reviewed literature (from a guy named Iwannaburnfat on Instagram, great stuff from him) that training certain muscle groups twice per week is more effective than once per week. I decided to switch to pure PPL. I continued bulking up, eating at a calorie surplus for the most part. I spent a month or two cutting at around 2000-2500 calories and maintaining a solid protein intake. I gave up on the cut after a little while but I continued lifting consistently, as I had been, and continued bulking. I was bulking a little cleaner at that point, still eating between 3000-4000 calories, but maybe on the lower end of that spectrum and not heavily overfeeding at any point. At the peak of my bulk, I was weighing around 165 lbs, and my 5 rep max bench press was 205 for 2 sets. I also maxed out at 225 at one point. I dumbbell bench pressed 90lbs in each hand for 5 reps. Important to note that while these were solid numbers, and I did touch my chest on every repetition, my form still wasn't the best bodybuilding form, and probably wasn't the safest either. Some tight arching of the back, and my arms may have been a bit uneven on the harder reps. 

My routine has been quite fluid and has changed over some time. However, the general concept has gone from the aforementioned 4 day split to PPL, and has been one or the other for the entire period of time. 

Here is my current routine: 

Day 1: Legs
Front Squats 3x5 (155 lbs x 5)
Glute bridges 3x5 (235 lbs x 5)
Hamstring curls 3x8 (105 lbs x 8)
Quadricep Extensions 3x8 (100 lbs x 8)
Seated Calf raises 3x8 (125 lbs x 8)
Leg Press Machine Calf Press 3x8 (3 plates and a 25 on each side x 8)
Roman Chair Leg Lifts 3x8 (20 lbs in between my feet)
NEED TO ADD MORE AB WORK! Suggest me some weighted ab stuff!

Day 2: Back+Biceps+Rear Delts
Weighted Pull-Ups 3x5 (50 lbs + BW x 5)
Standing Barbell Rows 3x5 (155 lbs x 5)
Lat Pull Downs 3x5 (Round Handle Bar) (165 x 5)
Dumbbell Hammer Curls 3x8 (30 lbs x 8)
E-Z Barbell Curls 3x8 (65 lbs x 8)
Standing Cable Curls in the front double biceps position 3x8 (17.5 lbs each hand x 8)
Reverse Pec Deck Rear Delt Extensions 3x8 (115 lbs x 8)
No handle Rear Belt Single Arm Cable Extensions 3x8 (17.5 lbs x 8)
DB Shrugs 3 x 8 (100 lbs in each hand x 8, currently not doing them because I have a minor pinched nerve near my neck/traps, nothing serious but bothers me when I shrug)
BB Shrugs 3 x 8 (185 lbs)

Day 3: Chest/Delts/Triceps
BB Incline Bench 3x5 (175 lbs x 5)
DB Incline Bench 3x5 (80 lbs x 5)
Weighted Dips 3x5 (BW+45 lbs x 5)
Chest Cable Flies Cable High Facing Downward (35 lbs each side x 8)
Seated DB shoulder press 3x5 (60 lbs x 5)
DB Lateral Raises 3x8 (20 lbs x 8)
Cable Lateral Raises 3 x 8 (9 lbs x 8)
Seated Overhead Tricep Extensions 3 x 8 (60 lbs x 8)
Standing Rope Tricep Extensionss (49 lbs x 8)
Standing Overhead Rope Tricep Extensions 3 x 8 (42.5 lbs x 8)

I began cutting on October 1, 2017, and I promised myself that I would not stop until I had a six pack. I was around 165-175 lbs at that point and knew I had a tough road ahead of me. I wasn't sure how long it would take but I definitely underestimated, as we often do before we start cutting. I started eating around 2700 calories per day, knowing that number would quickly drop. I didn't pay too much attention to any specifics in my diet, just that I ate around 2700 calories and made sure I would eat at least 1 gram of protein per body weight. The diet was a fairly standard bro diet. It switched around but I stuck to some staples like personal size whole foods pizzas (300-400 calories 15-20 g protein per), hamburgers, chicken thighs, breakfast omelettes, protein shakes, etc. I struggled with maintaining strength and energy but pushed through. For the last few months (outside of a planned holiday diet break that lasted about 2 weeks) I have been eating 1800 calories. Recently, I have maintained a pretty consistent diet.

Breakfast: 4 eggs, 2 slices of bacon, 1 cup of low fat yogurt, 1 banana, 300 g fruit (watermelon+pineapple+melon+canteloupe+strawberries) 
(600 calories, 40 G protein)
Lunch: 1 Hamburger (93% lean ground beef, 1 Whole Foods hamburger bun, 1 slice low fat cheese, ketchup.)
(400 calories, 50 G protein)
Dinner: 1 medium American Flatbread Tomato Sauce & Three Cheese Pizza (600 calories, 30 G protein)
150 g chicken thighs (200 calories, 30 G protein)
Total: 1800 calories, 150 g protein

I'm pretty flexible with the diet, but I make sure the 1800 calories and 150 G protein (or at least 135 grams) stay consistent. I know that the 1 gram per pound of body weight is ""bro science"", but I like to live by it since protein helps with satiety. 

Now, without further ado, here are a few pics from last night:

https://ibb.co/bxJ2vn
https://ibb.co/gWZaFn
https://ibb.co/eN0RMS

I know that the posing and the lighting on the 3 after pics are not perfect, but I wanted to keep it somewhat real. Especially on the lat spread pic I know I could pose quite a bit better with quite better lighting but I liked that pic so I figured I'd use it. I didn't want to a professional photographers take some super amazing photos of me and skew the 1 year worth of progress to create unrealistic expectations. I know we see a lot of 1 year transformations that seem crazy and we question if they're not natty, or if the timelines are fraudulent, or both. I think that if you're real dialed in when it comes to diet, training, and proper recovery time, or you have elite genetics, you can make progress better than me. I don't think I have very good genetics so if you're ready to work hard, you can probably make better progress than I did in a year. 

Curious to see how people view this as a 1 year transformation. These photos are actually exactly 1 year and 2 days apart, btw. I plan to make only better progress in the next year, now that I have better knowledge of my own body, and what works for me and what doesn't. I was also struggling with depression at some points during the earlier part of the year which hurt my sleep habits quite a bit and probably affected my training intensity as well. 

Please, let me know what you think! I'll probably add a few more pics in a few days as well.  ",11,2018-02-14 09:08:30,36,https://www.reddit.com/r/Fitness/comments/7xgslp/1_year_progress_male_age_1920_natural/
Transformation Update: 144 lbs -> 180 lbs -> 155 lbs | My first cut,"M / 31 / 5' 9""

I posted a [transformation back in August 2017](https://www.reddit.com/r/Fitness/comments/6sdzvf/1st_year_transformation_144_179_lbs_nonstop_lean/) of my first year bulking from 144 lbs to 180 lbs. I was feeling great in the gym, happy with my lifts and overall progress. For no reason other than to experience my first cut, I decided to do just that and see what it was like. I wound up at 155 lbs before I couldn't stand the feeling of not getting enough carbs for an awesome workout and after watching my strength, the thing I worked so hard on over my first year, deteriorate.

[Start @ 144 lbs](https://i.imgur.com/Sj7a39U.jpg)

[End of 1st bulk @ 180 lbs](https://i.imgur.com/bgsR3yI.jpg) -  *I get it, I didn't shave, and I'm a hairy mofo*

[Now @ 155 lbs](https://i.imgur.com/utQj7wx.jpg)

[Back @ 155 lbs](https://i.imgur.com/41dPW7n.jpg)


I really don't know what my body fat % was at the height of my bulk vs. today so I'm sorry I don't have that info. I'm not experienced enough to throw out numbers of what I think a 20% BF vs. 10% BF looks like.


**GOALS**
The main reason why I decided to cut was really just to experience the process. I've seen a few guys at the gym go through their cuts to compete and the process seemed fascinating in addition to them getting shredded like a julienne salad. I have/had zero desire to compete, but hey, I put on some muscle, and dammit now I wanted to see what that looked like without the added layer of body fat hanging around. I set a goal to get to 155 lbs with no real reason other than I figured for someone who's my height and hit the gym 4+ times a week - it should show for a pretty nice and realistic physique. The wife and I have a trip to Hawaii scheduled in March so my ""due-date"" allowed me to take things nice and slow.



**DIET**
My starting calories at the height of my bulk were around 3,100 (P: 241, C: 376, F: 80) My plan was to slowly cut 200-ish calories every few weeks since I wasn't in a big hurry to lose the weight and I wanted to keep as much strength as possible and continue to take advantage from noobie-gainz that may have still been lingering. Technically speaking, the first month and a half I was still eating in a surplus so my workouts felt great and I felt like I kept my strength up, if not actually progressed a little.

My current macros today are | P: 165, C: 170, F: 65 so, just over 1,900 calories.

Starting the cut, I can't tell you how excited I was to not have to eat 5 times a day or feel like I was force-feeding myself. As time went on, I basically ate most of the same foods that I ate during my bulk, just less of them. I cut out the 'easy' calories like smoothies and whatnot and also got serious in watching my sugar intake. Each day was laid out in a similar way of:


**Breakfast**

* 3 eggs

* 2 egg whites

* 2 servings of frosted mini wheats with almond milk


**Lunch**

* 1/4 cup brown rice

* 5 oz. chicken


**Pre-workout**

I started to notice I had a better experience at the gym if I had carbs in me 30 minutes or so before-hand. This is one of the reasons I kept my carbs light for lunch (because I didn't *need* them for my desk-job) so I would typically eat some cereal or Optimum Nutrition has some Protein Cake Bites that are DAMN GOOD and did the trick. It made for a nice jolt of sugars and carbs to use for the workout.


**Post-workout**

I continued to be religious with a double-scoop whey protein shake with 5g of creatine.


**Dinner**

Here is where I would simply eat to fill the rest of my macros. Potatoes or rice, chicken, cod and shrimp cooked with oil would usually did the trick. 


All-in-all, my diet was pretty boring. Sometimes I'd cook mixed veggies in for a lunch or dinner but it really didn't get any crazier than this. It just sucked keeping this up for the 6 months I cut for.



**STRUGGLING**
Perhaps setting a goal of getting down to a certain weight with not particular reason, other than to see if I could made things tough because I also figured I could keep my workouts intense and my strength progressing linearly. It seemed when I weighed anything under 165 lbs, I got a front row seat to watch my strength and stamina dwindle. The small carb intake made lifting heavy with the same intensity as I had during a bulk extremely difficult. The struggle with not being strong, or getting stronger AND getting shredded was tough to experience but I didn't want to give up either. There was a point when I had to swallow the ego, and just let the process do it's thing. That said, this process really tests you mentally and pushes your limits so I suppose I can be grateful for that learning experience and apply it later.


Food was another thing that was tough to keep super under control. I would estimate 80% of the time was spent clean eating but I never let a family party or dinner with friends get in the way of me eating... like, a lot. I'm talking, I didn't stop at just pizza, but I said ""yes please"" to cake and ice cream as well. I take for granted my natural tendency to be lean and would see that two days of light cardio would get me right back on track. I understand for some, this isn't fair, but it allowed me to bend my diet. THIS, isn't a good thing though because I imagine I took advantage of it a few too many times.


One last interesting thing I noticed was there was almost a full month where my body just stuck around 165 lbs, regardless of the change in calories. During that month I dropped my daily calories by 400 but my weight seemed to only fluctuate a pound or two but it was always up or down. It wasn't until dropping the calories by 500 did my weight finally start dropping as well. I don't really know what this was all about or if I was just tracking macros wrong during this time but found it an interesting struggle nonetheless.


BEING SORE more times than not sucked hard. Getting down lower and lower in my carbs I would feel that I wasn't recovering the same. I'm no nutritional expert but is there a correlation here? I never got sore so often during the bulk. Is this due to the volume work during the cut vs. more strength work during my bulk or is this nutritional? In any case, leg days would put my hamstrings being sore for 3-4 days and deadlifting constantly left my butt and lower back aching as well. 



**PROGRAMMING**

During this cut, I ran two programs. The first program I ran was the [Free Powerbuilding Program from Brian Alsruhe](https://www.youtube.com/watch?v=99ksGGmVaAM). 
This was a 4-day a week program that went 12 weeks. He designed each day to incorporate 'giant sets' which typically put an antagonistic movement, then a main movement, then a core movement together all without resting in between movements. For example, when bench pressing you might do 8 bent-over rows (*antagonistic movement*), then 8 bench presses (*main*) and finally 8 knees-to-elbow pull-ups (*core*). The three together, were one set and you'd have 4 or so sets. 

This made for shorter gym-days and frankly felt like you were working cardio in the mix. This program was designed to do on a caloric surplus but what I can say is that my strength stayed relatively high on week 12 when I re-tested my 1RM (*I'll list those numbers below*)


The second program was a Kizen ""[Strength Training & Fat Loss](https://kizentraining.com/p/strength-and-fatloss-program-12-week)"" program designed to incorporate lots of volume which I imagine would help to preserve muscle mass while on a caloric deficit. Their system was designed to keep macros structured where you kept your protein and fats relatively high, and cut your carbs. I'm not going to lie, but I hated this program lol - Not because I think it didn't work, but because of all the damn volume. During my bulk, I loved training like a powerlifter where it's a 5/3/1 type layout or where you would continue doing a single rep of heavy weight... Pulling a single 425lb deadlift felt easier than five sets of ten at 270 lbs! In a caloric deficit, this felt like straight death. I also started to notice my workouts taking upwards of two hours just from resting and feeling like shit. I was grateful when I ate pizza over the weekend from a birthday party since the carb surplus would make me feel like superman at the gym for a day.


Both of these programs were neat, but ruined because of the cut. Sorry if I sound like a whiny bitch but again, the amazement in what a caloric deficit does to training just....sucks lol



**MY LIFTS**
I can't complain much about where my lifts wound up since they mark the new foundation and starting point to bulk back up.
Top of the bulk | **Bench:** 225 x 1, **Squat:** 315 x 2, **Deadlift:** 415 x 1


There was only one time I tested my 1RM during the cut and I weighed ~ 165 lbs. During this time, here were my maxes | **Bench:** 205 x 1, **Squat:** 315 x 1, **Deadlift:** 425

I was damn happy but I did have another 10 lbs to lose. TODAY I honestly don't know what my 1RM might be since I've been working on a lot of volume work. Plus, my current diet makes sure any weight I lift feels 10x heavier than it actually is so I haven't attempted any 1RM.



**WHATS NEXT?**
Uh, bulking, here I freggin come!!! I haven't solidified any numbers I'd like to hit during the bulk but I figure when I get to the point where I think I'm fat, I'll drop to maintenance and re-comp there but probably not legit cut for a while. I might hop on the [ol PPL](https://www.reddit.com/r/Fitness/comments/37ylk5/a_linear_progression_based_ppl_program_for/) routine from /u/Metallicadpa and see how far I can get with a linear progression-type format and for the fact that I REALLY loved this program. I also have a [16 week ""Powerbuilding"" program from Kizen](https://kizentraining.com/p/powerbuilding-16-week) that I'd like to try out. I simply can't wait to get back into a caloric surplus haha!



**SOMETHING TO TAKE-AWAY**
For any of my skinny dudes out there lifting for the first time, keep bulking as clean as possible, for as long as possible. If you start to feel fat, keep your calories/macros right where they're at for a few months and just keep hammering away at the gym. I've had a few knowledgeable gym buddies ask me ""why are you cutting?"" and even had a few say to me ""I think you looked better at 180 lbs"" and you know what?.?.? I would agree! This was a cool experience which continues to fascinate the hell out of me BUT, the exhilaration of them calories working their asses off to provide an intense workout is just AWESOME so keep that going! Being lean naturally doesn't really require much need for cutting.


Diet is freggin everything!!! Who would have thought, right? It's exactly what people say. Weight itself is a product of calories-in vs. calories-out; believe in it and you'll see results. It's the proper balancing act of your macros that will determine the extent of those results.",1930,2018-02-11 16:02:18,248,https://www.reddit.com/r/Fitness/comments/7wtk0o/transformation_update_144_lbs_180_lbs_155_lbs_my/
4 year transformation - 165 lbs to 172 lbs,"[Transformation pic](https://i.imgur.com/EGdXWgG.jpg)

Over 4 years I was able to achieve my near goal physique through proper training and diet. In the beginning, like many of us, I started in the gym not having any direction, doing curls and machine chest presses for months and making minor gains. For about 2 years, I followed my own ""program"" which had no structured progression and far too much variation, and led to a very mediocre physique. 

[This](https://i.imgur.com/KYEmYvO.jpg) is me after 2 years of training, at 175 lbs. 

It was at this point that I started becoming more focused into powerlifting, and started Brandon Campbell's PHUL program, and followed a progression scheme that ensured I was adding weight and/or reps each workout. It was during this time I started making the most gains. Before starting this program my lifts were approximately 185 lbs bench, 225 lbs squat and 315 lbs deadlift. 

After around 6 months of PHUL, I began a ""bulk"" (eating everything in sight... do not recommend) and ended up looking like [this](https://i.imgur.com/I6bUIAv.jpg) at 200 lbs. While I was pretty strong, I was blinded by my strength gains and didn't realize how much I had blown up. It was then I decided to start a ketogenic diet. 

Through this diet, I lost 28 lbs and ended up with the ""after"" physique you see above. For those of you unfamiliar with keto, it is a high fat, low carb diet. My daily food intake looked something like this: 

Breakfast 

3 eggs

4 slices of bacon

1 oz cheddar

Avocado

Lunch:

8 oz ground beef

1 oz cheese

Serving of veggies

Dinner was similar to lunch.

For snacks, I drank protein shakes to fill in my protein requirements and ate quest bars for the fiber and protein as well. Occasionally I would have some full fat Greek yogurt (Fage brand is relatively low in carbs) or whole milk (Fairlife Milk is relatively low in carbs).

This all added up to somewhere between 1900-2100 calories daily.

During the diet, which lasted about 7 months, I started the n-suns 5/3/1 program and made significant gains even while cutting. My lifts went from 

Squat: 340 lbs > 370 lbs

Bench: 230 lbs > 240 lbs

Deadlift: 385 lbs > 440 lbs

OHP: 145 lbs > 155 lbs

I had awesome success with a strength based program despite having virtually no carbs in my diet, and it helped me to achieve my goal! 

Now, this after pic (which some of you may recognize) was almost a year ago now. Since then, I gained about 5 lbs and continued working on my strength. I wish I could say my physique is still as impressive as the peak of my cut, but I'm still dieting to hopefully get more shredded this time around. [This](https://i.imgur.com/mK0XbVo.jpg) is my current physique, and hope to update you once I finish the current cut! I'm aiming for sub 170 lbs bodyweight. 

Thanks for reading, and hope some of you take some inspiration from my story!

Edit: 27 years old, 6’ tall",993,2018-02-08 20:33:54,97,https://www.reddit.com/r/Fitness/comments/7w7w58/4_year_transformation_165_lbs_to_172_lbs/
Scientists Found “Muscle Growth Memory” Evidence,"New Study Found That When We Get Strong Future Workouts’ Muscle Growth Is Boosted By Muscle DNA Changes


New research has found that our muscles’ DNA is able to “remember” periods of growth. This finding has important consequences for bodybuilder and professional athletes who have used steroids to quickly stimulate muscle growth.

The study has been conducted by at team at Keele University and published online in Scientific Reports. The scientists have found that earlier growth determine the epigenetic memory of the human skeletal muscle.

According to Newsweek, this exciting discovery of “muscle memory” has dramatic potential for the long-lasting effects of muscle growth drugs. The discovery of the muscle memory also offers new insight into how rehabilitation and exercise programs can target muscle growth responsible genes.

Eight untrained male subjects participated in the study over a 22-week period. Each subject performed a targeted resistance exercise that has been followed by a period of rest and another exercise. At several points across the study were taken muscle biopsies. The scientists analyzed for epigenetic alterations over 850,000 genomic sites.

Adam Sharples, senior author of the study, explained in a statement that when it grows following exercise in earlier life muscle genes become more untagged with the epigenetic information. Even when we lose muscle again, these genes remain untagged. The gene switches on to a greater extent because of this untagging, leading to greater muscle growth as a response to training in later life.

The study found several specific genes that have muscle epigenetic memory sensitivity. There is hope that this discovery will lead to improved treatments for athletes recovering from injuries. Another compelling implication of this study relates to athletes taking performance-enhancing drugs.

According to Robert Seaborne, a PhD study under Sharples, the muscle of athletes who take performance-enhancing drugs may retain a memory of this prior muscle growth. This has important consequences for bodybuilders.

Performance-enhancing drugs are considered in sports circles as doping. They are any substance used to increase athletic performance and help muscle growth. Among them, the most well-known are anabolic steroids, human growth hormone, androstenedione, diuretics, erythropoietin, stimulants, and creatine. The most widely used are the steroids. According to Popular Science, a natural process in the body is supplemented by the drug. In fact, muscle growth takes place in our bodies by using natural steroids. By taking anabolic steroid the speed of muscle growth increases.

If you are looking for a natural and safe alternative to induce fast and significant muscle growth, try a natural testosterone booster such as TestRX.

This post was first published on http://scribbleandscroll.com/scientists-found-muscle-growth-memory-evidence/.",1,2018-02-02 11:42:54,0,https://www.reddit.com/r/Fitness/comments/7uqrai/scientists_found_muscle_growth_memory_evidence/
Gain Muscle Mass With 5X5 Bodybuilding Program,"What is the 5X5 bodybuilding program? For anyone who plans to gain some impressive muscle mass, one top priority is to find the best training method for this goal. I’ll talk in this post about the top workout set-ups that can help you gain muscle fast. Keep reading if you want to learn more.

It’s not always easy to determine what bodybuilding workout to follow. Choosing a workout to suit your needs is important, since there is such a wide range of different workouts available. In order to make the right choice it is essential to understand what are the factors that contribute the most in helping your efforts to gain lean muscle mass. You’ll be better on a training program based on these principles rather than one that is not.

Let’s see what is one of the best and most popular bodybuilding workout set-ups. I’ll also cover its pros and cons.

The 5X5 Bodybuilding Program
The 5X5 bodybuilding program is quite popular among bodybuilding and fitness enthusiasts who want to gain a high amount of muscle mass and strength.

The set-up of this program consists in performing three main exercises that are targeting the main muscle groups. The exercises target both upper and lower body in the same workout. There are typically five sets of five repetitions. You can add at the end of each workout a few sets of isolated exercises. This is optional and not required by the program.

Pros

Among the biggest advantages of the 5X5 bodybuilding program set-up is the increased frequency of training. You’ll see a very high release of testosterone since you will stimulate so many muscles every other day. This is generating a good degree of growth in muscle mass.

Cons

One of the drawbacks to the 5×5 bodybuilding program is that it’s not suitable for a beginner. If you are not careful, this intense program can lead to overtraining. If you want to jump into this bodybuilding training program it is best to have a 3-6 month lifting history behind you. This way you can ensure that your body is ready for an intense stress load.

The second con to this set-up is that you’ll need to be heavy lifting three times a week. Such a heavy training won’t leave much time for other sports activities. Therefore, in case that you’re involved in high-level athletics, you’ll have to choose a slightly less demanding program in order to avoid becoming overly fatigued.

Sample Workout

It’s recommended to perform the 5 X 5 bodybuilding protocol for the core exercises and cut back on the volume for the accessory lifts. If you are someone having difficulties recovering, then you may start with a 3 X 5 set-up first. Keep in mind that, if you are not careful, it can be easy to overtrain on this program.

Alternate three times a week between workout A and workout B with at least one day off between sessions. It is advisable to rest for 30-to-45 seconds between sets for the accessory exercises and 60-to-120 seconds between sets of the core exercises.

Workout A

1. Barbell Squat
5 sets of 5 reps

2. Medium Grip Barbell Bench Press
5 sets of 5 reps

3. Bent Over Barbell Row
5 sets of 5 reps

4. Pullups
2 sets of 8 reps

5. Side Lateral Raise
2 sets of 8 reps

6. Sit-up
2 sets of 15 reps

Workout B

1. Front Barbell Squat
5 sets of 5 reps

2. Seated Barbell Military Press
5 sets of 5 reps

3. Barbell Deadlift
5 sets of 5 reps

4. Barbell Curl
2 sets of 8 reps

5. Seated Triceps Press
2 sets of 8 reps

Conclusion

Bulking up with muscle mass is actually a complicated process. Gaining muscle is, in fact, involving several different routines. Anyone who goes the gym for a few hours a week, yet doesn’t rest well, eats fast food, and doesn’t pay attention to other factors in his life is not going to achieve good results. Taking into consideration only one or several of these muscle gainer routines can only make you grow frustrated with the results.

Fortunately, there is a shortcut to fast muscle growth. And no, it’s not about steroids. This steroid-free supplement is a testosterone booster. We all know that testosterone is the male hormone responsible for strength, body hair, and a deep voice. But what many guys still don’t know is that testosterone is also the hormone vital to energy levels and muscle gain. As you age, testosterone levels drop. For that reason you need to work harder to build muscle and gain strength if you are older. The harder you’ll have to work out, the older you get just to maintain what you’ve built already. That’s unless you decide to take a shortcut and boost your testosterone levels.

Testosterone helps men be man, increases libido and boosts energy levels. With a lower level you’ll have trouble pushing through your workouts, feel run down, and become frustrated when you begin losing inches around your chest, arms, or legs. Testosterone is vital to keep your body feeling and looking great as well as for your health.

This post was first published on http://scribbleandscroll.com/gain-muscle-mass-with-5x5-bodybuilding-program/
",1,2018-01-29 13:24:44,0,https://www.reddit.com/r/Fitness/comments/7ts9np/gain_muscle_mass_with_5x5_bodybuilding_program/
Best Bodybuilding Supplement Review,"I’ll focus this post on the review of the best bodybuilding supplement. As you may already know, a testosterone bodybuilding supplement is designed to improve your sex drive and workouts.

The formula contains a blend of nutrients that are clinically proven to enhance your body’s natural testosterone production. Being made of all natural ingredients, the product does not cause side effects and it is completely safe.

The product also offers many additional benefits besides helping bodybuilders achieve their training goals. These benefits are due to maximizing the testosterone levels. Among them, are greater levels of well-being, better overall health, greater, and better sexual functioning.

How It Works

My review of this bodybuilding testosterone supplement found out that this product is designed to improve overall male health. It can increase the levels of free testosterone in male bodies. It achieves this by using a formula made of natural ingredients. Research studies have found that certain natural ingredients work efficiently with the body in order to stimulate testosterone production. Do to that feature this is a bodybuilding supplement radically different from its competitors based on artificial testosterone.

Beginning around age 30, most men will experience a greater or lesser degree of free testosterone decline. As result of declining T levels, bodybuilders may notice a slow down in their muscle gain. According to experts, testosterone is important for both energy levels and muscle protein synthesis. These men often turn to testoserone boosters or bodybuilding supplements such as TestRX in order to enhance their workout performance.

Ingredients Of The Supplement Formula

Vitamin D3 (cholecalciferol) Vitamin K2 Vitamin B6 Magnesium Zinc Vitamin D Fenugreek seed extract

Pros

My best bodybuilding supplement review has found that users of this product are usually leaving positive feedback. Among the many advantages of taking this product is the fact that it is manufactured by a reputable company. By purchasing this product you have the peace of mind that you’ll get high-quality ingredients. Each of the ingredients in its formula were individually tested for their efficiency and safety in numerous studies.

You can find valuable information about the supplement such as product manufacturing, use, ingredients, packaging, and purchasing on the manufacturer's website and the official product website.

The product also comes with a generous 60-day money back guarantee. That means you can try it risk free and really have nothing to lose. In case that you are not content with the product or do not experience the claimed results all you need to do is to pay the shipping fees. The seller of the product you send you a full refund on your order.

Cons

A con to the product is the fact that there are no clinical trials on this product that could guarantee its safety and efficiency. This bodybuilding testosterone-based supplement does not have any major cons other than that.

Features

This bodybuilding supplement comes in a package containing 120 capsules. It is recommended to take 4 capsules per day, so the package will basically last for one month. It is advisable to purchase several boxes of product at once when placing an order. This way you can take advantage of a significant discount. The daily dose of is consistent with a 2000 calorie diet and the product is designed as a dietary supplement.

Side Effects

As it is based on an all natural formula, fortunately there are no reported side effects. However, in case that you may have any concerns regarding this supplement you should consult your doctor. For instance, it is important to talk with your physician about how it may will interact with the medication you are currently taking.

Dosage

As mentioned above, in one package are 120 capsules. It is advisable to take 4 capsules a day in two dosages. Take one in the morning and one in the evening, with a glass of water. It is important to ensure you do not exceed the recommended daily dose.

FAQs

Q: When can I expect the first results? A: After first taking the supplement you may notice within one month the first results.

Q: For who is suitable the testosterone booster product? A: This product a natural testosterone booster designed for men between 45 and 65+ dealing with symptoms of low testosterone.

Q: Is there any customer support for the testosterone supplement? A: Yes, you can speak with live customer service agents 7 days a week. They are very discreet, friendly, and well-trained.

Q: What exactly is this supplement? A: This is a bodybuilding supplement designed as a natural booster of testosterone levels. Its formula contains natural ingredients such as Tongkat Ali and Withania Somnifera. Other ingredients includes Fenugreek, Tribulus Alatus, Agaricus Bisporus, Ashwagandha, Brassica Campestris and Vitamin D3. They naturally stimulate testosterone production in your body, so you can enjoy without hormone replacement therapy the benefits of high levels of this masculine hormone.

Q: Is this a steroid? A: Steroids are defined as a class of drugs mimicking testosterone. That means that this product is not a steroid. It is just a bodybuilding supplements made of natural ingredients including botanicals and amino acids. Clinical studies have shown that these ingredients can naturally stimulate the body’s production of its own testosterone.

Q: Is this legal? A: Yes, of course it is legal!. It is not a drug but rather a completely legal dietary supplement.

Q: What effects can I expect from this supplement? A: Everyone is different, but testosterone has a very important role in men’s overall quality of life and health levels. Testosterone influences, among other things, relationships with others, your energy levels, erection quantity and quality, sex drive, your mood, and bone thickness.

Q: Is it safe to take it? A: It is recommended to consult with your doctor in case that you are concerned about how this supplement interacts with any specific medical conditions and health concerns you may have. Aside from that, the product is made in the U.S., at a cGMP-compliant facility. The manufacturing process respects strict safety and health regulations. Research on the ingredients used in its formula show they are generally well-tolerated. Most users of this product do not report any problems at all.

Q: Is it possible to buy it without prescription? A: Yes, of course. Being just a dietary supplement, you don’t need a prescription to purchase this product.

Q: How fast can I expect it to work? A: Most guys report the first results with this supplement within three weeks. They generally achieve more frequent and larger erections, bigger muscles, and other benefits between three and six months. However, you need to keep taking it in order to maintain the benefits.

Conclusion

I hope that my best bodybuilding supplement review will be helpful for you. If you want to gain muscle mass fast, then this testosterone booster is an optimal choice. That’s why I greatly recommend this reliable and efficient bodybuilding supplement.

The information was first published on http://scribbleandscroll.com/testrx-best-bodybuilding-supplement-review-video/",1,2018-01-28 19:38:02,0,https://www.reddit.com/r/Fitness/comments/7tmhwz/best_bodybuilding_supplement_review/
Good strength training books?,"Hi - I'm looking at buying a book on compound exercises, not really diet and definitely not steroids - just looking for a book on pretty much progressive overload on compound lifts. ATM I'm on a toss up between Starting Strength 3rd Edition and The Strength Training Anatomy Workout by Frederic Delavier. Do any of you guys have recommendations? I'm not into isolation either - would be cool if the books mentioned weighted chinups/front squats/shrugs but my main goal is standing ohp. Thanks!",10,2018-01-28 11:52:03,9,https://www.reddit.com/r/Fitness/comments/7tjur5/good_strength_training_books/
"Cheap dumbells, collar wants to unscrew while lifting. Any homebrew fix?","Just started lifting as a hobby, nothing intense so I wanted some cheap dumbells. I picked [these](https://i5.walmartimages.com/asr/34f19190-17fd-4cb1-9b28-e9bc2c0a4ae1_1.328e0c7d738f6f52a29694e3769fd0a3.jpeg) up but the collars want to screw off while doing curls, presses, etc. Anyone know an easy fix? They're common enough, surely others have the issue and have recommendations.  

Followup: Heated electrical tape on the threads was a little help but probably not worth the shredded mess of electrical tape sure to come after screwing and unscrewing the collar for a few months. ",9,2018-01-24 22:16:05,21,https://www.reddit.com/r/Fitness/comments/7sqxdf/cheap_dumbells_collar_wants_to_unscrew_while/
Maximizing gains,"How can I maximize the gains made in the first year of lifting? I am doing a PPL program, but I read somewhere that to maximize noob gains in the first year, one should follow a simpler program like Starting Strength or Stronglift and ditch the complexity of PPL.Is this true ? I understand how important those programs are but I simply don't like how low volume and frequency they are . I ran a program that was high frequency and medium volume a month back and made pretty decent gains . Should I start PPL ? Btw, already know that a bodybuilding split is pretty shit for beginners and natties that's why I'm not interested in them",0,2018-01-22 23:19:52,16,https://www.reddit.com/r/Fitness/comments/7s9zc6/maximizing_gains/
"Can anyone explain ""farm strength?""","I was reading about Herschel Walker recently. In one interview he said something like ""I figured if all these farm hands could get big and strong by eating like this and lifting hay bales that I could, too.""

That reminded me of a few people I've met over the years that are ""farm strong."" These guys eat once a day (coffee for breakfast, next to nothing for lunch, steak and potatoes for dinner), don't count macros or anything, don't use a routine, no supplements, no steroids, and they use the same muscles every single day without much of a break.  Most of them smoked or used some kind of tobacco, drank on a regular basis, and never played organized sports (with the exception of one or two).

Yet somehow they're insanely strong people. A handful of them have stepped into the gym once in their lives and throw up 300+ lbs on the bench press like it's nothing.

I've met probably 10 people like this. Some of them in my family and others I've met in passing. All of them think I'm overthinking things by sticking to a weightlifting program, counting macros, and taking expensive supplements.

I'm posting this to see if anyone can explain how they achieve this strength while going against almost everything preached in this and other fitness / lifting forums.",41,2018-01-03 17:58:21,114,https://www.reddit.com/r/Fitness/comments/7nwcco/can_anyone_explain_farm_strength/
Endomorph 6’ 300 lbs is this a good plan to follow?,"I was just hoping someone could tell me if this is an okay fitness plan to get back into having a good amount of muscle and far less fat without having loose skin. 

https://www.bodybuilding.com/fun/jim-stoppani-six-week-shortcut-to-shred.html

I’m 22 years old and played sports my entire life in high school I played defensive end and guard in football and weighed 260 at my peak strength but still carried a moderate amount of fat. Most of the muscle in my thighs has turned to fat it seems and I carry most of my fat there and in the gut. I’ve read the faq and what not but didn’t see anything in the rules against asking a question like this. I’m not entirely sure but I’m also concerned I have low testosterone as I have very light thin body and facial hair as well as “man boobs” for lack of a better term so I don’t know what significance that holds. I’ve cut out all liquids other than water already and I’m gradually increasing how much exercise I do daily and have yet to start losing more than a couple pounds a week. 

Any help or suggestions would be greatly appreciated. Also anyone with similar issues if you could tell me what you did to make changes that would be amazing as well. 

Edit: Thanks for the advice everyone, I just took my before picture and I’m excited to start changing my life for the better. I’ll report back with progress in a short while!",0,2017-12-29 02:47:54,30,https://www.reddit.com/r/Fitness/comments/7mrht6/endomorph_6_300_lbs_is_this_a_good_plan_to_follow/
M/21/5'10 - 8 months of bulking - 45 pounds gained (155 to 200),"https://imgur.com/a/UpGLi went from 155 pounds to 200 pounds. I'm not stupid, I know I've gained a lot of fat. But I've built a solid base and have developed a passion for iron.

I started off pretty athletic. In the before picture I had never touched a barbell in my life, but at the time I was able to do about 50 push ups and 10+ pull ups, and I was an avid long distance runner. 
Diet:

Basically I have dirty bulked my way to this point. Pretty hard. I know it's completely unhealthy, but I found it worked for me the best. I would generally eat 4000-5000 calories a day on average, eating tons of junk food, pizza, fruits and veggies, and 5 protein shakes a day. By not having to worry about calories, it took the diet part of bulking out of the equation and mentally it made me feel like I had more focus on just getting as strong as humanly possible. Obviously this isn't optimal, and I plan on doing more of a lean bulk next time around, but I really feel as though it is the quickest way to milk your newbie gains. This was really easy for me considering I grew up a fat and eating has always been easy for me. 

Training:

Started out with stronglifts 5x5 for about 3 months, made some decent gains. It really helped motivate me at first since I had never touched a barbell in my life. I was very intimidated by the thought of lifting because I had never done it before and had no idea what to do, but stronglifts being just a few exercises just made it so easy. Without stronglifts I simply would have never started. I wanted to work out more so I moved on to an upper/lower split that I made (dumb idea) and ended up burning out after just a few weeks, ended up over training. At this point I tried out a ppl that I also created and enjoyed it, but wasn't really that thought out. After a few weeks of bad progress I found r/fitness and settled with n suns 6 day deadlift. At this point I was about 4 months into lifting and had a bench 1rm of 185, squat 1rm of about 250 and a deadlift 1rm somewhere in the 300's (not sure exactly). This is where I really started making the most gains. This program really kicked my ass but really paid off in the end. It was the 6 day deadlift, because I really enjoyed deadlifting. I was progressing about 5 pounds a week on bench and ohp and 10 pounds on lower body lifts. And I did from about august until last month, which is when I first started stalling with nSuns. I was failing my deads and bench sets pretty badly. I tried deloading but ultimately decided to just take a break from the program itself since it is such high volume, and decided to try the Candito 6 week Strength Training Program to switch things up a bit. Right now I'm on week 3. It definitely has a lot less volume, but the intensity is pretty high and I'm hoping to set some cool PR's on week 6, might even do a mock meet in my gym. I am very interested in training as a powerlifter going forward. I find it way more motivating trying to lift more and more weight on the big 3 and to think about maybe competing in a few years when I actually have a respectable wilks score. After I finish the Candito program I may go back to nSuns or do another 6 weeks of Candito if the results are good. 

Starting lifts:
Bench 95/ Squat 115/ Deadlift 135
Current lifts:
Bench 265/ Squat 345/ Deadlift 460

I'm basically done gaining weight, and am ready to shred for the summer!

After new years I will start cutting slowly at about 400 calorie deficit and try to cut down to about 12-15% body fat. I literally have zero interest in going any lower than that. I feel that is where you lose the most mass based on what I've seen from other people. Seems as though 10-15% is most optimal for strength training and athletic performance. 

It's crazy how much you can change, and am excited to see what I can accomplish in another 8 months. I see a lot of people on here struggle with bulking and building mass and even though I've put on quite a bit of fat, I feel I've made awesome strength and muscle gains and the only thing I can say is to really focus on progressively overloading your lifts and eating a lot. People seem to underestimate newb gains. I know I'll never make these kindz of gainz again, and really just wanted to put myself in the position to grow as much as possible. I figured as long as I didn't get literally obese and 300 pounds I'd be able to easily lose the fat like I have done in the past (grew up a fat kid). Hope this post can help others who are trying to milk their newb gainz!


",714,2017-12-29 02:44:57,153,https://www.reddit.com/r/Fitness/comments/7mrh6v/m21510_8_months_of_bulking_45_pounds_gained_155/
Get To Know More About Skin Laser Center Richmond Hill,"By Daniel Thomas
   
   
As a matter of fact, laser skin resurfacing has been proven as a great way to reduce age spots, acne scars, and wrinkles among other blemishes. At the same time, this technique has been used to balance tone and tighten skin. However, since lasers can do a lot and can vary widely, it may become a challenge to know where to begin when looking for treatment. Nevertheless, [Skin Laser Center Richmond Hill](www.razilaser.ca/) would be a good starting point.
   
   
 Generally, performing a thorough research on the resurfacing procedure ensures that you are not overwhelmed but rather informed. Usually, this resurfacing procedure removes skin layer at a time and with precision. It is the new skin cells which form in the healing process that makes skins younger and tighter. However, this procedure may be performed alone or in combination with other cosmetic procedures.
   
   
 If you wish to have the procedure carried out to eliminate blemishes on the face and on any other body part, you can begin by paying visits to dermatologists or plastic surgeons. Such persons usually confirm if you get qualified for this procedure. You also need to have the doctor be aware of any fever blisters or even cold sores especially around your at this time. Doctors will as well give recommendations that will ensure the success of the procedure.
   
   
 Basically, this procedure is an outpatient one meaning you will not remain in the hospital overnight. During this procedure, your doctor may just treat the blemishes around the mouth, forehead or the eyes individually or on the entire face. If the treatment is being done on a small area, local anesthesia is used to numb the area. A sedative may also be used as well. For the whole face, a general anesthetic may be used.
   
   
 Normally, parts of the facial areas last around 30 to 45 minutes even as the entire face lasts up to 2 hours. After completing the treatments, the treated parts are usually bandaged. After about one day, you can have the area cleaned around four to five times then apply ointments such as petroleum jelly. These ointments are used to prevent scabs. Nonetheless, swelling remains normal once the procedure is done but doctors can administer steroids in order to keep the condition under control.
   
   
 Working on the whole face may take around one twenty minutes while a certain region in it takes around three-quarters of an hour. Bandaging is also applied on the areas treated after completion. However, the bandages are removed after twenty-four hours where cleaning is done. This cleaning may be done four or five times an application of an ointment such as petroleum jelly is done. Ointment application reduces scabbing.
   
   
 On the other hand, a poorly trained person may be dangerous and ineffective. Therefore, it is essential to look for a resurfacing provider based on qualification, training, and level of experience. Again, you should not base your selection solely on who gives a better deal. However, you should consider all the factors.
   
   
 At the same time, some conditions and medications affect how you respond to the laser treatment. For this reason, you should disclose to the doctor of any supplement or medication you are taking, as well as your medical history. Nevertheless, laser resurfacing is a great procedure that restores and rejuvenates your skin and gives it a glowing, smooth and a thick appearance.
   
   

   

   

   
 About the Author:
   

   
If you are looking for the facts about [skin laser center Richmond Hill](http://www.razilaser.ca) residents can come to our web pages today. More details are available at http://www.razilaser.ca now.
   

   
   
   
 from physical exercise http://ift.tt/2C8AoKb
   
   
 via [IFTTT](http://ift.tt/1gYSBZM)",1,2017-12-26 15:23:39,0,https://www.reddit.com/r/Fitness/comments/7m8aqi/get_to_know_more_about_skin_laser_center_richmond/
6 day PPL + HIIT,"Does anyone here run a 6day PPL program while also incorporating HIIT 2-3x/week? I really use up a lot of my energy lifting and since I want to really shred up from ~15 bf to sub 10%, I was wondering if  replacing some of my daily LISS jogs with HIIT would be too taxing and if so, will my body adapt? Ive been recomping fairly nicely but I also want some variety in terms of cardio without destroying my body :D I would like to refrain from dropping my calories too low, hence the cardio.",11,2017-12-18 18:54:23,5,https://www.reddit.com/r/Fitness/comments/7kn9pe/6_day_ppl_hiit/
"7 Month Cut, 230 lb -> 208 lb","Male, 6’0”, 23 y/o
230 lb → 208 lb over 7 months.

I spent the last 7 months losing weight. Here is some of the associated data with some additional information. 
 
https://imgur.com/a/DLn1u

---  

I started lifting about 5.5 years ago weighing around 185 lb (84 kg) at 6ft (183 cm) tall (natty af). I went up to about 235 lb (106 kg), competed twice in powerlifting at that weight, dropped back really slowly to about 218 lb (99 kg) and competed there, then blew back up to 232 lb (105 kg) in about 6 weeks (on purpose) to be as strong as possible for a meet I decided to sign up for relatively last minute (i.e., 7 weeks out lol). Being 230+ lb (104 kg) always felt too heavy, just carrying that weight around seemed unnecessary. 220 lb (100 kg) was more comfortable, but I wanted to see what 210-ish lb (94 kg) felt like. Now that I’m here, it feels good but I think I look a bit too thin. I am certainly the leanest I have been since I was 175-185 lb (80-84 kg) during high school cross-country (5K) and track (3200, 1600, and sometimes 800 m), and certainly far stronger.

---

**Diet:**
I counted calories to the nearest 50, aiming for 4000 initially, and slowly decreasing that over time as can be seen in the album. I was aiming for to reach 210 lb (95.5 kg) by the end of the year and adjust calories to keep my rate of weight loss at a rate (based on the best-fit line in my weight loss plot) that would put me at 210 lb in December. I counted protein as well starting about halfway through the cut, aiming for at least 1g/lb of BW. I tracked everything using google for calorie searches on unusual food items, a whiteboard, and my memory. I don’t count the calories in vegetables, and was probably eating 5 servings of veggies (broccoli, spinach & other greens, tomatoes, celery, carrots, asparagus) a day. From previous intermittent checking of my macros, I was probably somewhere around 40-50% carbs, 20-25% protein, and the rest fat. Here is an average weekday for reference:

*Breakfast:*  
950 calories, 71g protein (all in a shake)  
24 oz whole milk  
1 rounded scoop whey protein  
2 round tbsp ground flax seed  
1 scoop soylent powder  
1 scoop creatine
Vit D
Fish Oil

*Lunch:*  
1250 calories, 76g protein  
24 oz whole milk  
1 rounded scoop whey protein (in the milk)  
Peanut Butter sandwich (~3 TBSP PB on whole wheat bread)  
Apple  
Raw broccoli  
Whole carrot  
Half cucumber

*Pre-workout Snack (if lifting):*  
400 cal, 40g protein  
1/4 cup mixed nuts  
1 rounded scoop whey protein in water  
Banana

*Dinner:*  
Hit my goal calories and get at least 1g/lb BW in protein with whatever I have, e.g.  
Chicken/steak/ground beef/ground turkey  
Tortilla/Buns/Rice/Pasta  
Cottage Cheese  
Cooked leafy greens and onions  
Tomato  
Pear/berries/tart cherries from a can  
2 cups decaf coffee (I like coffee but pretty severely limit my caffeine use)  
Dessert (whatever fits into my remaining calories after hitting 1g/lb BW protein)

*Supplements:*  
Creatine, 5g/day  
Fish Oil, 650mg of total EPA+DHA/day  
Vitamin D, 2000 IU/day

---

**Programming:**
Heavy Light Medium, using exercise variation to achieve the differences in loading. This looked like me lifting 3x/wk, ideally with a two rest days before the heavy day, but due to life happening the rest days got shuffled around. There were also a few trips/vacations/visits where I took extra days off.

The weights listed next to the following lifts are the top numbers I hit during the cut, which occurred about halfway through on everything except the chins, dips, lever rows, and pendlays rows, which kept going up until the end

*Heavy Day:*  
Belted Low Bar Squat - 3x5 (SetsxReps) - 367.5 lb  
Bench Press - 5x5 - 240 lb, superset with  
Weighted Chinups - 5x5 - BW+66.25 lb 
Deadlifts - 3x5 - 405 lb

*Light Day:*  
Front squats - 3x5 - 250 lb  
Standing Barbell Overhead Press - 5x5 - 125 lb, superset with  
Lever Rows with a barbell jammed in a corner - 5x5 - barbell + 136.25 lb  
Power cleans - 5x3

*Medium Day:* 
Beltless 2-count Paused Squats - 3x3 - 307.5  
Weighted Dips - 5x5 - BW + 83.75 lb, superset with  
Pendlay Rows - 5x5 - 285 lb  
Beltless Sumo Deadlifts with straps -3x5 - 390 lb

I tried to increase the weight by the minimum possible on each lift each session. For examples, belted low bar squats went up 2.5 lb every Heavy day (the gym has 1.25 lb plates), but lever rows went up 0.625 lb because I could load one 1.25 lb plate at a time. If I hit a wall on a lift, I reset to a number I was comfortable with. Eventually further variation started to creep in. For example, I eventually started doing alternate weeks with barbell bench press for a 5x5 one week, then dumbbell bench press for 5x6+ the next week, then back to bench press + 2.5 lb. I kept the DB weights the same and tried to add reps. I did the same with press. For belted low bar squats the alternate week was a 3x3 at 10 lb more weight. Everything else remained the same with the goal of pushing the weight up over time.

The result of that was that I managed to only get slightly weaker by the end of the cut, which you can see in the estimated max values for all my lifts in the album.

From an optimal programming perspective, I would probably dump sumos since they feel like crap on my hips, mixed grip felt like garbage with them, I never really figured out how to hook grip more than a single, and most importantly they were basically matching my conventional deads in weight by the end of the program, making it more of a Heavy Light Heavy program. I think something like beltless paused deadlifts or RDLs would have been a good substitute there.

I think the biggest benefit of this program was the constant, heavy back volume. I suppose I have never really hammered my back in a program before so maybe it was going through some sort of novice gains phase. I added weight to the back movements every single time I went in the gym for the entire 7 months, and my back looked way more jacked in the mirror by the end, which was obviously also due to the cut. If I had previously had a lot of back training though, I don’t think having that sort of back work would have made sense in this program.

However, the most important effect of this program was the massive variety, and inclusion of things I basically had never done before (front squats, power cleans, sumo deads, lever rows) or things I like that I hadn’t done recently (pendlay rows, dips, weight chins). Learning new movements and doing fun things kept me coming into the gym despite the lack of objective, numerical progress with the weights over time.

---

**Cardio:**
For reasons that I don't quite remember, I got the idea in my head that adding cardio in various forms would be fun. That looked like this:

Heavy Day: nothing  
Rest Day: 5 min of 2:1 rest:work intervals on stationary bike in apartment gym  
Light Day: 14 min of 5:1 rest:work intervals (1:40 slow pedaling, 0:20 max resistance sprint) on a stationary bike right after finishing the light day lift  
Rest Day: 5 min of 2:1 rest:work intervals on stationary bike in apartment gym  
Medium Day: nothing  
Rest Day: Road run, starting at literally 0.25 miles around 9:00 min pace and trying to push up the distance and/or pace each week. I got to 2.4 miles or so around 7:30 pace by the end. If anything ever came up where I needed extra rest, I just skipped my run.  
Rest Day:5 min of 2:1 rest:work intervals on stationary bike in apartment gym

---

Next steps: Bulk back up to 220 lb (100 kg) over the course of this next year, literally Jan 1, 2018 to Jan 1, 2019. It should be a good chance for me to start from scratch with my lifting programming and stay lean-ish at what feels like a more normal weight for me. Maybe I’ll post again then.",91,2017-12-18 01:36:50,15,https://www.reddit.com/r/Fitness/comments/7ki07l/7_month_cut_230_lb_208_lb/
When to cut?,"I am still relatively new to Bodybuilding, but have been on a cut and at around 17-19% body fat. Thing is I dont have much muscle at the minute, I have muscle but not enough to look shredded. I am thinking about bulking to start to tighten up, but im not sure if that will just make me look even fatter? 

Im 5'7 and around 72kg. Ideally I want to get to around 10% but I dont want to get to thats skinny and have no developed muscles. Thanks in advance! ",3,2017-12-13 11:15:29,19,https://www.reddit.com/r/Fitness/comments/7jijze/when_to_cut/
Advice for someone about to start prep for his first IPL bodybuilding competition,"Hey fellow fitness enthusiasts!

After two or so years of going to the gym consistently, I have decided to try my hand at a natural bodybuilding competition with the International Physique League (IPL).  Preparation starts on 12/23 and will be a 16-week long cycle leading up to the competition in April.  I have a meal plan, will be lifting with my trainer 4x per week and doing cardio on my own 3x per week to shred down that body fat.... or at least that’s what I think my plan is right now.

I wanted to soak up as much fit redditor knowledge and lessons-learned for me to avoid any common bodybuilding pitfalls any of you may have experienced.  Was there anything particularly helpful you wish you knew ahead of time?  What should my expectations be?  My goal is to achieve the best possible physique I can in those 16 weeks while I’m still relatively in my prime.

A bit of background on me:
-Did a lot of cycling and triathlon stuff in my early and mid twenties... kinda slowed down as I was getting close to gettin married.  I’m male, 5’11”, 31 years old.

-Was at my worst in early 2016, weighing 227 lbs at 27% body fat.
-At my best in a loooong time today: 197 lbs at 19.4% body fat.

Now I’m just fixing to do my best to look my best on stage.  All your comments are much appreciated!!",1,2017-12-12 22:42:56,6,https://www.reddit.com/r/Fitness/comments/7jemw7/advice_for_someone_about_to_start_prep_for_his/
Are there any high injury rate calisthenic exercises?,"Are there any calisthenics that risk injury like muscles tears and that stuff? All those videos of people's tendons snapping and legs bending the opposite way and bones breaking have scared the shit out of me, and since I don't need to get ultra shredded I only do calisthenics lol. Are there any calisthenics that risk those things? Or not really?

 I'm guessing I should warm up either way but honestly calisthenics themselves seem like warm-ups so...",3,2017-12-05 01:43:17,13,https://www.reddit.com/r/Fitness/comments/7hmank/are_there_any_high_injury_rate_calisthenic/
PHAT Guide,"Has anyone actually bought the advertised guide on the PHAT website? Its called 12 Week Shred Guide or something like that. For anyone that has bought it, is it worth it?",9,2017-12-02 20:28:14,2,https://www.reddit.com/r/Fitness/comments/7h51t7/phat_guide/
"Here is my routine, what am I doing wrong ?","First paragraph is some back info . Not really sure if it relates to my problem or not but decided to include it. You can skip to second paragraph where I start talking about my routine.

Like around 2 years ago I got emo depressed and sad and blah blah blah . Anyways I stopped going to the gym and stop caring about diet . I went from 160 pounds to around 215 . September I decided it’s time to get my shit straight and to kick off me getting back in shape I did a 23 day water fast ( no food for 23 days only water ) I lost loads of weight and went down to 180 the first 3 days of refeeding  I jumped up to 194 then after 3 days went down to 183 . And I fucking hate that number . 

So beging of October i weighted 183 ( I am 5’8” , 19 years old male  )and I started to get back in the gym lifting 2-3 hours a day 6/7 days hitting each muscle group twice a week while eating clean. November starts and I realize I never was able to get below 183 pounds . I weighted around 183 but never could go under it . So I decided to do more to lose weight since the beginning of November I been intermittent fasting and only eating around 1000 to 1300 calories max now it’s the end of November and I still can’t fucking go below 183 . I weight 184 currently. Here is my routine:

I fast till 6 pm 

6pm I eat first meal which is always:
- 2 cans of tuna in oil (140 calories per can) 
- 1 1/2 cup serving of cottage cheese (120 calories) 
- And one serving of leaf veggie (50 or below calories ) 
- Drink 2 scoops of pre- workout (20 calories)       
- Fresh Apple ( calories unknown)                        

Now I go to the gym usually 2- 3 hours of lifting . 
I come home and here is an example of what I eat :

- 2 servings of raw shrimp ( 240 calories)
- 2 scoops of whey protein ( 240 calories) 
- 2 serving of mixed veggies (100 calories) 
- 1 Banana (calories unknown)

1 or 2 chest meals a week . The day I have my cheat meal I usually eat out and that day I don’t eat anything else other than that cheat meal (cheat meal never exceeds 1500 calories). NOTE: there is usually a cookie or a soda and maybe a bite of forbidden food snuck in some days but it’s rare and NEVER in excess amounts . So not ever binge eating .

I wish I can include pics. But I do notice that I am looking a lot better than I started on October. But I still do have love handles and no lower abs to be seen .  I want to go down to 170 or below for maximum shred.

Could I be gaining lots of muscle back since I took a break ? And thats why I don’t go down in weight ? 

",21,2017-12-01 07:04:45,61,https://www.reddit.com/r/Fitness/comments/7gteq6/here_is_my_routine_what_am_i_doing_wrong/
"170 -> 185 lbs (3 months). Clean bulk on vegetarian diet. Pictures, diet and routine inside.","Hi everyone. I know some people question whether one can gain much muscle with a vegetarian diet while lifting. I am posting to show that this can be done. I am happy to answer any questions. 

**What I really want to show here is that you can gain significant mass without relying on meat or needing meat in your diet**


I took a 3 week break from lifting this summer and traveled Thailand which was amazing. Unfortunately during my travel I didn't eat enough food and I dropped from 181 lbs to 170 lbs. When I got back I decided to try and bulk without relying on meats for protein. 


*Disclaimer: I am not 100% vegetarian. I know this will rustle some jimmies. I will eat meat once or so a month if I am out to eat with friends or it's a special occasion where it would be rude/snobbish to turn down a meal. Also the occasional meat sandwich. I do not think this is significant enough intake to affect muscle gain. >90% of my protein intake comes from non meat sources*


**DIET:**

Obviously without meat it is a bigger challenge to get enough protein. The lion's share of my protein comes from liquids. Soylent has been great for adding a few calories a day or substituting a quick meal. I decided to try the gainer because I was stuck at 181 lbs for a while. Increasing my caloric intake by ~700 has done wonders in pushing past the 181 lb body weight plateau. 

*Breakfast* - One scoop protein gainer (700 calories) and bagel with cream cheese (~400 calories)

*Lunch* - Peanut butter and honey sandwich and soylent (400 calories)

*Before lifting (5 PM)* - Protein shake in water and apple

*After lifting* - Protein shake and in milk

*Dinner* - Rice, kimchi, eggs

*Snacks* - Protein shakes in water, soylent, gainer, crackers, granola bars. 


**WORKOUT:**

Right now I am doing Wendler's 5/3/1. I do 4 days to complete cycle on and 1 day rest. I do not do full week of Wendler. Information on that workout plan can be found here https://www.t-nation.com/workouts/531-how-to-build-pure-strength

I am doing Wendler's because I was plateauing on a lot of my lifts. I changed to 5/3/1 at the same time I started taking gainer in the morning. My lifts and energy skyrocketed after the change. This could be just excitement (placebo) for a new workout plan but I'd like to think Wendler's routine really does help push you past a plateaus. 

I have been doing joker sets or burnout sets after the final AMRAP sets of the 5/3/1. Find that I am getting great soreness and muscle breakdown from this. 

After the core lift of the day, I generally do 3-5 assistance workouts. My set x rep for assistance lifts correspond to which week I am on in 5/3/1. So on the 5-5-5 week I would do higher volume assistance workouts like 3x10 or 4x8. On the 5-3-AMRAP week (last one) I do much heavier and low rep assistance workouts like 5x5s. 

Joker sets: After you AMRAP set, you add 10% weight and do one rep. If you can complete the lift then you add another 10%. Do this until you fail. On squat and bench I always fail onto the ""oh shit"" bars if a spotter is not available. 

Burnout sets: After your AMRAP set, decrease weight by 30%-50% and do 2x12. If you do this correctly you should always be failing on the second 2x12. 

.


*For assistance lifts I do:*

*Back/bis* - bentover flys, supermans, iso bicep curls, straight arm pulldown, seated cable row, pullups, one arm dumbell rows, lat pull downs. 

*Chest/tris* - Skullcrushers, incline dumbells, cable fly, pec-deck machine, plate squeezes

*Shoulders* - barbell raises, dumbbell shoulder press, one arm side laterals

*Legs* - hip thrusts (heavy), abductors/adductors, one legged press (amazing), lunges (weighted), calf raises

*Cardio* -  I ride back and forth to campus twice a day which amount to roughly 30 minutes of cycling a day. 

For all accessory lifts I will usually do 5x5 4x8 or 3x10 depending on the day. 5x5 will really help with strength increase whereas 3x10 and 4x8 will work you hard and bring fatigue



**MAX LIFTS:**

I will put in parenthesis my previous maxes before leaving to Thailand

Bench - 275 lbs (245 lbs)

Squat - 365 lbs (330 lbs)

Deadlift - 505 lbs (455 lbs)


**PICTURES:** https://imgur.com/a/5Yvws

Height - 5' 11""

Weight - 186 lbs

I have never used steroids nor do I ever plan to use them. 

",1360,2017-10-29 20:31:43,317,https://www.reddit.com/r/Fitness/comments/79ixmc/170_185_lbs_3_months_clean_bulk_on_vegetarian/
"I have limited time and minimal goals, what is the right routine for me?","I don't want to be ripped or shredded or torn apart or whatever. I just want to have a healthy mind and body. Currently and for the last 3 weeks i've been going to the gym 4-5 days a week and spending 25-30 minutes on the stationary bike working my way up in intensity and mileage.  I feel good but I'm wondering if I'm wasting my time.

My goals: 

*  Undo 10 years of smoking and improve my cardio
*  Lose ~11 lbs so I am within the bracket of healthy BMI for my height
*  Do exercises that keep my mind and body energetic throughout the day
*  Not spend more than 30 minutes on average at the gym

I'm working on being more conscious of my diet and trying to reduce my portion sizes as I know this is the primary factor in weight loss.

Any advice would be greatly appreciated.",7,2017-10-25 18:07:56,15,https://www.reddit.com/r/Fitness/comments/78pioe/i_have_limited_time_and_minimal_goals_what_is_the/
Best training approach for hypertrophy?,"For natural lifters who have established a solid base of strength (intermediate level or beyond), what is the best approach for hypertrophy? I've read lots of different  approaches regarding frequency, volume, and intensity. Many of the most highly regarded coaches provide conflicting approaches. For example, I've seen  people advocating the work of Mike Matthews. His approach seems to be low frequency (1x week per bodypart), low volume, and high intensity (all sets done in 4-6 rep range). His mantra is essentially get stronger by doing heavy compound lifts to get bigger. His approach is a stark contrast to another highly regarded coach, Mike Israetel. He advocates very high frequency (2-6x week per bodypart), very high volume (up to 20+ sets per bodypart) and low intensity (8-20 reps, 1-4 reps away from failure). I feel like this is not a good approach for natties, but plenty of people on this site praise him. Somewhere in between these approaches are the philosophies of guys like eric helms and lyle mcdonald, who advocate more moderate volume, moderate/high frequency (2-3xweek), and moderate intensity (4-15 reps) Which approach, in your experience, is the best for hypertrophy? ",40,2017-10-11 20:11:04,69,https://www.reddit.com/r/Fitness/comments/75rrk0/best_training_approach_for_hypertrophy/
What To Know About TMJ California,"By Walter Cook
   
   
Temporomandibular joint abbreviated as TMJ is the joint found in the head where that skull and the jaws are connected or joined. In case it suffers any damage or injury, a lot of pain is felt and this condition is referred to as a temporomandibular syndrome. Therefore [TMJ California](www.tmjcare.us/) tries to deal with the syndrome and provide assistance to patients suffering from the condition. It is a condition that is believed to occur in case there is something that goes wrong within the muscles of the joint and the jaw.
   
   
 This condition comes with different symptoms which indicate that you are likely to be suffering from the condition. One of the symptoms includes feeling of burning sensations and pain around the joint, headaches, feeling pain in between the ears, hearing of popping sounds in the head, muscles becoming so stiff around the region as well as temple locking and failure of joint movement.
   
   
 Others are such as lumping or pain in your temple, swelling, difficulties in chewing, shoulder pain, and dislocations of your jaw formula, dizziness, vertigo and so on. Facial, jaw, cheek and mouth pain could as well indicate this problem. Tingling and numbness of the chin are also possible indicators. Others are such as blurred vision, pain resembling toothache, tinnitus, and various other symptoms.
   
   
 The cause of this problem is not proved scientifically. That is I is not a pathogenic condition and therefore it is connected to certain activities as the causatives of the condition. These activities include trauma, misalignment of the jaw, teeth grinding, anxiety, stress, as well as hard objects grinding and biting. Also, conditions like arthritis, jaw and teeth zone inflammations and musculoskeletal disorders are also believed to be contributing factors to the syndrome. Long periods of chewing and orthodontic braces may also have a contributing effect.
   
   
 There is no defined diagnosis for the condition. The medical practitioner will have to check for the problem from a physical point of view and then administer treatment following the symptoms and signs felt. The treatment for this condition includes placing ice-cold packs or objects in the affected area. Administration of over the counter abbreviated as OTC anti-inflammatory drugs to reduce inflammation as well as administration of other pain relievers such as aspirin and ibuprofen.
   
   
 Another method of handling the condition is eating soft foods as well as keeping away from gum chewing. The neck and jaws also may be gently stretched or aligned in order to reposition the joint. It may also be handled through techniques that enhance relaxation while also cutting down stress. Sedatives may as well be applied to handle and relieve pain in order to induce comfort.
   
   
 When the condition is treated in a medical perspective, some techniques like fitting of dental splints are applied. These devices align the dental formula in the required manner eliminating chances of teeth grinding. Botox therapies and relations are also used to bring healing to the condition.
   
   
 Medical marijuana could as well be utilized although in places that they are legalized. It may as well be reduced through behavior management or adjustments and acupuncture mechanisms. With very severe conditions, surgical procedures like steroid injections and joint replacement may be undertaken. Commonly it is handled through physical means. Individuals are usually advised to avoid stress and biting hard objects or grinding in order to reduce the chances.
   
   

   

   

   
 About the Author:
   

   
You can get excellent tips for selecting a [TMJ California](http://www.tmjcare.us) dentist and more information about an experienced dental practitioner at http://www.tmjcare.us right now.
   

   
   
   
 from physical exercise http://ift.tt/2wKobYo
   
   
 via [IFTTT](http://ift.tt/1gYSBZM)",1,2017-10-10 08:26:37,0,https://www.reddit.com/r/Fitness/comments/75fovg/what_to_know_about_tmj_california/
1 Year Transformation Update. Recomp + Lean Bulk. Monthly Progress Pics. Gains while minimizing BF. M/29/5'7/145lbs-170,"What's up my beloved Fit Fam! On this day exactly 1 year ago, I posted a 10 year transformation post that can be found here. 

https://www.reddit.com/r/Fitness/comments/55402a/transformation_thursday_10_year_transformation/

My intention was to help anyone on their own journey and display everything I've learned along the road starting since i was 12 years old. Dieting, training, and progress pics along the way. As i sat on my couch last year writing last years post on a MacBook. (I have now upgraded to a PC hehe) I was about 145-150 lbs @ 5'7 with a pretty lean physique. As I sit here now exactly 1 year later I am about 165-170 lbs. My purpose this past year was to naturally  put on as much size as i can whilst minimizing fat gains. I mean aren't we all trying to do this exact thing? I started training 7th grade, the year 2000 right on the button. After 17 years in the game it is definitely hard to see dramatic results. My body has seen every training program and noob gains are pretty much out of the question. This past year however is the first time i have ever tracked calories to the tee. I mean if I had a piece of Orbit gum, I'm tracking it. (5 cals 1 carb 0 protein) MyFitnessPal is definitely a game changer. The simplicity of it and the app being right on your phone, there's no excuse not to take advantage of it. My whole life i always followed the bro foods diet. You know, the same ol oats, chicken breasts, rice, tuna fish. If I wanted to gain weight I would pretty much dirty bulk and look like crap for a couple months. To lose weight I would just lower carbs and stick to the clean bro foods. Also using restriction on certain foods that would lead to a binge after the diet is over. Never had a real idea of calories. But nowadays with MFP you can stay lean and get gains. Include your fav foods into your program guilt free. It will take a lot of patience but it def pays off. I'm pretty much the biggest and widest I've ever been in my whole life with a low amount of bodyfat. First I'll put the 25lb gains then the timeline of my physique from 145-170 throughout the past year and a half May 2016 - Sept 2017.

1 Year 25lb Transformation: https://imgur.com/DhfzznK


May--->Oct Summer-Fall 2016. Started out pretty lean already. Started cut around 155 during May. Ended cut around Oct at 145. Last pics from my Iphone 5. In Oct I upgraded to Iphone 7.

https://imgur.com/ls8SSIA (May 155ish)

https://imgur.com/bDNiGjR (July 150ish)

https://imgur.com/QQyEYwk (Oct end of cut selfie. 145 Very depleted and dry)

https://imgur.com/rRvNmhv (145 Mirror selfie)

https://imgur.com/Ci1urx3 (145 Mirror selfie)

https://imgur.com/4xV8BiT (145 Ab selfie)

Nov---->Feb End of 2016 into early 2017. Recomp, Lean bulk. Goal was to put on size while minimizing BF.

https://imgur.com/EaC1P8O (Nov post cut rebound. 150)

https://imgur.com/CyZK3TE (Feb 2017 160 Body still rebounding from the strict cut. Was able to enjoy Thanksgiving and Xmas while filling back out and staying lean.)

Mar--->July At this time I started at 3000 cals increasing into 3500 throughout the summer. Didn't have any plans of cutting. Just trying to achieve small gains while limiting BF.

https://imgur.com/fMF6NfW (Mar 2017 160 Still lean with added fullness)

https://imgur.com/KAS3XkW (160)

https://imgur.com/PrDdAYh (June 165. Around this weight you can tell i start to look pretty thick & chunky. Although i still did have abs it's not as sharp. I never got super shredded this past summer but my arms I was very happy with. My arms atm have that fullness that looks like you have a pump all the time.)

https://imgur.com/E8zNVA9 (June 165 Wake up pic with no pump. Still taking 3500 cals a day. You can see i tend to hold fat around my ass, obliques, and lower back. Also looking smooth throughout. I look somewhat small here too, but I'm much bigger then my former 150 self. My body with a pump looks dramatically different.)

https://imgur.com/wwX2D2v (165 Arms, stretching)

Aug--->Sept Current. For these 2 months i have increased my cals all they way up to 3750 and 4000 some days. As I sit here typing I'm 170 lbs. Feel strong as an ox. 

https://imgur.com/UfmTTJF ( Late July - Early Aug 165-170. Mirror selfie.)

https://imgur.com/AR7OjD2 (Late Aug - Current 170)

https://imgur.com/4bSGpiO (Front)

https://imgur.com/CW381wJ (Back)

https://www.youtube.com/watch?v=qFaV10Xk0rk (Full unedited video of posing)

So there it is guys. A full year of progression and pics. For anyone wondering about diet and training. What i typed in my post last year, it is almost identical to that. If you want the in depth just click the link at the top. A quick recap for training would be PPL Abs and repeat. Diet is the same but to reach 4000 i would just eat basically more of the amounts of protein or carbs. Supplements are a basic 1 a day, Body fortress protein, and Beast Creature creatine. Now I'm sure I will get assumptions of anabolics and gear use. I guarantee you guys that I'm 100% natural. There would be no point for me to get on here and try to deceive anyone. My ethnic background is Cambodian/Chinese. As a kid through middle school and high school i was involved in BreakDancing or Bboy. I danced and did powermoves regularly which helped me athletically. So i was very familiar with bodyweight strength as i transitioned to the weights. My body type would be that i can gain muscle pretty quickly. But for me to retain that size would be difficult for me to do. My body doesn't want to be 170 lbs. I would guess my bodyweight set point is somewhere around 150-155. I know the term ""fast metabolism"" had been debunked, however my body does burn more then the average 5'7 male. I would say i do have pretty good genetics for bodybuilding and gain muscle fairly easily, so your progress may differ then mine. I hope you can use my progress to see where you own is at. Just remember that everybody progresses differently so don't get discouraged. I wanted this post to focus mainly on visual progression instead of another transformation post like i did before. This Oct like 2 days from now, I will start another slow cut until next year. My goal will to be as shredded and hold onto as much muscle as i can naturally. If you guys have any questions just throw them down below and I'll put up as many edits as I need too. Good luck Fit Fam! Hope everyone can achieve their dream physique.



























",949,2017-09-29 21:25:08,94,https://www.reddit.com/r/Fitness/comments/73av7t/1_year_transformation_update_recomp_lean_bulk/
I could really use some help..(Questions),"Don't know the best way about going about this. So I guess I'll just label the questions, and it would mean a lot of some of you could answer and help me out!

- A little about me... I'm 19 5""11 and I started out at 320lbs last year, currently I'm about 248, and would like to get to 220 by January first-

1) Is 28pounds in 3 months healthy? I don't mind putting in the work, I just don't want to cause troubles.
2) should I expect loose skin? Is there any ways to minimize  it? 
3) is there a Best fat shredding treadmill workout you would recommend? 
4) My biggest question: I don't have the time or finances to prep meals, and I completely don't mind eating the same things daily. This being said, I was wanting to have a foot long subway club for lunch (intermittent fasting  so only eat from 12pm-8pm), jerky, yogurt, fruit, veggies as snacks (rotate them), and like steak/ground turkey/ or chicken for dinner. That amounts to ~1500 calories.",3,2017-09-28 03:02:06,3,https://www.reddit.com/r/Fitness/comments/72xeco/i_could_really_use_some_helpquestions/
I am turning 26 soon and I'm barely 40kgs,"No matter how much I eat or how much I work out, I'd always be around 40kgs. I've tried everything from the healthiest foods to steroids and nothing worked. Any advices? Im also 173cm ",0,2017-09-24 11:05:07,56,https://www.reddit.com/r/Fitness/comments/724gj8/i_am_turning_26_soon_and_im_barely_40kgs/
Is there any advantage at all to being at single digit bodyfat?,"This summer I cut down to 7% and while I was extremely shredded I lost a good amount of size and especially strength. I was also constantly hungry and literally googling food to eat the next day. I would also go on these huge binges as a result from being so strict on my diet. 

Now I'm back around 10% again and I feel so much better and smashing weights in the gym again and setting PRs and while I'm not as lean anymore, the added size and muscle volume more than makes up for it",2,2017-09-17 15:16:49,7,https://www.reddit.com/r/Fitness/comments/70o23n/is_there_any_advantage_at_all_to_being_at_single/
My 9 month 'recomp' progress (Male 74 to 70 kg),"Hey r/fitness! 5'7 tall 19 year old male here. After many, many failed attempts at dieting, years of mediocre excersicing and falling really out of shape during my freshman year I decided exactly 9 months ago that I wanted to make a change in my life. First and foremost, for those that don't want to bother reading - [here's my progress pics.](https://imgur.com/a/YtNvK) I don't have many pictures before embarking on this journey but I used to be relatively in shape and have been going to the gym with various degrees of seriousness for about 5 years now. I used to always get to a relatively good shape (think ~15% body fat) and then attribute my unability to really get that six pack to genetics and just go back to being skinnyfat, but 9 months ago I decided I'd had enough of that cycle. 

As I said, I've been on and off lifting for 5 years now and have been a lurker of this subreddit for about the same time. I've read a lot about nutrition and exercising and combined with my classes I'd consider myself quite educated in this field, but I'm far from a good role model. I try, but many times I fail to practice what I preach. Therefore, I'll try to be honest with what my 9 months looked like (rather than what I tried to make them look like).

**Diet**

As far as diet goes, at first I tried to cut down my weight to then do a bulk cycle, but I failed miserably and looking back on it I did more of a recomp. My weight only ever went down during the whole 9 months, really slowly, from 74 to 70 kgs. I ran a pretty big caloric deficit during the week (~500-1000 calories a day ideally) and then usually binged during the weekends going out with my friends because I have the willpower of a 10 year old. I'm a pretty big advocate of IIFYM (If It Fits Your Macros) which basically means I worry more about my carbs/protein/fat distribution rather than what I actually eat. That being said, what I ate everyday varied a lot. The only rules I had as far as dieting were:

* Always hit my 150 grams of protein per day. This is priority #1 without a doubt.

* Eat about 30 grams of fats and as many carbs as is needed to hit my caloric goal for the day.

That's about it. I don't consider what I did to be ideal at all, but hey, they say the best diet is the one you can stick to.

**Exercise**

I ran with what I believe people around here call a ""brosplit"". I'd do a 4 day split of chest/biceps, back/triceps, shoulders and legs and repeat that cycle for 5 or 6 days a week. My routines usually last around 2 hours and basically consist of heavy 5x5 sets of the corresponding day's compound lift, followed by a bunch (8 sets+) of accesories (5x12ish). I'd usually hit abs every day or atleast once every 2 days if I'm pressed for time or just too tired some day. My main lifts are (all 5x5 sets):

OHP: 145 lbs (9 months ago: 75 lbs)

Bench press: 225 lbs (9 months ago: 135 lbs)

Deadlift: 275 lbs (9 months ago: 155 lbs)

Squat: 275 lbs (9 months ago: 175 lbs)

I think my deadlift and squat are rather weak compared to my other 2 lifts, at least from what I've read around here. Any tips you may have to help me break my dl/squat plateau would be more than welcome, and no, I don't skip leg day :(

**Supplements**

As far as supplements go there's just the usual 5 grams of creatine daily and whey protein shake. I've shown people my pics before and been accused of using steroids and honestly there's nothing I can say that will change those people's minds, but just know that I'm a biomedical engineering student with interest in this specific field and there's nothing I hate more than misleading information. If I had used PEDs I'd tell you, believe me, I'm all for reporting accurate results. Other than that, I guess you'll just have to trust me. Or not. Whatever.

**Current Goals**

As far as body composition I'm trying to cut a little bit more to lose that last bit of lower belly fat. For my lifts I'm currently trying to bring up both my deadlift and squat, hopefully to hit that 4/3/2/1 plates 'ratio'. Lately I've also been trying out a bit of bodyweight exercises on my own such as handstands and that's been really fun too. My biggest goal tho is to be able to come back in 2018 and be able to tell you guys about how far I've come from my last post :)

I'll be trying to answer questions for a while if you guys have any and I'm always happy to reply to PMs",2191,2017-09-17 13:01:43,272,https://www.reddit.com/r/Fitness/comments/70ncmk/my_9_month_recomp_progress_male_74_to_70_kg/
I think I need (want) to start cutting,"I've probably been bulking for around a year (at the start I was pretty skinny but very lean) but now I've put on a considerable amount of muscle. Obviously I've also put fat on which I've also noticed more in recent weeks i.e. Fat around my sides, stomach, and a lot of it in my face/neck, and also around my pecks. Not to sound weird but my nipples have gotten bigger. 

I like to stay 'in-shape' and don't want to get to the point where this happens with excessive fat in those areas. Yes I would still consider myself in a lean state with still some abs showing, but I play a lot of football and feel I need to be in better shape. Being like this also slightly knocks my confidence due to added fat. 

I'm thinking about doing maybe a 4-6 week cutting programme to lose some of the fat but not get shredded (ofc that's pretty much impossible in that time frame, even when losing a lot of muscle). However, I'm not sure how to go about it. 

My first method that I've been thinking about is to eat the exactly on my TDEE and then burn maybe 200 calories through cardio which will put me in a deficit of -200 TDEE. I'm not sure if this will help me sustain my muscle mass as I'll be eating maintenance calories. 

OR 

I could eat in a deficit of -200 of my TDEE and not do cardio, however, I could gradually add that to my regime as I progress through the weeks (slowly adding it, not doing it all to drastically). 

There's definitely other methods, which is why I came here for some advice on what to do and the best advice on how to do a 'mini cut' to shred some fat. 

Replies and advice is very much appreciated :) ",5,2017-09-02 00:22:37,5,https://www.reddit.com/r/Fitness/comments/6xilov/i_think_i_need_want_to_start_cutting/
[NSFW] 1 Year Progress,"1 year progress exactly.

Before: http://imgur.com/VbGHWtf

After: https://imgur.com/a/kmNT9

This is just my experience, don't take what I think over the great advice posted on this subreddit.

**Diet**

First I found out my TDEE, then just started counting calories and protein intake using myfitnesspal.com, didn't bother with the other macro's.

I don't cook ever and order takeout meals every day. Deliveroo or Ubereats has made this a lot easier as they offer much healthier options because they deliver from restaurants rather than fast food places such as JustEat. Using a weighing scale to weigh all your food is really a must to estimate the calories.

Supplements include Soy Protein Isolate shakes, creatine, casein. I switched from Whey Protein because I am lactose intolerant and I think they are the cause of my pimples on my arms. No steroids obviously.

**Lifts**

When bulking:

Flat chest press: 110kg (x1).
Deadlift: 180kg (x1).
Squat: 155kg (x1).

After cutting:

Flat chest press: 105kg (x1).
Deadlift: 170kg (x2).
Squat: 140kg (x1).
Over-head press: 60kg (x3).
Pullups: 10 strict form straight bar.

**Stats**

Age: 22

Weight: 178Lbs

Height: 5,8 feet

**Gym Routine**

I don't follow any gym workout routine. My friend taught me all the exercises and form a few years ago.
It's not that I think I know better than all the great advice on here it's just that I get bored of following a routine and rather just do my own stuff. The main thing in my opinion is to have fun so you are motivated to go each day. I also enjoy following Arnold's advice of ""Shock ze muscle!"" whether it makes a difference or not who knows...

The one rule I have is that I do not train the same muscle group twice in a row. At least 1 days break for that muscle.

Usually go after work at around 6p.m and average around 1.5-2 hours now. This used to be 1 hour but has gone up the more I enjoy it.

Rest days I only ever take if I feel like my central nervous system is dead or if I am falling asleep on the benches, probably about one or two times every 3 weeks. When I first started going gym this was around twice a week at least. I don't have set amount of rest days I just listen to my body.

Two caffeine tablets as a pre-workout (thanks to whoever suggested it on this subreddit!) do an amazing job at keeping me going. I suggest everyone who is gets tired at the gym when on a calorie deficit consider trying this.

**My main exercises**

I always do these exercises when I try this specific muscle.

Back: Deadlift, wide pullups, bent over rows, landmine rows.

Lats: Pullups, chinups

Legs: Squats, front-squats, Sumo deadlift

Chest: Flat bench, Chest dips, incline dumbbell bench, incline dumbbell fly, cables flies, landmine chest press

Traps: Shrugs with plates/dumbbells/smith machine

Biceps: Strict curls with dumbells, seated bar curls, hammer curls, seated dumbell curls,

Triceps: Dips, Skull crushes (best name ever), tricep press on flat bench

Shoulders: OHP, shoulder press, landmine press

Abs: Russian twists, plank, abs roller etc

**Cardio**

Only battle ropes like twice a week. Cardio is boring and you don't need it. Only for making your heart healthy I guess or something like that...

**What I'v learned**

- Do not bulk up 60 pounds in a couple of months like I did, you become a fat bastard and then end up cutting for ages.
- Count your macro's, even if it's just for a few weeks, it gives you a much better perspective of how many calories you are eating.
- Saw more gains when I cut, not when bulking, probably cause I got so fat.

**Some questions you may have...**

*Why don't you cook?* Obviously cooking would be cheaper and a lot easier to know what I eat but I hate cooking.

*How often do I train a specific muscle?* I just end up training everything multiple times each week cause I go so often.

*What's the goal?* To be as aesthetic as Zyzz/Jeff Seid.
",487,2017-08-26 10:32:40,57,https://www.reddit.com/r/Fitness/comments/6w4v9w/nsfw_1_year_progress/
Why Knowing The Profits Of Laser Resurfacing Treatments Is Advised,"By Christine Martin
   
   
Laser resurfacing treatments pertained to approaches which lessen facial wrinkles or irregularities that include scars, acnes, and blemishes. In connection with that, it has centered on directing light and beam on irregular sections which eradicate those deteriorated and broken exteriors. Aside from that, it is defined as vaporizations, laser abrasions, and peels where it became suitable for eradicating different facial concerns that include wrinkles, blemishes, and scars.
   
   
 For individuals with uneven and darker complexion, they are named as applicants for those methods, but it was incapable of eliminating stretch marks. Any discussions with dermatologists, surgeons, and doctors about [laser resurfacing treatments Cincinnati](http://ift.tt/2fNxv9j) are essential. Besides, there are other forms applied for those approaches and considered as erbium and carbon dioxide.
   
   
 CO2 Laser Resurfacing is used to alleviate concerns that include scars, wrinkles, warts, enlarged oils, and other disorders. Yet, the most innovative kinds are centered on continuous light beam and short pulsed light energy which eradicate thin exteriors with minimal destructions. Due to this, your recovery periods are lessened.
   
   
 Erbium resurfacing is designed to remove surface level and moderately deep issues that are visible on your chests, hands, necks, and faces. One of its most popular ends points out to nominal damages, issues, and conditions visible on skin cells that lead to redness, bruising, and swelling. It permits you to obtain comfort, relief, and ease within the shortest duration, according to your demands.
   
   
 It becomes applicable for clients with darker skins and complexions. Discussing with plastic dermatologists, surgeons, and doctors determine your candidacy for those practices, but you should ensure that they are registered professional. Amidst other times, they are appointed to determine which medications are applicable to meet your requirements, demands, and preferences after learning about your medical backgrounds, objectives, desires, and interests.
   
   
 Notifying them about fever blister and cold sore that can appear amid those days is required since it became suitable for eradicating those concerns. If you wanted to enlist those practices then buying particular tablets, medicines, and supplements need to be avoided before performing those methods. For smokers, you need to cease those routines for particular periods connected with those treatments.
   
   
 Skillful specialists have the capacity to provide antiviral and antibacterial kinds which avoid additional bacterial impurities. In connection with that, it is called as tough, daunting, and challenging approaches, meaning that admissions to medical institutes are not advisable. Aside from that, they are requested to alleviate wrinkles evident on mouths, foreheads, and eyes.
   
   
 Because of this, anesthetics are injected on your bodies which cause sedative methods. If those professionals are only focused on specific areas then it spanned for thirty to forty five minutes. Subsequently, bandages are applied wherein it should be cleansed for four to five times on daily manners.
   
   
 Additionally, swelling pertains to common concerns where steroids are provided by those specialists and using cold packs on damaged sections aid with those concerns which result to enhanced relief, ease, and comfort. Searching for efficient methods, trained specialists, and reliable institutes is advisable if you wanted to insure the acquisition of satisfactory outcomes.
   
   

   

   

   
 About the Author:
   

   
Find details about the factors that affect the cost of [laser resurfacing treatments Cincinnati](http://ift.tt/2eogwF2) spas offer and more info about a reputable spa at http://ift.tt/2eogwF2 now.
   

   
   
   
 from physical exercise http://ift.tt/2vt4mna
   
   
 via [IFTTT](http://ift.tt/1gYSBZM)",1,2017-08-24 21:05:24,0,https://www.reddit.com/r/Fitness/comments/6vtvd6/why_knowing_the_profits_of_laser_resurfacing/
1st Year Transformation 144 -> 179 lbs | non-stop lean bulk,"Edit: M / 31 / 5' 9""

Edit: What the what!? **Reddit gold!?!?** I don't know who you are.... but I will find you.... and I will thank you!


Today officially marks 365 days of enjoying this game of iron. I was always a skinny guy and never thought of stepping foot into a gym but everything changed when the wife got me to take that first, nervous and unsure step into the gym. I was *that guy* who thought ""whyyyyyyyy, would I need to gym? Look at me!!"" HA! I wish I could go back 10-years and kick my scrawny ass... Today, I couldn't be having more fun!


[**Before** - Me @ 144 lbs](http://i.imgur.com/4FDT1zF.jpg)

EDIT: I SHAVED in this before pic LOL - Apparently some are amazed at the chest hair gainz. Crakin' me up!!!

[**Current** - 179.2 lbs](http://i.imgur.com/bgsR3yI.jpg)

EDIT: [Pic from a few weeks back, not so hairy](http://i.imgur.com/CBJE7ys.jpg)

[**Current** back](http://i.imgur.com/QUQl7rA.jpg)

[**Bonus** chest/shoulders/arms with hotel-lighting](http://i.imgur.com/NmRngVq.jpg)



**SETTING GOALS**

It might be worth noting I didn't start off with any particular goals in mind. I just enjoyed the science of eating right + lifting = morphin'-time! It was incredible! It wasn't until about 3-4 months in that I decided, within my first year of lifting to set a few goals... I wanted to achieve a body-weight of 175 lbs, and a 2,3,4-plate bench, skwaat, deadlift - no matter how grindy the rep was. I didn't have a goal for my physique but figured, whatever I would look like to hit those lifts should be ok. 



**PRs:**

* Bench - [225 lbs x 1](https://www.youtube.com/watch?v=bto9hLZu-lg)

* Skwaat - [315 lbs x 2](https://www.youtube.com/watch?v=KBH1SizCnA0)

* Deadlift - 415 lbs [405 lbs in this vid x 1](https://www.youtube.com/watch?v=trGqDaBcs1k)




**PROGRAMS**

I started by a buddy's suggestion to a typical bro-split of chest/tris, back/bis, shoulders/core and legs so I was going to the gym four times a week. In the beginning, everything felt heavy and I had NO IDEA what weight was supposed to feel like so it took a few weeks to finally figure out my limits. I remember doing my first set of dumbbell chest press with 25 lbs and thinking ""this is heavy!"" But, I tried out 30, then 35 and while they felt heavy too, I'll be dammed if they didn't go up as well. Nonetheless, the split consisted of a compound lift first on each of the days with accessory work thereafter. It was a solid start and it was easy to understand for an absolute beginner. YouTube videos helped explain the movements and what to focus on.


Then, the gold-mine of r/Fitness came into the picture about 2 months in. I ran /u/Metallicadpa [PPL Program for 6 months straight](https://www.reddit.com/r/Fitness/comments/37ylk5/a_linear_progression_based_ppl_program_for/) and stuck to it pretty hardcore. Didn't miss a day. Even when I got sick, I did what I could at home with dumbbells. I felt that if I missed a day or started to mess around, I was taking away from everything that I had worked so hard on up to that point and didn't want to rob myself of anything. I saw crazy physical changes with this program and the numbers on my lifts kept going up. I was in full nooby-gainz mode and it felt awesome! On a different note, I also thank reddit and the various comments I often read about focusing on the mind/muscle connection and that it's not simply about moving the weights around but that it's also important to feeeeeel and squeeeeeeze and imagine the muscles contracting and relaxing when moving. I feel like I progressed further than I would have otherwise.


For the next 4 months, I ran /u/nSuns 5/3/1 program after reading a comment on reddit from someone that was able to increase their bench press to 225 in a relatively short period of time. The bench press was my weakest lift by far *(shocking!)*  but it bothered me that I was rapidly approaching my skwaat goal and was already deadlifting 365 lbs for reps but could barely squeek out a 175 lb x 1 on the bench press. Adding 5 lbs on the bench press seemed to take 3-4 weeks. During this time I learned the importance of eating relative to the bench press and that calories are everything to feel good and helping to lift like I meant it.


For the final 2 months I modified the 5/3/1 program to include a second 5/3/1 *(heavy)* chest day. Most would recommend not to change the program but by this time I hit all goals except for the bench and I saw my 1-year mark quickly approaching. I was determined to hit this damn 225 lb for 1 on the bench press and I figured that adding this second heavy bench day would help. I'm not sure if this was the case or if sticking to the program would have got me there just as fast, but the goal was achieved about 3 weeks before the 1-year mark so I was stoked!


Currently, I'm planning a slow-cut. The plan is to eat clean but at maintenance and introduce cardio a few times a week and re-assess TDEE/macros once a month. I don't have any specific goals other than trying to shred out a bit before a beach vacation planned next March. Maybe the goal will be to achieve a certain bodyfat %... I don't know... Some have told me to continue bulking for the next few months but I can't stand my mid-section and feel like a tub-of-chub.  I was always hovered around 145 lbs for YEARS so this is a new alien feeling for me and I'm just starting to get unhappy with the jiggly-wiggly going on. I also plan on going back to the PPL routine as I realize my strength will inevitably start to deteriorate as the calories start to dwindle but I'm hoping with this slow cut I can keep as much strength and muscle as possible.



Edit: **MACROS**

Starting Macros:

* P: 204

* C: 285

* F: 68

* Calories ~ 2,550


Current Macros:

* P: 241

* C: 376

* F: 80

* Calories ~ 3,100




**DIET**

Lifting was the easy part! lol Diet drove me nuts and it was hard as hell to gain weight. Although I typically enjoy food, I despise the actual act of eating (cooking, cutting food, chewing, swallowing, etc.) and think it's just a waste of time. I just need what's on this plate...IN me. That said, the following has changed in terms of volume since my macros changed a few times as I gained weight but the meals are more or less the same so I'll go into what my current *bulking* diet is like:


**Breakfast**

* 4 eggs, 1 egg white

* 1 thick cut of turkey or ham *(whatever I had in the fridge, really)*

* 2 slice of whole wheat bread with almond butter

I would usually make an omelet-thing with the eggs and turkey to make it easy to eat.

Weekends I would make smoothies to go along with breakfast. Weekends were tough since when compared to during the week-days I relied on my work-day routine to schedule my meals and could hit them like clockwork. I don't work on the weekends so the times when I ate would vary. Smoothies allowed me to get some decent calories as well as vegetables. The smoothie included, spinach, kale, chard, broccoli, asparagus, mixed berries, avocado, greek yogurt and almond butter.


**Snack 1**

* Oikos greek yogurt cup

* Half a peanut butter and jelly sandwich

* Start snacking on a Lenny and Larry's Complete Cookie and finish it by the end of my work-day


**Lunch**

* 1 cup brown rice

* 6 oz. chicken

* 1 tablespoon of sugar-free bbq sauce


**Snack 2**

* Oikos greek yogurt cup

* Half a peanut butter and jelly sandwich

* Handful of nuts


**Pre-workout**

I would mix this up. Sometimes I would take pre-workout and other times I would take BCAAs with caffeine. In both cases I would mix in 5g. of creatine.


**Post-workout**

I was religious about the post workout which is 2-scoops of whey protein and another 5g. of creatine.


**Dinner**

* One cup brown rice

* 6 oz. chicken or some other lean protein (shrimp/fish) with olive oil as kind of a stir-fry thing. Sometime's I'd add egg and veggies to the mix but for no particular reason other than I felt like it that particular night.

* Ice cream sandwich when I needed to fill calories on days when I wasn't able to get in all my snacks/full meals.


**Other Supplements**

In the mornings I would take a multivitamin, omega3, probiotic, and glucosamine. At night I would take the omega3, probiotic and glucosamine. Before I started lifting, I took everything except for the glucosamine but after I started lifting, rather I needed it or not, I started taking the glucosamine for joint health and to help prevent injury.


**Cheating**

Early on in my diet I was *SUPER* strict. Chicken and rice nonstop kind-of-thing. It got incredibly boring... I finally reached a point when reassessing my macros that I thought ""there's no way I'm going to eat chicken and rice 5 times a day to hit my calories"" so I would introduce a cheat meal a few times a week. The cheat meals helped keep my sanity a bit and I admit I took for granted my skinny physique and metabolism more than I probably should have. 



**OTHER TIDBITS**

* HIT YOUR MACROS! - I remember plateauing with gaining weight and was pissed because I felt like I was eating sooooo much. As I spoke with people about my diet, it was discovered that I was not hitting my fats. The noob in me didn't want to get ""fat"" so yeah, I cut my fats in half but kept everything else the same. This is when I started getting more into the nutrition side of things and started to understand a lot of ""WHYs"" - WHY you need fats, WHY calories are key, etc.

* Surround yourself with like-minded people and people who are bigger and stronger than you. I attest much of what I learned to a select few at my gym who were just super cool to me from day-1 even though I was a complete noodle and they were big/strong as hell. They helped with my confidence, eating habits, goals, and in general provided a great deal of experience and knowledge that I used everyday from that point on. They also added a special element to going to the gym. It was always cool to say 'hey' and to have them be there for me, and me for them if a spot was ever needed haha.

* Don't ego-lift unless on a day when you've planned to test your 1RM. A few months back and trying to speed up my bench press progress I got a spot on the lift and just started trying to hammer out weight that I couldn't handle. Like trying to hit sets of 5 reps at a weight that I could barely squeek out one shaky rep on a good day. I jacked up my elbow to the point where I got to watch chest days wither down to light cable work for a good few weeks. Instead of taking a step forward it was definitely two steps back. This was perhaps my biggest lesson and will be something I'll try to avoid at all costs.

* SLEEP! Weekdays turned into bland and boring yet tightly scheduled around the gym and didn't have much time to do much of anything. I'd wake up at 6am, eat, work, gym and be home around 8-8:30pm with enough time to eat, watch a show or two with the wife and dogs, then shower and be in bed by 10-10:30pm. I prioritized sleep as much as possible. So much of what I learned pointed to sleep being the big contributor to maximizing muscle-growth and feeling great for gym days. The days I didn't sleep, I didn't eat as well and it definitely affected my workouts. I really learned what people meant when they say this game of iron is a 'lifestyle.' ",1142,2017-08-08 14:54:50,215,https://www.reddit.com/r/Fitness/comments/6sdzvf/1st_year_transformation_144_179_lbs_nonstop_lean/
2 Year Progress Update (8/1/2015 - 8/1/2017),"My post from last year can be found [here](https://www.reddit.com/r/Fitness/comments/4wrdrc/1_year_fitiversary_32yo_male_510_178cmlong_post/).

---

#The Pictures
---
Figure I'll just get these out of the way first. I'm 33, 5'10"", 176lbs.

[August 1st 2015](http://i.imgur.com/A3wvS8B.jpg)

[August 1st 2016](http://i.imgur.com/BslsXOc.jpg) (More from 2016 http://imgur.com/a/MKfA6)

[July 31st 2017](http://imgur.com/a/A0VIq)

#Diet
---
I'm currently 9 weeks into a bulk, last year at this time I was ending a ~2 month cut (I think?). I started at 167lbs, and as of yesterday I'm 176.6lbs. I typically eat the same things whether I'm bulking or cutting, just in different amounts. I plateaued for 2 weeks at 3000 calories, so last week I upped it to 3300 calories and am seeing how that goes. I'm planning on doing 12 week bulks followed by 8 week cuts until I get to where I wanna be. A typical day for me looks like this:

##Breakfast
Coffee with half & half: ~30 calories

Cereal with milk or oatmeal with fruit in it: ~450 calories

Pre-gym snack, serving of gummy bears or something similar: 150 calories

##Lunch
Turkey Sandwich: ~450 calories

French Fries (I work at a fast food place, it's free): 200 calories

Apple or banana: 100 calories

##Dinner
6oz meat, typically chicken, ground turkey, rarely pork or beef: 200-300 calories

Serving of jasmine rice, pasta, or potatoes: 200 calories

Vegetables (usually about 10oz broccoli & cauliflower mix): ~60 calories

##After Work
Depending on my macros for the day, I'll either have some rice cakes, Greek yogurt with fruit, PopChips, Halo Top, raw almonds (I haven't figured out how to activate them yet), wasabi peas, peanut butter sandwich, etc. 

##Before bed
2% or whole milk (8oz) with a scoop of MyProtein casein protein, and 5g creatine: 230-250 calories

As strange as it sounds, the idea of eating eggs grossed me out my whole life. *eww chicken embryos*. Well, in April I decided to try eggs, because (at the time) I was cutting, and I was having oatmeal for breakfast every day, and out of carbs by the time dinner came around, so I figured starting my day with more protein and fat would be better. Turned out that I actually love eggs. For almost 2 months I started most days with a 3 egg omelette, usually an ounce of shredded cheese in it, some salsa or Ro-tel, etc. 

Fast forward about 6-8 weeks, I have my usual breakfast, and an hour later it felt like I got stabbed under my ribcage. I text my boss, because I was supposed to work about 4 hours from then, tell her what's going on, and she's like ""What did you eat?"", I tell her, and she's like ""That sounds like a gallbladder attack......"". So long story short, I cut back on my eggs, I usually only have them for breakfast on my days I train later in the afternoon, and I have 1 whole egg and 2 whites, instead of 3 whole eggs.

As for supplements, all I take is creatine, a multivitamin (Alive! brand), fish oil, and melatonin sometimes.

---

#My Program
---
Since last year I've been doing a PPL routine, although I've changed it a bit. I'm off work Monday and Thursday, so those are my ""take as long as I want"" days. I work earlier on Tuesday and Friday, and slightly later on Wednesday and Sunday, and I work Saturday mornings so that's my rest day. My focus is getting my squat where it should be, so I squat every day I lift.

##Sunday - Legs
10 minutes on the elliptical to warm up

High bar squats. This week my sets looked like this:

* 45x10

* 135x10

* 185x5

* 235x5x2

* 235x3x3

* 205x8

Leg Press or Hack Squats: 8-10 sets

Romanian Deadlifts, Walking Lunges, Split Squats, etc. : ~5 sets

##Monday - Pull
Squat variation (low bar, front squat, Zercher squat): 5-6 lighter sets (typically 185lbs at most)

Deadlifts or Rack Pulls from the knees: 8-10 sets

Rows (Pendlay or bent over barbell rows): 5-8 sets

Biceps (EZ bar curls, dumbbell curls, hammer curls, preacher curls, whatever) 100 reps

Shrugs (dumbbell, barbell, or cables): 5-8 sets

I throw in pullups between sets, just recently started doing weighted pullups, and/or hyperextensions

Abs (cable crunches, hanging knee raises): ~5 sets
 
##Tuesday - Push
Squat variation (low bar, front squat, Zercher squat): 5-6 lighter sets (typically 185lbs at most)

Barbell Bench: 8-10 sets

Shoulder press (seated dumbbell press, standing dumbbell press, machine shoulder press): 5-8 sets

Triceps (cable pushdowns, reverse grip pulldowns, skullcrushers, overhead dumbbell extensions, etc): 100 reps

Dumbbell lat raises, sometimes supersetted with front delt raises: 5-8 sets

##Wednesday - Legs
10 minutes cardio

High bar squats: 8-10 sets

Leg press or hack squats, whichever I didn't do on Sunday: 5-8 sets

RDLs, Lunges, Split Squats, etc. : ~5 sets

Abs (cable crunches, hanging knee raises): ~5 sets

##Thursday - Pull
Deadlift or Rack Pulls (whichever I didn't do Monday): 8-10 sets

Rows (whichever I didn't do Monday): 5-8 sets

Biceps: 100 reps of something I didn't do Monday

Seated Cable Face Pulls: 100 reps

##Friday - Push
Squat variation (low bar, front squat, Zercher squat): 5-6 lighter sets (typically 185lbs at most)

Overhead Press: 8-10 sets

Incline Dumbbell bench: 5-8 sets

Triceps: 100 reps

Cable chest flies, usually supersetted with cable lat raises: 5-8 sets

Abs (cable crunches, hanging knee raises): ~5 sets

---

My current goal is to join the 1000lb club by the end of the year. My current numbers are: Deadlift - 405lbs, Squat - 275lbs, Bench - 225lbs, and (I know it's not counted towards the 1000 but I'm proud of it), OHP - 150lbs

I spend about 90 minutes a day at the gym, usually around 12pm on my days off / early work days, about 1:30pm on my 2 later work days. The gym is soooo empty in the afternoon, it's the best time to go. The first 30-40 minutes I spend on my main compound lift for that day (gym has 6 benches, 3 squat racks, and a power rack, plus have I mentioned it's typically empty in the afternoon?!). 

---

#Final Thoughts
---

Another year, and I feel like I look even younger than I did last year (I certainly FEEL younger). I look way younger than the rest of my friends that are all around the same age as me, people typically think I look 25-27. For the first time in my life I have about 8 tank tops I'm not afraid to wear anywhere. I do yard work without a shirt on, and I don't hesitate at all if someone asks if I want to go swimming. I went to Cedar Point a couple weeks ago (dem tan lines), and didn't have to worry about whether or not I was going to fit on the newer rides or not, and I didn't have to deal with my legs rubbing together all day and the painful ""chub rub"" I'd have to deal with the days after. I went from only being able to sleep on my stomach, to being able to sleep on my back for the first time I ever remember... if I sleep on my side I have to put a pillow between my legs or my knees smash into each other all night, it's weird not having a bunch of extra fat. I also stopped snoring completely.

I have a 720 day streak going on MyFitnessPal, and recently killed my original food scale that was given to me, and bought an Ozeri scale from Amazon for $12 that works great. For a while, I was a bit obsessive about logging things... I was weighing the lettuce I put on my sandwiches. I took a step back, and decided that I didn't need to be **that** diligent about logging things. So now when I make a sandwich, I log the bread, meat, cheese, mayo, etc. I don't weigh my tomatoes, or lettuce, or onion. Honestly I don't really weigh any of the raw vegetables I eat, nobody got fat from eating too much spinach. I typically only track vegetables if I'm curious about the micros.

Tracking calories has made me a more productive adult though. Tracking calories regularly has me doing a lot of other things I was neglecting to do regularly. For some reason I never used to brush my teeth regularly, but now it's just part of my schedule. Scooping my cat's box (and hell, feeding her, I used to just dump a bunch of food in her bowl and refill when necessary, now she gets portioned meals as well). Yard work gets done more consistently. Basically, the structure of logging calories has spilled into other areas that needed a lot of structure.

I'm still watching pretty much the same fitness YouTubers: AthleanX, Bradley Martyn, Obese2Beast, Nick's Strength & Power, Alan Thrall, etc.

At any rate, I can't wait to see where I'll be for year 3 of this journey.",125,2017-07-31 23:40:58,21,https://www.reddit.com/r/Fitness/comments/6qsejb/2_year_progress_update_812015_812017/
Am I counting the fat in my stewed chicken thighs correctly?,"I pressure cook [chicken thighs](https://www.heb.com/product-detail/hill-country-fare-young-chicken-thighs-value-pack/313260) with a little salt and pepper in an Instant Pot; I place the raw chicken thighs in the cooker, skin on, add the spices, close it up and run it for 55 minutes. No water added, but the embedded water inside the chicken comes out and makes a lot of broth. A layer of chicken fat floats to the top of the broth as well. I get most of my calories from fat, so I mix this fat back into the chicken when I shred the meat off the bones, then count it all as raw chicken thigh, 100 g.

That yields 222 cal, 16 g protein and 16.9 g fat per 100 g raw, which is what I count it as my macros. Should I be counting the chicken fat I add back in as extra fat instead?",1,2017-07-31 17:10:31,2,https://www.reddit.com/r/Fitness/comments/6qptxs/am_i_counting_the_fat_in_my_stewed_chicken_thighs/
My current lifting dilemma...,"So I've been lifting for about a year now. Not long, but I have made visible progress. More noticeably in fat loss from when I started. At this point, I have a pretty decent strength base (for a 1-year lifter) but I recently started noticing some of my body parts lagging behind while others keep growing. My Biceps, Back, Triceps, Traps and Legs are doing great while my Shoulders, Pecs and Abs are seriously lagging even though I consistently train them and eat well.

Any advice for a natty on how to grow those areas? I noticed fantastic gains in my other body parts when I switched up routine exercises. For example, incorporating the inclined dumbell curl in my biceps training fucking shot my bicep peak up. Anything I should know as a novice lifter in terms of exercise/nutrition that most novice lifters don't?

Any advice appreciated.

",5,2017-07-30 19:07:27,9,https://www.reddit.com/r/Fitness/comments/6qj6rl/my_current_lifting_dilemma/
6 weeks to shred,"Anyone doing or finished Jim stoppani's  6 weeks to shred my question is did you gain any muscle mass while losing fat because the nutritional plan provided puts me at a caloric surplus, so I was wondering if I would just gain more fat. I am 189lbs 5ft8 about 22% or more body fat. Thanks ",0,2017-07-24 10:12:55,19,https://www.reddit.com/r/Fitness/comments/6p7gzi/6_weeks_to_shred/
"Today I finish Jim's S. Shortcut to shred program. Progress pics, what to do from here, and asking for help","6 weeks ago I began Shortcut to Shred by Jim Stoppani. The goal was to lose body fat and then re-evaluate from there. Over this time period I went from ~13% BF to anywhere as low as ~8% BF give or take .5%. 

While I'm very happy with the program as it forces you to be very active and methodical about keeping your heart rate up, I wonder now looking back what I could have done differently when it came to my diet. Over this time frame I had a low carb high protein diet, getting most of my carbs from vegetables. 

However looking at the [progress pictures](http://imgur.com/a/u9QlB) I'm frustrated as I guess I expected more definition around the abs, and honestly comparing the two pictures (blue shorts is the after picture) I just don't see that much of a difference after busting ass for a month and a half. 

Going forward I'm thinking about doing the 6 weeks again but counting my calories/intake, and supplementing the routine with additional ab workout. (someone suggested that p90x had a pretty good routine)

Would love some feedback from the community as I continue on this journey!",5,2017-07-18 18:49:35,21,https://www.reddit.com/r/Fitness/comments/6o2ue7/today_i_finish_jims_s_shortcut_to_shred_program/
Are there apps like to Shortcut to Shred? It's really useful so I'm looking for something similar.,"Bodybuilding.com put out an app for Jim Stoppanni's Shortcut to Shred Program.  The app gives a full 6 week training program, shows a video of the workout you are supposed to do, which day to do it, recommended nutrition and supplements etc.

I really like the way everything is laid out, but I've been through the program twice now and I'm looking for a new workout.  Any recommendations for something similar? ",1,2017-07-18 18:08:22,2,https://www.reddit.com/r/Fitness/comments/6o2k9g/are_there_apps_like_to_shortcut_to_shred_its/
"Is there any reason, health-wise, to go with Powdered protein over food-based protein?","For years, I've been eating a whey protein bar after workouts (they're delicious imo), and I've had good results with muscle mass growth. 

The other day, I started taking a different path home, and the gas station I pass by has these bars of compressed shredded chicken. Literally the ingredients are chicken, sriracha sauce, and a bunch of spices I have in my cabinet. It's about the same price, and about the same amount of protein. 

This got me wondering - is there any good reason to continue eating the chocolate (or whatever flavor) traditional protein bars, or would these bars of meat and spices work just as well? They've got like 150 less calories, too, which is fucking rad. 

Thanks in advance!",7,2017-07-15 00:14:34,48,https://www.reddit.com/r/Fitness/comments/6ncwzm/is_there_any_reason_healthwise_to_go_with/
"4,5 year skinny to not-so-skinny transformation!","Hello!

Will just drop the pictures first

[Me when I started training, can't remember how tall, but 132 lbs / 60 kg](http://i.imgur.com/ikvStHi.jpg)

[Taken this month, at 187 lbs / 85 kg and 6' / 183 cm](http://i.imgur.com/PoLfDSt.jpg)

[Flexing, a bit older than the second picture, but same stats](http://i.imgur.com/z0h5yW8.jpg)

**Diet**

Have always kept my diet pretty simple. Was always skinny and had low apetite so simply forced myself to eat. First year of training I didn't know anything so my weight barely changed.

Second and third year of training I just started eating a lot more and got to about 80 to 82 kg bodyweight

A typical day of eating for me would look like

Breakfast 8 am

Two slices of bread with all-natty peanut butter and jelly (about 15 grams of each per slice). To drink, 250 ml of milk.

Lunch

During this time I always ate lunch at my schools canteen. Everyday would be a different traditional Swedish lunch, ranging from mashed potatoes with meatballs, fish and cooked potatoes, lasagne, pasta and bolognese sauce and so forth. I always made sure to eat as much as I possibly could (something like 20 average sized meatballs) as well as eating a large variety of vegetables (broccoli, tomatoes, lettuce, corn, paprika and so on) and drank one or two glasses of milk. 

After school

Either the same as I ate for breakfast or a milkshake consisting of one scoop (30g) of Vanilla or Chocolate Protein, one large banana, 250 ml (one cup) of rolled oats and about 350 ml of milk

Dinner

My parents cooked typical Brazilian meals such as feijoada, lots of rice and beans, eggs, steak and so. About the same size portions as when I ate at school.

In the beggining I was gaining 2kg per month, eventually it became only 1kg per month.

These last year and a half I've tried to eat the same way but since I no longer have free lunch at school and have to make my own meals I often get lazy and don't eat as much as I should. I never count calories or macros though, I just go by the scale. Weight got to a high point of 87 kg but usually fluctuates a lot around 84 to 85 kg right now due to my hectic school schedule fucking up my eating habits.

**Training**

First year I basically did a machine full-body circuit. Just did all the machines at my gym for 3x8 and went home.

Second and third year is when I discovered r/fitness, compound movements, Stronglifts 5x5 and so on.

Started out with SL 5x5 and ran it for about 4 months. Can't really remember my lifts then but it was somewhere around 100kg Squat, 65 kg Bench and 140 kg Deadlift. 

After that I switched to an Upper/Lower split (still with linear progression) training 4 times a week and that's when I feel like I made most of my gains.

After that I tried a variety of other different programs but didn't really have the discipline to stick to any of them. My lifts were still, for the most part, going up. So I was happy.

Lately, since I don't have much time to train due to college, I tend to workout 3-4 times a week with my same old Upper/Lower split. Have hit all time PRs after I started college but I feel like my body composition hasn't really changed much.

**Current PRs**

Squat 135 kg / 297 lbs

Bench 95 kg / 209 lbs (lol)

Strict OHP 60 kg/ 132 lbs for 6 reps, have never tried maxing it

Deadlift (sumo) 200 kg / 440 lbs

**All in all** I know I haven't gone in extreme detail, don't really remember most things and haven't taken that many pictures but feel free to ask anything. 

**Hope this serves as a little motivation, even for those boderline skeletons like me in the past! Wouldn't been able to do it without all the knowledge and support from r/fitness so thank you all :D**
",567,2017-07-11 22:23:11,159,https://www.reddit.com/r/Fitness/comments/6mppqc/45_year_skinny_to_notsoskinny_transformation/
5x5 Questions/Concerns,"Background :
I've been working out coming up on 3 years. Ive kept a steady schedule of going at least 5 times a week for these past couple of years and I would do the split program where I have chest and triceps one day back and biceps another and so on and so forth switching muscle groups with other muscle groups. Recently I've hit a plateau with every thing it seems except for my legs. 

So the questions/concerns I have on the 5x5 are:
-Will my secondary muscles(bicep/triceps) suffer from not directly hitting them like I have been for the past 3 years? I want to get strong but not at the risk of losing definition and strength in those muscles. 



-Do I seriously have to workout only 3 times a week cause I think I'd go crazy? The gyms become the best therapy I've ever had and only going 3 days may make me depressed. 



- I understand that the program will give me significant gains in strength and it's mostly for gaining muscle and losing weight. But I'm trying to gain weight and strength so I'm wondering will this make me more shredded/ripped? 



-Also why do you only do 1 set of deadlifts for 5 reps unlike the others? 



I had some more but my memory is shit. If you could help me out that would really be dope. 


Edit:Just remembered I know this is a beginner program but if there are any other workout plans you guys could recommend that would help too. ",1,2017-07-07 22:43:13,3,https://www.reddit.com/r/Fitness/comments/6lxaf4/5x5_questionsconcerns/
Blisters forming under callus,"So i've been lifting for about 3 years now and I've had time to build up pretty tough hands.  I just started a month long deadlift peaking program thats super high volume on deadlifts for the first two weeks (Monday is 5x8 @80%, wednesday is squat focused but also has moderately intense good mornings and friday is 5+ amrap followed by 3 sets pyramiding down, absolutely brutal).  I've usually been able to deal with my calluses but they have gotten insane over the past week and a half and are also forming blisters underneath them.  I'm debating going at them with a (steralized) knife but I'm worried it might stall my program cause my hands will be shredded and sensitive.  Anyone else been through something similar, if so what did you do?",1,2017-07-05 22:26:30,3,https://www.reddit.com/r/Fitness/comments/6lhhd9/blisters_forming_under_callus/
Seeing Better Results at Huge Deficit,"Hey all,

24 years old, 230lbs (down from 331lbs), 6'0"" here. For the past couple of years I've been on a weight loss kick and now am into lifting and getting the fat off and becoming toned/shredded af. I was having some problems of staying at a stagnant weight (I was eating about 2,000 calories and burning about 3,000 a day.) I lowered my calories to 1,800 a day and am seeing the scale move again while also retaining strength in the gym. I understand that's a pretty steep deficit but if I'm cutting and maintaining strength, my body should be cool yeah?",15,2017-07-05 17:45:12,17,https://www.reddit.com/r/Fitness/comments/6lfmkl/seeing_better_results_at_huge_deficit/
Supplementing PPL Routine with Core Exercises,"Hi all, I'm currently following **Metallicadpa's PPL** routine and have a question regarding Core Exercises. I used to follow another PPL routine where I added a few core-only exercises in Leg day.
  
  
  As you can see from the exercises he listed here:
> LEGS
2x5, 1x5+ squat
3x8-12 Romanian Deadlift
3x8-12 leg press
3x8-12 leg curls
5x8-12 calf raises

  There aren't any core only exercises. However, I've always had a relatively weak core (i.e. had anterior pelvic tilt in the past from weak abs) so I'm wondering what y'all do to supplement PPL routines with core exercises.

**Note**: My aim here is to get as strong a core as possible, not necessarily looking for ""shredded abs"".

Thank you!!",6,2017-07-02 23:03:13,23,https://www.reddit.com/r/Fitness/comments/6kw99v/supplementing_ppl_routine_with_core_exercises/
What You Need To Know About Cataract Surgery San Antonio Tx,"By Betty Gibson
   
   
A cataract refers to eye conditions in which the natural lens just beneath the iris and the pupil is clouded. Cataracts commonly bring about visual problems for individuals above 40 years of age. Nonetheless, you may have [cataract surgery San Antonio tx](http://ift.tt/2gVzUxP) to effectively treat this condition. This surgical procedure entails the removal and replacement of the natural lenses using an artificial lens.
   
   
 In a normal healthy eye, the lens of the eye is usually clear. However, cataracts cause the lenses to become cloudy affecting your vision. The lens focuses the light on the retina such that the images become clear without any distortion. However, the clouding of the lens causes the image to become blurred and distorted. Usually, the condition is gradual in the normal aging process but it can develop rapidly. In most cases, they affect both eyes.
   
   
 Generally, the cause of cataracts is not known. However, most cataracts seem to be caused by the change in protein structure in the natural lens that happens over many years causing the lens to become cloudy. In rare cases, this condition may be present at birth or in the early years of a child due to hereditary enzyme defects, genetic diseases, as well as systemic congenital infections.
   
   
 Other reasons leading to the rapid spread of the condition may be intraocular inflammations, severe eye trauma, and even eye surgery. The other predisposing factors for tender age cataracts are such as being exposed to the ionizing radiations, smoking, excessive exposure to UV light, diabetes as well as the using certain medications including oral, inhaled, as well as topical steroids.
   
   
 Cataracts are usually characterized by double and blurred vision, an appearance of glares and halos, as well as problem driving at night. However, cataract surgery to correct the condition offers several benefits. The first benefit is that the surgical procedure improves the quality of life of the patient. Since the development of this condition is gradual, you also gradually stop undertaking some of your enjoyable activities such as reading or driving at night. As a result, cataracts may contribute to anxiety and depression. After the surgery, however, you are able to resume your activities, hence improving your quality of life.
   
   
 Other benefits of the surgical remedy to cataracts in San Antonio TX include the lessened risks of falling and getting fractures. Usually, the loss of vision is a common cause of falling. Falls remain dangerous and may be fatal, especially for the aged. Subsequent to the procedure, the incidences of falling are usually minimized with the restoration of better vision.
   
   
 On the contrary, cataracts are largely preventable. Despite controversies on the possibilities of preventing the condition, various studies have revealed that various nutrients and nutritional supplements will lessen the risks of suffering the condition. Consequently, having diets with high vitamin E, carotenoids lutein and zeaxanthin will lessen the risks of cataracts.
   
   
 Although the success rate of the surgical procedure is usually high, there are some risks of the procedure. Such risks are such as bleeding in the eye, eye infection, swelling of your retina, detached retina, and vision loss.
   
   

   

   

   
 About the Author:
   

   
Find a list of the advantages you get when you undergo [cataract surgery San Antonio TX](http://ift.tt/2gVzUxP) area and more info about a knowledgeable surgeon at http://ift.tt/2gVzUxP now.
   

   
   
   
 from physical exercise http://ift.tt/2sTNzge
   
   
 via [IFTTT](http://ift.tt/1gYSBZM)",1,2017-06-21 14:59:59,0,https://www.reddit.com/r/Fitness/comments/6imcgz/what_you_need_to_know_about_cataract_surgery_san/
How much muscle can you lose in 3-4 months?,"I've been sedentary for the past 3-4 months, before I was on a large cut from 5'11 94kg obese to 65kg very skinny, then when I was bulking I was forced to stop completely, due to a skin disease (topical steroid withdrawal, it's hell).

I had huge calves, decent arms and quads but I've turned skinny-fat due to being sedentary. How much muscle mass can I realistically lose in 3-4 months and is it easy to put it back on throuhg muscle memory? Thanks",5,2017-06-18 19:27:32,6,https://www.reddit.com/r/Fitness/comments/6i1hyj/how_much_muscle_can_you_lose_in_34_months/
Female lifting and cutting,"Read the FAQ

I've chosen Ice Cream Fitness. Is there a better one out there or are they all pretty much the same at this level? I searched but couldn't find any women of a similar weight they were considerably lighter than I am now when they started lifting. 

Currently eating 1000cals/day can I even lift on this amount? 5ft/26/137lbs vegan I decided to not track macros at this time

I get unbelievably anxious about the whole thing is it as simple as following the program? I'm going to give it 8 weeks and see how I get on. I'm doing this purely for aesthetics but the 'goal' physique is many years away

u/gw2208 u/nattyX u/PM_ME_GLUTE_SPREAD",4,2017-06-17 14:47:38,36,https://www.reddit.com/r/Fitness/comments/6htrn4/female_lifting_and_cutting/
30 Minutes a Day?,"I want to start working out again in the evenings, for about 30 minutes a day. I'm thinking of alternating a night of 10 minutes weights/20 minutes treadmill with a night of mixed cardio/strength (like the 30 day shred videos). Not looking for a drastic life or body change (I'm 5'6 and 140, and already walk 3 miles a day), just want to feel healthier. Does this sound reasonable?",1,2017-06-15 19:13:51,27,https://www.reddit.com/r/Fitness/comments/6hh7zj/30_minutes_a_day/
"Am I Doing Something Wrong? Low Body Weight, But Heavy Lifts.","So I'm 5'11 and weigh about 155lbs(was about 150lbs a couple weeks ago). I'm not shredded by any means, have some body fat (abs are somewhat visible). Even though I'm light weight I can lift as much or even more than my much heavy friends (people that have 15lb+ on me). 

My lifts are:

Bench:195x1

Deadlift: 245lbx3 (I could go much higher, just scared of injuries)

Squat: 225lbx3

Shoulder Military Press: 135x3

So is my mistake simple as just not eating enough?",1,2017-06-10 19:56:22,14,https://www.reddit.com/r/Fitness/comments/6gh89r/am_i_doing_something_wrong_low_body_weight_but/
Is there any legitimacy to this interview claiming five day split type workouts don't work unless you're juicing?,"So I came across [this article](http://www.highsnobiety.com/2017/06/06/adi-gillespie-fitness-tips/?utm_campaign=Highsnobiety+Post) and in it this guy says: ""beginners need to be training the same muscle groups every two days: whole body, day off. Or upper body, lower body. At first, I was in the gym every day doing this and that, with high-intensity finishers. You can get away with it most of the time when you’re young, but you don’t realize the impact on your central nervous system. The bodybuilder split – chest on Monday, back on Tuesday, etc. – only works if you’re pumped full of steroids.""

Is there any legitimacy to any of this? Namely the incredibly vague bit about the impact on your nervous system and the steroids.",4,2017-06-06 13:29:06,38,https://www.reddit.com/r/Fitness/comments/6flre8/is_there_any_legitimacy_to_this_interview/
What is the general opinion on milk as nutrition?,"When I started lifting 6 years ago, I started with GOMAD and it worked wonders. Was incredibly strong and I grew so fast people thought I was on steroids. It has been a staple of my diet ever since, I cut and bulk on milk which is really easy since all I have to do is adjust the amount. 

I also mix in scoops of whey/cassein/psylium husk to increase protein intake and fiber. They also make me feel like I'm living on delicious milkshakes. Not only does it taste great, it also saves me a lot of money. 

I was wondering though, if there are any long term adverse health effects from drinking so much milk a day? I currently drink 4-5 liters a day and I feel great. When I did blood work I did have an iron deficiency from all the calcium but for the rest everything looked fine.",77,2017-06-03 08:55:31,110,https://www.reddit.com/r/Fitness/comments/6f0991/what_is_the_general_opinion_on_milk_as_nutrition/
If I ride my bike to gym should I do cardio?,"Me biking to the gym is about 2 miles there and back. My friend told me that cardio is a ""myth"" and I shouldn't do it since i'm biking there. I'm trying to lose weight and i have watched videos also read that waking up in the morning and doing cardio on a empty stomach helps shred fat. I'm like 5'9 185 if any one needs to know.",2,2017-05-30 21:32:59,27,https://www.reddit.com/r/Fitness/comments/6eadih/if_i_ride_my_bike_to_gym_should_i_do_cardio/
"Does having large muscle mass due to weightlifting, naturally, have health benefits?","Without the use of steroids or other controversial supplements can the body handle building muscle long term? Are there benefits or is it purely aesthetic and ultimately harmful?

I know that building muscle packs on some weight. Is there was a distinction between being ""overweight"" because of muscle and overweight because of fat. ",5,2017-05-24 15:16:59,18,https://www.reddit.com/r/Fitness/comments/6d2rpu/does_having_large_muscle_mass_due_to/
Questions on a supplement,"Okay I only look through so often on this subreddit and some of the advice has been helping in the weight room since I have made a committed comeback to it after a year off. I want to go the no supplement route for as long as possible and I do see results with my regiment. 
   A guy at my small town gym has been talking about supplements from enhanced athlete.com and I was wondering if the muscle builders on there such as ligandrol are safe if I eventually do decide to go back to the supplement route like I used to and if buying supplements like ligandrol, ostarine, and andarine would benefit me without negative effects possibly after years past.",1,2017-05-23 04:01:53,10,https://www.reddit.com/r/Fitness/comments/6cscwu/questions_on_a_supplement/
How much weight should I aim to lose in my cut?,"Cutting for the first time. I went from 68kg (150 lbs) to 80.5 kg (177 lbs) from August last year until now (may). I've gotten quite a lot of fat over the months, especially in my face and around my lower belly. I don't want to get super shredded, just low enough in bf to look more defined and less fat. How much should I lose before I start losing muscle, or it takes too long to lose the extra fat?",1,2017-05-22 09:54:51,6,https://www.reddit.com/r/Fitness/comments/6cmbmn/how_much_weight_should_i_aim_to_lose_in_my_cut/
Minicut experience (2weeks),Does anybody here have any experince with minicuting (2 weeks) in moderate deficit 500-700kcal? Does it help to shred some fat and then get back into lean bulk?,21,2017-05-17 07:42:30,45,https://www.reddit.com/r/Fitness/comments/6bnaj8/minicut_experience_2weeks/
Should I take an ice cold bath or a warm one?,I'm looking for maximum muscle recovery. I have a two week deadline to get shredded for a film and I need to put in as much time at the gym as possible. Would a cold bath or a warm one help me more?,11,2017-05-17 03:29:25,32,https://www.reddit.com/r/Fitness/comments/6bmaub/should_i_take_an_ice_cold_bath_or_a_warm_one/
Is failure normally form related?,"When I squat and I'm on my 5th set I find my form start to go when it's getting hard. I therefore classify this as a fail and deload if i cant hit it next workout. My question is. Is this normal or do I need to work on correcting this? Part of the me thinks this is me not being strong in other areas like glues or something that is making me think I need to switch to a more well rounded program.

Back story: 

6""4 - 242lbs 27% bf. 

been lifting on and off for ages (6 years) but injuries/knowledge/commitment have kept me back. Now being lifting consistently for about 2 years with one 4 month back injury in there (I'm a bit injury prone). I've been doing ICF for 6 months after coming back from the back injury and had previously been doing crossfit. Crossfit was great for my well rounded strength cause it help me develop strength in areas I was week. 

Current numbers are : 135lbs OHP, 195 Bench, 240 lbs squat and 300lb dead. All of these are 5x5 numbers since I haven't tried 1rms in a while. 

I've recently hit the point of with squats anyway that I'll notice my form go a bit when getting the final reps. 

I'm really wondering is this normal? I think I'm just doing whatever I can to get the weight up when I'm really tired and as a result this is what happens but being injury prone I'm scared this is going to put me out. 

Bonus question: is it time to switch to PHUL or PHAT? 

Goals: get in shape for wedding in November. I've done keto before with great results but am starting again next week (currently in Italy on holiday). So plan is to get diet on point bit I wanna keep working out. I'm thinking move too PHUL as a I have more time now and want to split it up. Then need to be doing hiits basically 4-6 days a week to really shred up. 
",1,2017-05-16 06:19:59,2,https://www.reddit.com/r/Fitness/comments/6bfthk/is_failure_normally_form_related/
Going into summer with a weighted belt and a pull up bar.,"For reference, I've been training for awhile now. 5'10 170 pounds, I typically do chin ups once a 8 day cycle and am currently around 60 pound weighted 5x5 or 50 pound weighted 8x5. I also do pullups during the cycle currently about 7.5 pounds lighter. 

So, for Summer I've finally got a weighted belt of my own and have my own Olympic weights. My goal is two fold, I'd like to be able to do a one armed chinup/pullup one day, though I currently am not on the right track I know based on my mass gaining training regime but I want to work towards it. My other goal is to gain mass, particularly I am interesting in filling out my lats as I feel they are less developed than I'd like.  

I'm wanting know of the optimal amount I can do chin ups or pull-ups per week as a supplement to my normal training regime. I know it varies from person to person, but does anyone have any guides on this or past experiences they could share? I've developed tendonitis before so I want to be careful. I also am going to have plenty of rest and food if that changes anything and no steroids :3. 

Anyone have experience doing more often heavy weight chinups/pullups than in a typical routine?",1,2017-05-08 03:24:06,2,https://www.reddit.com/r/Fitness/comments/69vp9h/going_into_summer_with_a_weighted_belt_and_a_pull/
Is it possible to get shredded while working out and CICO and not actively keep track of macros?,"Is it possible to get shredded while working out and CICO and not actively keeping track of macros?

I'm in the phase of cutting and I consistently do weight lift.",0,2017-05-07 05:11:22,3,https://www.reddit.com/r/Fitness/comments/69pp75/is_it_possible_to_get_shredded_while_working_out/
Arnold Split vs PPL,"For those who dont know:

PPL = PUSH (Chest, Front/Lateral Delts, Triceps) PULL (Back, Rear Delts, Biceps) LEGS (Quads, Hamstrings, Calves)

Arnold Splits= CHEST/BACK - SHOULDERS/ARMS - LEGS

So, I have been doing the longest bulk ever, training with PPL. Cutting season is coming up, and after 6 months of PPL, I decided I could try something new. I thought an Arnold Split could be a good idea, as all the Press/Row, Raises/Facepulls, Biceps/Triceps supersets could be a more fun way of incorporating cardio

But here is the question: Isnt an Arnold Split better for a natty, specially those whose weakpoints are shoulders and arms?

I have been reading conflicting advice. Yes, muscles need a day to rest between workouts, yet I also read that small muscles like calves, abs, arms and shoulders recover in just 24 hrs or less

So wouldnt it make sense to train like this? You indirectly hit shoulders and arms on Chest&Back, and you come back again to hit them even more. You then have a leg day to rest, so you come back to your Chest&Back workout fresh

Isnt this a better way of training, at least if your shoulders/arms are lagging? Plus all the cardiovascular benefits if you utilize supersets. Makes me wonder why PPL is so popular compared to this split

The only drawback that I can think of is the fact that I dont know if  its a good idea to Bench Press heavy one day and OHP the next

I'm going to try this split at least a month or two, but I would like to know your opinion on the matter",156,2017-04-29 17:21:47,93,https://www.reddit.com/r/Fitness/comments/68ai8j/arnold_split_vs_ppl/
Stronglift -> Stoppani Shred?,"Hi all, I am definitely a newb but wanted to some advice on where to go with my training. I am Male, 37 years old, 6' and 205lbs, I started 5x5 in December and at 4 months I am loving the strength gains. Currently at:
Squat 185 lbs
Bench 165 lbs
Deadlift 225 lbs
OHP 105 lbs
Pendlay row 125 lbs
I also do 3 assistance exercises per workout, I don't have those figures to hand though.

My goals are to get stronger but in the meantime, whilst I have been getting stronger, my diet has not been the cleanest and my %bf is too high. I really need to cut and someone at the gym recommended the 6 week Stoppani shred and then coming back to a strength building program of some sort after that. 
My strength goals long term are not crazy, would like to bench 225, squat 275 and deadlift 315.

Anyway, what are people's experiences with Stoppani 6 or 8 week shred programs for reducing bodyfat? Should I simply just keeping doing 5x5 and trying to drop food or is there something to be said for his 9-11 rep range exercises with HIIT mixed inbetween sets?",0,2017-04-28 18:19:30,10,https://www.reddit.com/r/Fitness/comments/684f0b/stronglift_stoppani_shred/
"Steroid Saturday - May 03, 2025","Welcome to the steroid Saturday discussion. Please follow the rules, and be kind. If you see any hatred, arguing, etc. Please report the comment so it can be removed. If you do not agree with this post, do not participate. It is that simple.

* **NO SOURCE TALK**. This is very important for a variety of what we hope are obvious reasons.
* **NO FIGHTING**. Arguing and ridiculing others will only get your comment deleted. Constructive criticism only. Post anything that is on topic. This involves how cycles change close to competition prep, what has worked for you in the past, before/after cycle pictures, dietary changes with different compounds, etc.
* Questions are allowed, but should be limited.  has a specific thread just for new comers, where you can get amazing answers from some of the most knowledgeable people. Lab talk is alright, but remember how to get a particular lab's product would be prohibited source talk.

We hope everybody enjoys this thread Thanks to the  community to help make this work. They have been a huge help and will be chiming in on this post.",3,2025-05-03 07:01:20,0,https://www.reddit.com/r/bodybuilding/comments/1kdmxaq/steroid_saturday_may_03_2025/
8 WEEKS OUT FIRST SHOW OF THE YEAR. NATTY NPC. 26 Yo,"Currently:  
**77.5kg or 170.9lbs)**  
**172cm or 5'8""""**",100,2025-04-27 11:08:58,5,https://www.reddit.com/gallery/1k91hhd
12 Weeks Out from First Show - Natty,5’10.5” 184.6lbs ,86,2025-04-26 16:39:34,2,https://www.reddit.com/gallery/1k8h6vd
"Steroid Saturday - April 26, 2025","Welcome to the steroid Saturday discussion. Please follow the rules, and be kind. If you see any hatred, arguing, etc. Please report the comment so it can be removed. If you do not agree with this post, do not participate. It is that simple.

* **NO SOURCE TALK**. This is very important for a variety of what we hope are obvious reasons.
* **NO FIGHTING**. Arguing and ridiculing others will only get your comment deleted. Constructive criticism only. Post anything that is on topic. This involves how cycles change close to competition prep, what has worked for you in the past, before/after cycle pictures, dietary changes with different compounds, etc.
* Questions are allowed, but should be limited.  has a specific thread just for new comers, where you can get amazing answers from some of the most knowledgeable people. Lab talk is alright, but remember how to get a particular lab's product would be prohibited source talk.

We hope everybody enjoys this thread Thanks to the  community to help make this work. They have been a huge help and will be chiming in on this post.",4,2025-04-26 07:01:21,0,https://www.reddit.com/r/bodybuilding/comments/1k86z9w/steroid_saturday_april_26_2025/
"Steroid Saturday - April 19, 2025","Welcome to the steroid Saturday discussion. Please follow the rules, and be kind. If you see any hatred, arguing, etc. Please report the comment so it can be removed. If you do not agree with this post, do not participate. It is that simple.

* **NO SOURCE TALK**. This is very important for a variety of what we hope are obvious reasons.
* **NO FIGHTING**. Arguing and ridiculing others will only get your comment deleted. Constructive criticism only. Post anything that is on topic. This involves how cycles change close to competition prep, what has worked for you in the past, before/after cycle pictures, dietary changes with different compounds, etc.
* Questions are allowed, but should be limited.  has a specific thread just for new comers, where you can get amazing answers from some of the most knowledgeable people. Lab talk is alright, but remember how to get a particular lab's product would be prohibited source talk.

We hope everybody enjoys this thread Thanks to the  community to help make this work. They have been a huge help and will be chiming in on this post.",10,2025-04-19 07:00:54,0,https://www.reddit.com/r/bodybuilding/comments/1k2qf8m/steroid_saturday_april_19_2025/
"Steroid Saturday - April 12, 2025","Welcome to the steroid Saturday discussion. Please follow the rules, and be kind. If you see any hatred, arguing, etc. Please report the comment so it can be removed. If you do not agree with this post, do not participate. It is that simple.

* **NO SOURCE TALK**. This is very important for a variety of what we hope are obvious reasons.
* **NO FIGHTING**. Arguing and ridiculing others will only get your comment deleted. Constructive criticism only. Post anything that is on topic. This involves how cycles change close to competition prep, what has worked for you in the past, before/after cycle pictures, dietary changes with different compounds, etc.
* Questions are allowed, but should be limited.  has a specific thread just for new comers, where you can get amazing answers from some of the most knowledgeable people. Lab talk is alright, but remember how to get a particular lab's product would be prohibited source talk.

We hope everybody enjoys this thread Thanks to the  community to help make this work. They have been a huge help and will be chiming in on this post.",6,2025-04-12 07:01:21,7,https://www.reddit.com/r/bodybuilding/comments/1jxbggh/steroid_saturday_april_12_2025/
17 M 23 weeks out,23 weeks out from summer shredding ,12,2025-04-06 03:44:24,5,https://www.reddit.com/gallery/1jsla3a
"Steroid Saturday - April 05, 2025","Welcome to the steroid Saturday discussion. Please follow the rules, and be kind. If you see any hatred, arguing, etc. Please report the comment so it can be removed. If you do not agree with this post, do not participate. It is that simple.

* **NO SOURCE TALK**. This is very important for a variety of what we hope are obvious reasons.
* **NO FIGHTING**. Arguing and ridiculing others will only get your comment deleted. Constructive criticism only. Post anything that is on topic. This involves how cycles change close to competition prep, what has worked for you in the past, before/after cycle pictures, dietary changes with different compounds, etc.
* Questions are allowed, but should be limited.  has a specific thread just for new comers, where you can get amazing answers from some of the most knowledgeable people. Lab talk is alright, but remember how to get a particular lab's product would be prohibited source talk.

We hope everybody enjoys this thread Thanks to the  community to help make this work. They have been a huge help and will be chiming in on this post.",6,2025-04-05 07:01:20,0,https://www.reddit.com/r/bodybuilding/comments/1jrxnvh/steroid_saturday_april_05_2025/
12 weeks out from… 40 y/o 😅,"5’11”

202 lbs

Don’t know about another show this year but going to look good for 40 and that counts for something.

Obligatory #natty hashtag",424,2025-03-30 23:03:48,62,https://www.reddit.com/gallery/1jnp74g
"Steroid Saturday - March 29, 2025","Welcome to the steroid Saturday discussion. Please follow the rules, and be kind. If you see any hatred, arguing, etc. Please report the comment so it can be removed. If you do not agree with this post, do not participate. It is that simple.

* **NO SOURCE TALK**. This is very important for a variety of what we hope are obvious reasons.
* **NO FIGHTING**. Arguing and ridiculing others will only get your comment deleted. Constructive criticism only. Post anything that is on topic. This involves how cycles change close to competition prep, what has worked for you in the past, before/after cycle pictures, dietary changes with different compounds, etc.
* Questions are allowed, but should be limited.  has a specific thread just for new comers, where you can get amazing answers from some of the most knowledgeable people. Lab talk is alright, but remember how to get a particular lab's product would be prohibited source talk.

We hope everybody enjoys this thread Thanks to the  community to help make this work. They have been a huge help and will be chiming in on this post.",6,2025-03-29 07:01:07,0,https://www.reddit.com/r/bodybuilding/comments/1jmgolw/steroid_saturday_march_29_2025/
"Steroid Saturday - March 22, 2025","Welcome to the steroid Saturday discussion. Please follow the rules, and be kind. If you see any hatred, arguing, etc. Please report the comment so it can be removed. If you do not agree with this post, do not participate. It is that simple.

* **NO SOURCE TALK**. This is very important for a variety of what we hope are obvious reasons.
* **NO FIGHTING**. Arguing and ridiculing others will only get your comment deleted. Constructive criticism only. Post anything that is on topic. This involves how cycles change close to competition prep, what has worked for you in the past, before/after cycle pictures, dietary changes with different compounds, etc.
* Questions are allowed, but should be limited.  has a specific thread just for new comers, where you can get amazing answers from some of the most knowledgeable people. Lab talk is alright, but remember how to get a particular lab's product would be prohibited source talk.

We hope everybody enjoys this thread Thanks to the  community to help make this work. They have been a huge help and will be chiming in on this post.",8,2025-03-22 07:01:23,0,https://www.reddit.com/r/bodybuilding/comments/1jh2qq8/steroid_saturday_march_22_2025/
1st Prep Vs 2nd Prep Natty,"179cm 

Left is for my first show, currently prepping for my 2nd Show. 

",181,2025-03-19 05:54:26,11,https://www.reddit.com/gallery/1jeqajb
"Steroid Saturday - March 15, 2025","Welcome to the steroid Saturday discussion. Please follow the rules, and be kind. If you see any hatred, arguing, etc. Please report the comment so it can be removed. If you do not agree with this post, do not participate. It is that simple.

* **NO SOURCE TALK**. This is very important for a variety of what we hope are obvious reasons.
* **NO FIGHTING**. Arguing and ridiculing others will only get your comment deleted. Constructive criticism only. Post anything that is on topic. This involves how cycles change close to competition prep, what has worked for you in the past, before/after cycle pictures, dietary changes with different compounds, etc.
* Questions are allowed, but should be limited.  has a specific thread just for new comers, where you can get amazing answers from some of the most knowledgeable people. Lab talk is alright, but remember how to get a particular lab's product would be prohibited source talk.

We hope everybody enjoys this thread Thanks to the  community to help make this work. They have been a huge help and will be chiming in on this post.",6,2025-03-15 07:01:20,8,https://www.reddit.com/r/bodybuilding/comments/1jbpg8z/steroid_saturday_march_15_2025/
"Steroid Saturday - March 08, 2025","Welcome to the steroid Saturday discussion. Please follow the rules, and be kind. If you see any hatred, arguing, etc. Please report the comment so it can be removed. If you do not agree with this post, do not participate. It is that simple.

* **NO SOURCE TALK**. This is very important for a variety of what we hope are obvious reasons.
* **NO FIGHTING**. Arguing and ridiculing others will only get your comment deleted. Constructive criticism only. Post anything that is on topic. This involves how cycles change close to competition prep, what has worked for you in the past, before/after cycle pictures, dietary changes with different compounds, etc.
* Questions are allowed, but should be limited.  has a specific thread just for new comers, where you can get amazing answers from some of the most knowledgeable people. Lab talk is alright, but remember how to get a particular lab's product would be prohibited source talk.

We hope everybody enjoys this thread Thanks to the  community to help make this work. They have been a huge help and will be chiming in on this post.",7,2025-03-08 08:01:17,0,https://www.reddit.com/r/bodybuilding/comments/1j6cg3g/steroid_saturday_march_08_2025/
"Eric Abelon, 4.5 weeks out, Tri City Pro","Waking up at 196-197 lbs now.  Test is high, Tren is moderate, and so is the Mast.  Clen is at in, and orals I’m using are Winstrol and Anavar, both at moderate dosages, but will go higher at 2 weeks out.  Cardio is at an hour every morning fasted.  All carbs for the day are consolidated into my pre workout meal.  At 3 weeks out, I’ll add another 30 minutes of cardio post workout/afternoon weight training to push the conditioning.  The final 4 days until showtime I plan to blast anadrol if I feel I need more filling out/fullness.",461,2025-03-06 15:46:46,16,https://v.redd.it/t293sb8jb3ne1
"Steroid Saturday - March 01, 2025","Welcome to the steroid Saturday discussion. Please follow the rules, and be kind. If you see any hatred, arguing, etc. Please report the comment so it can be removed. If you do not agree with this post, do not participate. It is that simple.

* **NO SOURCE TALK**. This is very important for a variety of what we hope are obvious reasons.
* **NO FIGHTING**. Arguing and ridiculing others will only get your comment deleted. Constructive criticism only. Post anything that is on topic. This involves how cycles change close to competition prep, what has worked for you in the past, before/after cycle pictures, dietary changes with different compounds, etc.
* Questions are allowed, but should be limited.  has a specific thread just for new comers, where you can get amazing answers from some of the most knowledgeable people. Lab talk is alright, but remember how to get a particular lab's product would be prohibited source talk.

We hope everybody enjoys this thread Thanks to the  community to help make this work. They have been a huge help and will be chiming in on this post.",6,2025-03-01 08:02:08,5,https://www.reddit.com/r/bodybuilding/comments/1j0ukex/steroid_saturday_march_01_2025/
started from the bottom (30BFP💀) 9 months difference- going to do my first show this season,"long time stalker of this sub, first time poster. everyone here looks so incredible so im nervous to post this. recovered from the worst time of my life mentally and physically and started working with a coach in September. want to do my first show to scratch it off the bucket list. will be competing in the new fit model category- natty. 5’2 23f 117lbs 18BFP last I checked. open to any advice!! doing this bodybuilding goal has taught me so much discipline, resilience, and strength. definitely the happiest and fittest I’ve been in my adult life. ",291,2025-02-28 21:39:17,15,https://i.redd.it/0hewgxkz8yle1.jpeg
"Steroid Saturday - February 22, 2025","Welcome to the steroid Saturday discussion. Please follow the rules, and be kind. If you see any hatred, arguing, etc. Please report the comment so it can be removed. If you do not agree with this post, do not participate. It is that simple.

* **NO SOURCE TALK**. This is very important for a variety of what we hope are obvious reasons.
* **NO FIGHTING**. Arguing and ridiculing others will only get your comment deleted. Constructive criticism only. Post anything that is on topic. This involves how cycles change close to competition prep, what has worked for you in the past, before/after cycle pictures, dietary changes with different compounds, etc.
* Questions are allowed, but should be limited.  has a specific thread just for new comers, where you can get amazing answers from some of the most knowledgeable people. Lab talk is alright, but remember how to get a particular lab's product would be prohibited source talk.

We hope everybody enjoys this thread Thanks to the  community to help make this work. They have been a huge help and will be chiming in on this post.",4,2025-02-22 08:01:16,0,https://www.reddit.com/r/bodybuilding/comments/1ivdu85/steroid_saturday_february_22_2025/
"Steroid Saturday - February 15, 2025","Welcome to the steroid Saturday discussion. Please follow the rules, and be kind. If you see any hatred, arguing, etc. Please report the comment so it can be removed. If you do not agree with this post, do not participate. It is that simple.

* **NO SOURCE TALK**. This is very important for a variety of what we hope are obvious reasons.
* **NO FIGHTING**. Arguing and ridiculing others will only get your comment deleted. Constructive criticism only. Post anything that is on topic. This involves how cycles change close to competition prep, what has worked for you in the past, before/after cycle pictures, dietary changes with different compounds, etc.
* Questions are allowed, but should be limited.  has a specific thread just for new comers, where you can get amazing answers from some of the most knowledgeable people. Lab talk is alright, but remember how to get a particular lab's product would be prohibited source talk.

We hope everybody enjoys this thread Thanks to the  community to help make this work. They have been a huge help and will be chiming in on this post.",8,2025-02-15 08:01:10,0,https://www.reddit.com/r/bodybuilding/comments/1ipwq3a/steroid_saturday_february_15_2025/
5 weeks out from men’s classic physique Debut (natty),I’ve taken lots of feedback from an older post and have really started to focus on the poses and figuring out which angles are best. I was back and forth between classic and physique but my body is better shaped for these poses. I’ve been trying to get my legs to catch up. I know that and my last are my weakest point but I hope to master these poses and let my build shine for OCB naturals. ,139,2025-02-08 18:13:31,66,https://v.redd.it/x677sv61iyhe1
"Steroid Saturday - February 08, 2025","Welcome to the steroid Saturday discussion. Please follow the rules, and be kind. If you see any hatred, arguing, etc. Please report the comment so it can be removed. If you do not agree with this post, do not participate. It is that simple.

* **NO SOURCE TALK**. This is very important for a variety of what we hope are obvious reasons.
* **NO FIGHTING**. Arguing and ridiculing others will only get your comment deleted. Constructive criticism only. Post anything that is on topic. This involves how cycles change close to competition prep, what has worked for you in the past, before/after cycle pictures, dietary changes with different compounds, etc.
* Questions are allowed, but should be limited.  has a specific thread just for new comers, where you can get amazing answers from some of the most knowledgeable people. Lab talk is alright, but remember how to get a particular lab's product would be prohibited source talk.

We hope everybody enjoys this thread Thanks to the  community to help make this work. They have been a huge help and will be chiming in on this post.",8,2025-02-08 08:01:21,2,https://www.reddit.com/r/bodybuilding/comments/1ikiczb/steroid_saturday_february_08_2025/
"Steroid Saturday - February 01, 2025","Welcome to the steroid Saturday discussion. Please follow the rules, and be kind. If you see any hatred, arguing, etc. Please report the comment so it can be removed. If you do not agree with this post, do not participate. It is that simple.

* **NO SOURCE TALK**. This is very important for a variety of what we hope are obvious reasons.
* **NO FIGHTING**. Arguing and ridiculing others will only get your comment deleted. Constructive criticism only. Post anything that is on topic. This involves how cycles change close to competition prep, what has worked for you in the past, before/after cycle pictures, dietary changes with different compounds, etc.
* Questions are allowed, but should be limited.  has a specific thread just for new comers, where you can get amazing answers from some of the most knowledgeable people. Lab talk is alright, but remember how to get a particular lab's product would be prohibited source talk.

We hope everybody enjoys this thread Thanks to the  community to help make this work. They have been a huge help and will be chiming in on this post.",8,2025-02-01 08:03:07,1,https://www.reddit.com/r/bodybuilding/comments/1if1nh9/steroid_saturday_february_01_2025/
"Steroid Saturday - January 25, 2025","Welcome to the steroid Saturday discussion. Please follow the rules, and be kind. If you see any hatred, arguing, etc. Please report the comment so it can be removed. If you do not agree with this post, do not participate. It is that simple.

* **NO SOURCE TALK**. This is very important for a variety of what we hope are obvious reasons.
* **NO FIGHTING**. Arguing and ridiculing others will only get your comment deleted. Constructive criticism only. Post anything that is on topic. This involves how cycles change close to competition prep, what has worked for you in the past, before/after cycle pictures, dietary changes with different compounds, etc.
* Questions are allowed, but should be limited.  has a specific thread just for new comers, where you can get amazing answers from some of the most knowledgeable people. Lab talk is alright, but remember how to get a particular lab's product would be prohibited source talk.

We hope everybody enjoys this thread Thanks to the  community to help make this work. They have been a huge help and will be chiming in on this post.",4,2025-01-25 08:01:15,6,https://www.reddit.com/r/bodybuilding/comments/1i9i8p7/steroid_saturday_january_25_2025/
"The offseason begins- 8 weeks post show, 242lbs/110kg- Self coached update","22lbs/10kg up- 10% bw increase in total.

First Derbyshire check in, in the new gaff, still playing about with the set up. This mornings check in was me using an osmo, pressing a timer, then trying to run and tense my cheeks in time and one shot the poses like BAM. Good practice tbf, but I might just screen shot a video next time.

Ngl since the last check in there’s been a lot that’s happened, and I’m happy with this look considering. Bodybuilding was still able to be juggled amongst a massive adaptation period of coming off prep, impulsively moving my life and quitting my vices 🍁.

Dare I say it, this was best I’ve handled a post show window and the leanest I’ve been able to keep my physique this far past a show and I’m roughly 8lbs off my starting point in prep. Win. 

I might of grown a touch 🤷‍♂️... 

But not enough to be Mr Olympia so it’s time to start BLASTING TREN 😤

I’m joking, but I am going to start escalating things

PEDs to start the offseason with:
6iu HGH daily
Metformin 1000mg (split AM+PM)
125mg Test cyp
100mg Mast E
100mg Primo- every 4 days

From here we’ll escalate when needed; but prioritising food, training and recovery as the main contribution to growth then the PEDs for assistance. My aim is to document how that can be the case for everyone. 

Drugs are NOT the main contributor to growing muscle.

Some people would class this amount as a ‘cruise’, it’s all relative Ofc, but I don’t have crazy genetics and I was able to turn pro on a fraction of what I’ve seen other people run and less than what I’ve ran previously by being in tune with my body. 

I want to see if I can do damage as an open pro with the same philosophy. It’s a hypothesis to be tested.

As for food, I haven’t had a set amount in place as (this will piss people off) I’ve been eating intuitively whilst monitoring weight, performance, bio feedback and prioritising protein + micros. 

Like I’ve said above, I’ve learned my body well and it’s taken a lot of conscious time and effort of trial + error to do so. 

I’m not saying this is the forever approach, but it’s the current approach.",492,2025-01-18 19:08:02,43,https://www.reddit.com/gallery/1i4esqm
"Steroid Saturday - January 18, 2025","Welcome to the steroid Saturday discussion. Please follow the rules, and be kind. If you see any hatred, arguing, etc. Please report the comment so it can be removed. If you do not agree with this post, do not participate. It is that simple.

* **NO SOURCE TALK**. This is very important for a variety of what we hope are obvious reasons.
* **NO FIGHTING**. Arguing and ridiculing others will only get your comment deleted. Constructive criticism only. Post anything that is on topic. This involves how cycles change close to competition prep, what has worked for you in the past, before/after cycle pictures, dietary changes with different compounds, etc.
* Questions are allowed, but should be limited.  has a specific thread just for new comers, where you can get amazing answers from some of the most knowledgeable people. Lab talk is alright, but remember how to get a particular lab's product would be prohibited source talk.

We hope everybody enjoys this thread Thanks to the  community to help make this work. They have been a huge help and will be chiming in on this post.",5,2025-01-18 08:01:14,11,https://www.reddit.com/r/bodybuilding/comments/1i42t9a/steroid_saturday_january_18_2025/
"Steroid Saturday - January 11, 2025","Welcome to the steroid Saturday discussion. Please follow the rules, and be kind. If you see any hatred, arguing, etc. Please report the comment so it can be removed. If you do not agree with this post, do not participate. It is that simple.

* **NO SOURCE TALK**. This is very important for a variety of what we hope are obvious reasons.
* **NO FIGHTING**. Arguing and ridiculing others will only get your comment deleted. Constructive criticism only. Post anything that is on topic. This involves how cycles change close to competition prep, what has worked for you in the past, before/after cycle pictures, dietary changes with different compounds, etc.
* Questions are allowed, but should be limited.  has a specific thread just for new comers, where you can get amazing answers from some of the most knowledgeable people. Lab talk is alright, but remember how to get a particular lab's product would be prohibited source talk.

We hope everybody enjoys this thread Thanks to the  community to help make this work. They have been a huge help and will be chiming in on this post.",5,2025-01-11 08:01:06,13,https://www.reddit.com/r/bodybuilding/comments/1hyr7yc/steroid_saturday_january_11_2025/
"Steroid Saturday - December 28, 2024","Welcome to the steroid Saturday discussion. Please follow the rules, and be kind. If you see any hatred, arguing, etc. Please report the comment so it can be removed. If you do not agree with this post, do not participate. It is that simple.

* **NO SOURCE TALK**. This is very important for a variety of what we hope are obvious reasons.
* **NO FIGHTING**. Arguing and ridiculing others will only get your comment deleted. Constructive criticism only. Post anything that is on topic. This involves how cycles change close to competition prep, what has worked for you in the past, before/after cycle pictures, dietary changes with different compounds, etc.
* Questions are allowed, but should be limited.  has a specific thread just for new comers, where you can get amazing answers from some of the most knowledgeable people. Lab talk is alright, but remember how to get a particular lab's product would be prohibited source talk.

We hope everybody enjoys this thread Thanks to the  community to help make this work. They have been a huge help and will be chiming in on this post.",10,2024-12-28 08:00:56,22,https://www.reddit.com/r/bodybuilding/comments/1ho14j5/steroid_saturday_december_28_2024/
"Steroid Saturday - December 21, 2024","Welcome to the steroid Saturday discussion. Please follow the rules, and be kind. If you see any hatred, arguing, etc. Please report the comment so it can be removed. If you do not agree with this post, do not participate. It is that simple.

* **NO SOURCE TALK**. This is very important for a variety of what we hope are obvious reasons.
* **NO FIGHTING**. Arguing and ridiculing others will only get your comment deleted. Constructive criticism only. Post anything that is on topic. This involves how cycles change close to competition prep, what has worked for you in the past, before/after cycle pictures, dietary changes with different compounds, etc.
* Questions are allowed, but should be limited.  has a specific thread just for new comers, where you can get amazing answers from some of the most knowledgeable people. Lab talk is alright, but remember how to get a particular lab's product would be prohibited source talk.

We hope everybody enjoys this thread Thanks to the  community to help make this work. They have been a huge help and will be chiming in on this post.",10,2024-12-21 08:01:18,3,https://www.reddit.com/r/bodybuilding/comments/1hj5aqb/steroid_saturday_december_21_2024/
"Steroid Saturday - December 14, 2024","Welcome to the steroid Saturday discussion. Please follow the rules, and be kind. If you see any hatred, arguing, etc. Please report the comment so it can be removed. If you do not agree with this post, do not participate. It is that simple.

* **NO SOURCE TALK**. This is very important for a variety of what we hope are obvious reasons.
* **NO FIGHTING**. Arguing and ridiculing others will only get your comment deleted. Constructive criticism only. Post anything that is on topic. This involves how cycles change close to competition prep, what has worked for you in the past, before/after cycle pictures, dietary changes with different compounds, etc.
* Questions are allowed, but should be limited.  has a specific thread just for new comers, where you can get amazing answers from some of the most knowledgeable people. Lab talk is alright, but remember how to get a particular lab's product would be prohibited source talk.

We hope everybody enjoys this thread Thanks to the  community to help make this work. They have been a huge help and will be chiming in on this post.",3,2024-12-14 08:01:00,5,https://www.reddit.com/r/bodybuilding/comments/1hdy5la/steroid_saturday_december_14_2024/
"Steroid Saturday - December 07, 2024","Welcome to the steroid Saturday discussion. Please follow the rules, and be kind. If you see any hatred, arguing, etc. Please report the comment so it can be removed. If you do not agree with this post, do not participate. It is that simple.

* **NO SOURCE TALK**. This is very important for a variety of what we hope are obvious reasons.
* **NO FIGHTING**. Arguing and ridiculing others will only get your comment deleted. Constructive criticism only. Post anything that is on topic. This involves how cycles change close to competition prep, what has worked for you in the past, before/after cycle pictures, dietary changes with different compounds, etc.
* Questions are allowed, but should be limited.  has a specific thread just for new comers, where you can get amazing answers from some of the most knowledgeable people. Lab talk is alright, but remember how to get a particular lab's product would be prohibited source talk.

We hope everybody enjoys this thread Thanks to the  community to help make this work. They have been a huge help and will be chiming in on this post.",3,2024-12-07 08:01:21,5,https://www.reddit.com/r/bodybuilding/comments/1h8nsnb/steroid_saturday_december_07_2024/
Natty client Isaac won his pro card at the NZ Nationals a month ago,"Posted this a month ago but took it down cos people were giving me shit for saying he's natty Imao. Well since i was asked for proof, slide 2 is his post show bloods - avg test levels (21 nmol/L = ~600 ng/dl test) and high LH, so obviously not on anything. Potentially won't stay natty in the lead up to his pro debut but we'll see. Gonna be awesome either way.

Last slide is a side by side of what we got done in the last 3 weeks - I essentially rescue prepped him for this time period and we got some major work done.

Any questions lemme know!",0,2024-12-04 20:58:09,14,https://www.reddit.com/gallery/1h6qzj8
"Steroid Saturday - November 30, 2024","Welcome to the steroid Saturday discussion. Please follow the rules, and be kind. If you see any hatred, arguing, etc. Please report the comment so it can be removed. If you do not agree with this post, do not participate. It is that simple.

* **NO SOURCE TALK**. This is very important for a variety of what we hope are obvious reasons.
* **NO FIGHTING**. Arguing and ridiculing others will only get your comment deleted. Constructive criticism only. Post anything that is on topic. This involves how cycles change close to competition prep, what has worked for you in the past, before/after cycle pictures, dietary changes with different compounds, etc.
* Questions are allowed, but should be limited.  has a specific thread just for new comers, where you can get amazing answers from some of the most knowledgeable people. Lab talk is alright, but remember how to get a particular lab's product would be prohibited source talk.

We hope everybody enjoys this thread Thanks to the  community to help make this work. They have been a huge help and will be chiming in on this post.",13,2024-11-30 08:01:19,5,https://www.reddit.com/r/bodybuilding/comments/1h37uge/steroid_saturday_november_30_2024/
NPC Debut Results. (Men’s Physique),"I competed two Saturdays ago and I gotta say it was a dope experience. I won my class, but lost the overall. I spoke with the judge afterwards and the key takeaways were, posing and conditioning were great however I need to fill in my frame a bit more specifically adding more density to back and upper chest. I came in a bit flatter than I wanted to so I’m certain with a couple adjustments for the next show I can come in fuller. Looks like I’ll be bulking for the next 9 months and will strive to gain 20-25 pounds in that time. I appreciate all the love and support y’all have shown me these past couple years it’s meant a lot. I was ready to call it a season 5 weeks ago but a couple guys at my gym talked me into sticking to my plan and I ended up winning my class. It’s only up from here. If you wanna follow my training you can find me on YouTube and tik tok @zaytheprinceofiron",694,2024-11-25 15:04:11,63,https://www.reddit.com/gallery/1gzkuwp
"Steroid Saturday - November 23, 2024","Welcome to the steroid Saturday discussion. Please follow the rules, and be kind. If you see any hatred, arguing, etc. Please report the comment so it can be removed. If you do not agree with this post, do not participate. It is that simple.

* **NO SOURCE TALK**. This is very important for a variety of what we hope are obvious reasons.
* **NO FIGHTING**. Arguing and ridiculing others will only get your comment deleted. Constructive criticism only. Post anything that is on topic. This involves how cycles change close to competition prep, what has worked for you in the past, before/after cycle pictures, dietary changes with different compounds, etc.
* Questions are allowed, but should be limited.  has a specific thread just for new comers, where you can get amazing answers from some of the most knowledgeable people. Lab talk is alright, but remember how to get a particular lab's product would be prohibited source talk.

We hope everybody enjoys this thread Thanks to the  community to help make this work. They have been a huge help and will be chiming in on this post.",2,2024-11-23 08:01:26,2,https://www.reddit.com/r/bodybuilding/comments/1gxunzh/steroid_saturday_november_23_2024/
"Steroid Saturday - November 16, 2024","Welcome to the steroid Saturday discussion. Please follow the rules, and be kind. If you see any hatred, arguing, etc. Please report the comment so it can be removed. If you do not agree with this post, do not participate. It is that simple.

* **NO SOURCE TALK**. This is very important for a variety of what we hope are obvious reasons.
* **NO FIGHTING**. Arguing and ridiculing others will only get your comment deleted. Constructive criticism only. Post anything that is on topic. This involves how cycles change close to competition prep, what has worked for you in the past, before/after cycle pictures, dietary changes with different compounds, etc.
* Questions are allowed, but should be limited.  has a specific thread just for new comers, where you can get amazing answers from some of the most knowledgeable people. Lab talk is alright, but remember how to get a particular lab's product would be prohibited source talk.

We hope everybody enjoys this thread Thanks to the  community to help make this work. They have been a huge help and will be chiming in on this post.",1,2024-11-16 08:01:32,5,https://www.reddit.com/r/bodybuilding/comments/1gsimzf/steroid_saturday_november_16_2024/
"Eric Abelon, 4 days out, Atlantic Coast Pro","4 days out.  Waking up at 192 lbs.  This is the most conditioned I have ever been in my life and it feels it.  4 days in a row of zero carbs and 1 more to go.  I’ve finally cut out all cardio for the remaining days.  I can proudly say that this is the hardest I have ever pushed myself.  My glutes are shredded without water manipulation and my hamstrings have never been deeper.  I’ve finally improved my back enough to where it shows the density and detail that the judges want.  Whatever happens for this show, I’ll accept it, knowing I gave my all for this.  For the few of you that kept checking in on me, you’ve helped me mentally more than you know, and I’m so grateful. 

See you soon Florida.",499,2024-11-12 13:15:26,34,https://i.redd.it/g2w7m38n0h0e1.jpeg
Steroid Saturday,"Welcome to the steroid Saturday discussion. Please follow the rules, and be kind. If you see any hatred, arguing, etc. Please report the comment so it can be removed. If you do not agree with this post, do not participate. It is that simple.


*  **NO SOURCE TALK**. This is very important for a variety of what we hope are obvious reasons.

*  **NO FIGHTING**. Arguing and ridiculing others will only get your comment deleted. Constructive criticism only. Post anything that is on topic. This involves how cycles change close to competition prep, what has worked for you in the past, before/after cycle pictures, dietary changes with different compounds, etc.

*  Questions are allowed, but should be limited. /r/steroids has a specific thread just for new comers, where you can get amazing answers from some of the most knowledgeable people. Lab talk is alright, but remember how to get a particular lab's product would be prohibited source talk.

*  We hope everybody enjoys this thread Thanks to the /r/steroids community to help make this work. They have been a huge help and will be chiming in on this post.",2,2024-11-09 05:00:04,23,https://www.reddit.com/r/bodybuilding/comments/1gn2lio/steroid_saturday/
Update! Won the bodybuilding overall title at SSC,"Won the overall title at summer shredding in bodybuilding 
  
Came second in classic. Very subjective there but is what it is 
  
Heading to the Bahamas for one last try at the pro card this prep on Friday to compete Saturday! ",638,2024-11-03 16:18:10,39,https://www.reddit.com/gallery/1giqj8w
Steroid Saturday,"Welcome to the steroid Saturday discussion. Please follow the rules, and be kind. If you see any hatred, arguing, etc. Please report the comment so it can be removed. If you do not agree with this post, do not participate. It is that simple.


*  **NO SOURCE TALK**. This is very important for a variety of what we hope are obvious reasons.

*  **NO FIGHTING**. Arguing and ridiculing others will only get your comment deleted. Constructive criticism only. Post anything that is on topic. This involves how cycles change close to competition prep, what has worked for you in the past, before/after cycle pictures, dietary changes with different compounds, etc.

*  Questions are allowed, but should be limited. /r/steroids has a specific thread just for new comers, where you can get amazing answers from some of the most knowledgeable people. Lab talk is alright, but remember how to get a particular lab's product would be prohibited source talk.

*  We hope everybody enjoys this thread Thanks to the /r/steroids community to help make this work. They have been a huge help and will be chiming in on this post.",6,2024-11-02 05:00:03,14,https://www.reddit.com/r/bodybuilding/comments/1ghp6bw/steroid_saturday/
"Eric Abelon, 198 lbs, post workout.","So for the past 4 days, I’ve been eating 150g of rice total for my carbs, and that’s during my pre workout meal, so it me this is flat, dunno how it looks to you guys lol.  Doing 45 minutes of cardio fasted in the morning, and another session of 45 after weight training in the afternoon.  I plan to start 4 days of ZERO carbs on Monday, to help speed along the process of getting peeled, and then reintroducing 150g of rice again after.

My protocol so far is very standard ( without sharing the dosages ) Test, Tren, Mast, Anavar, Winstrol, Armidex, Clen.  I’m also using 10mg of Yohimbine for fasted cardio. ",612,2024-10-27 20:53:21,40,https://i.redd.it/gffaulbr3dxd1.jpeg
Steroid Saturday,"Welcome to the steroid Saturday discussion. Please follow the rules, and be kind. If you see any hatred, arguing, etc. Please report the comment so it can be removed. If you do not agree with this post, do not participate. It is that simple.


*  **NO SOURCE TALK**. This is very important for a variety of what we hope are obvious reasons.

*  **NO FIGHTING**. Arguing and ridiculing others will only get your comment deleted. Constructive criticism only. Post anything that is on topic. This involves how cycles change close to competition prep, what has worked for you in the past, before/after cycle pictures, dietary changes with different compounds, etc.

*  Questions are allowed, but should be limited. /r/steroids has a specific thread just for new comers, where you can get amazing answers from some of the most knowledgeable people. Lab talk is alright, but remember how to get a particular lab's product would be prohibited source talk.

*  We hope everybody enjoys this thread Thanks to the /r/steroids community to help make this work. They have been a huge help and will be chiming in on this post.",4,2024-10-26 05:00:03,13,https://www.reddit.com/r/bodybuilding/comments/1gcdmfe/steroid_saturday/
Steroid Saturday,"Welcome to the steroid Saturday discussion. Please follow the rules, and be kind. If you see any hatred, arguing, etc. Please report the comment so it can be removed. If you do not agree with this post, do not participate. It is that simple.


*  **NO SOURCE TALK**. This is very important for a variety of what we hope are obvious reasons.

*  **NO FIGHTING**. Arguing and ridiculing others will only get your comment deleted. Constructive criticism only. Post anything that is on topic. This involves how cycles change close to competition prep, what has worked for you in the past, before/after cycle pictures, dietary changes with different compounds, etc.

*  Questions are allowed, but should be limited. /r/steroids has a specific thread just for new comers, where you can get amazing answers from some of the most knowledgeable people. Lab talk is alright, but remember how to get a particular lab's product would be prohibited source talk.

*  We hope everybody enjoys this thread Thanks to the /r/steroids community to help make this work. They have been a huge help and will be chiming in on this post.",11,2024-10-19 05:00:03,46,https://www.reddit.com/r/bodybuilding/comments/1g71lui/steroid_saturday/
Steroid Saturday,"Welcome to the steroid Saturday discussion. Please follow the rules, and be kind. If you see any hatred, arguing, etc. Please report the comment so it can be removed. If you do not agree with this post, do not participate. It is that simple.


*  **NO SOURCE TALK**. This is very important for a variety of what we hope are obvious reasons.

*  **NO FIGHTING**. Arguing and ridiculing others will only get your comment deleted. Constructive criticism only. Post anything that is on topic. This involves how cycles change close to competition prep, what has worked for you in the past, before/after cycle pictures, dietary changes with different compounds, etc.

*  Questions are allowed, but should be limited. /r/steroids has a specific thread just for new comers, where you can get amazing answers from some of the most knowledgeable people. Lab talk is alright, but remember how to get a particular lab's product would be prohibited source talk.

*  We hope everybody enjoys this thread Thanks to the /r/steroids community to help make this work. They have been a huge help and will be chiming in on this post.",6,2024-10-12 05:00:04,9,https://www.reddit.com/r/bodybuilding/comments/1g1suve/steroid_saturday/
"Nov.9ths Iron Games Novice Classic, M.33/5'8""/187lbs ","Not to happy with today's check ins. Feeling watery and shredding this mid section has been the hardest thing I've done in my life. But we're not giving up, turning the heat up on prep these next few weeks. ",33,2024-10-11 15:26:11,9,https://www.reddit.com/gallery/1g1cf5w
Steroid Saturday,"Welcome to the steroid Saturday discussion. Please follow the rules, and be kind. If you see any hatred, arguing, etc. Please report the comment so it can be removed. If you do not agree with this post, do not participate. It is that simple.


*  **NO SOURCE TALK**. This is very important for a variety of what we hope are obvious reasons.

*  **NO FIGHTING**. Arguing and ridiculing others will only get your comment deleted. Constructive criticism only. Post anything that is on topic. This involves how cycles change close to competition prep, what has worked for you in the past, before/after cycle pictures, dietary changes with different compounds, etc.

*  Questions are allowed, but should be limited. /r/steroids has a specific thread just for new comers, where you can get amazing answers from some of the most knowledgeable people. Lab talk is alright, but remember how to get a particular lab's product would be prohibited source talk.

*  We hope everybody enjoys this thread Thanks to the /r/steroids community to help make this work. They have been a huge help and will be chiming in on this post.",8,2024-10-05 05:00:04,3,https://www.reddit.com/r/bodybuilding/comments/1fwivl9/steroid_saturday/
Steroid Saturday,"Welcome to the steroid Saturday discussion. Please follow the rules, and be kind. If you see any hatred, arguing, etc. Please report the comment so it can be removed. If you do not agree with this post, do not participate. It is that simple.


*  **NO SOURCE TALK**. This is very important for a variety of what we hope are obvious reasons.

*  **NO FIGHTING**. Arguing and ridiculing others will only get your comment deleted. Constructive criticism only. Post anything that is on topic. This involves how cycles change close to competition prep, what has worked for you in the past, before/after cycle pictures, dietary changes with different compounds, etc.

*  Questions are allowed, but should be limited. /r/steroids has a specific thread just for new comers, where you can get amazing answers from some of the most knowledgeable people. Lab talk is alright, but remember how to get a particular lab's product would be prohibited source talk.

*  We hope everybody enjoys this thread Thanks to the /r/steroids community to help make this work. They have been a huge help and will be chiming in on this post.",5,2024-09-28 05:00:03,12,https://www.reddit.com/r/bodybuilding/comments/1fr6w4h/steroid_saturday/
Steroid Saturday,"Welcome to the steroid Saturday discussion. Please follow the rules, and be kind. If you see any hatred, arguing, etc. Please report the comment so it can be removed. If you do not agree with this post, do not participate. It is that simple.


*  **NO SOURCE TALK**. This is very important for a variety of what we hope are obvious reasons.

*  **NO FIGHTING**. Arguing and ridiculing others will only get your comment deleted. Constructive criticism only. Post anything that is on topic. This involves how cycles change close to competition prep, what has worked for you in the past, before/after cycle pictures, dietary changes with different compounds, etc.

*  Questions are allowed, but should be limited. /r/steroids has a specific thread just for new comers, where you can get amazing answers from some of the most knowledgeable people. Lab talk is alright, but remember how to get a particular lab's product would be prohibited source talk.

*  We hope everybody enjoys this thread Thanks to the /r/steroids community to help make this work. They have been a huge help and will be chiming in on this post.",5,2024-09-21 05:00:03,14,https://www.reddit.com/r/bodybuilding/comments/1flvgvs/steroid_saturday/
How do u fortify your mind During prep last week(s)?,"How do u fortify your mind During prep last week(s)?

We (all?) have been there. Prep takes a toll in a lot of ways. But one that goes pretty hard is the mind games your own brain plays against you. Things like: “you are not shredded enough!”, “There’s always better people out there”, “u do not have what it takes”,… things like. 
I ask the question to competitors as to what your go to is for beating the mind games. ",19,2024-09-19 13:54:29,21,https://www.reddit.com/r/bodybuilding/comments/1fklfph/how_do_u_fortify_your_mind_during_prep_last_weeks/
Steroid Saturday,"Welcome to the steroid Saturday discussion. Please follow the rules, and be kind. If you see any hatred, arguing, etc. Please report the comment so it can be removed. If you do not agree with this post, do not participate. It is that simple.


*  **NO SOURCE TALK**. This is very important for a variety of what we hope are obvious reasons.

*  **NO FIGHTING**. Arguing and ridiculing others will only get your comment deleted. Constructive criticism only. Post anything that is on topic. This involves how cycles change close to competition prep, what has worked for you in the past, before/after cycle pictures, dietary changes with different compounds, etc.

*  Questions are allowed, but should be limited. /r/steroids has a specific thread just for new comers, where you can get amazing answers from some of the most knowledgeable people. Lab talk is alright, but remember how to get a particular lab's product would be prohibited source talk.

*  We hope everybody enjoys this thread Thanks to the /r/steroids community to help make this work. They have been a huge help and will be chiming in on this post.",12,2024-09-14 05:00:04,32,https://www.reddit.com/r/bodybuilding/comments/1fgelmc/steroid_saturday/
Steroid Saturday,"Welcome to the steroid Saturday discussion. Please follow the rules, and be kind. If you see any hatred, arguing, etc. Please report the comment so it can be removed. If you do not agree with this post, do not participate. It is that simple.


*  **NO SOURCE TALK**. This is very important for a variety of what we hope are obvious reasons.

*  **NO FIGHTING**. Arguing and ridiculing others will only get your comment deleted. Constructive criticism only. Post anything that is on topic. This involves how cycles change close to competition prep, what has worked for you in the past, before/after cycle pictures, dietary changes with different compounds, etc.

*  Questions are allowed, but should be limited. /r/steroids has a specific thread just for new comers, where you can get amazing answers from some of the most knowledgeable people. Lab talk is alright, but remember how to get a particular lab's product would be prohibited source talk.

*  We hope everybody enjoys this thread Thanks to the /r/steroids community to help make this work. They have been a huge help and will be chiming in on this post.",8,2024-09-07 05:00:04,9,https://www.reddit.com/r/bodybuilding/comments/1fazb32/steroid_saturday/
Steroid Saturday,"Welcome to the steroid Saturday discussion. Please follow the rules, and be kind. If you see any hatred, arguing, etc. Please report the comment so it can be removed. If you do not agree with this post, do not participate. It is that simple.


*  **NO SOURCE TALK**. This is very important for a variety of what we hope are obvious reasons.

*  **NO FIGHTING**. Arguing and ridiculing others will only get your comment deleted. Constructive criticism only. Post anything that is on topic. This involves how cycles change close to competition prep, what has worked for you in the past, before/after cycle pictures, dietary changes with different compounds, etc.

*  Questions are allowed, but should be limited. /r/steroids has a specific thread just for new comers, where you can get amazing answers from some of the most knowledgeable people. Lab talk is alright, but remember how to get a particular lab's product would be prohibited source talk.

*  We hope everybody enjoys this thread Thanks to the /r/steroids community to help make this work. They have been a huge help and will be chiming in on this post.",3,2024-08-31 05:00:03,0,https://www.reddit.com/r/bodybuilding/comments/1f5fim7/steroid_saturday/
6.5 weeks natty classic,"18, 5’ 7” 159lbs some pics with a pump in good lighting others not so much lol. Ive always been able to put on muscle easily and my parents have been lifting their whole lives. Im only 159 and short lol but never had a reason to gear up.",238,2024-08-27 16:04:02,17,https://www.reddit.com/gallery/1f2ksby
Steroid Saturday,"Welcome to the steroid Saturday discussion. Please follow the rules, and be kind. If you see any hatred, arguing, etc. Please report the comment so it can be removed. If you do not agree with this post, do not participate. It is that simple.


*  **NO SOURCE TALK**. This is very important for a variety of what we hope are obvious reasons.

*  **NO FIGHTING**. Arguing and ridiculing others will only get your comment deleted. Constructive criticism only. Post anything that is on topic. This involves how cycles change close to competition prep, what has worked for you in the past, before/after cycle pictures, dietary changes with different compounds, etc.

*  Questions are allowed, but should be limited. /r/steroids has a specific thread just for new comers, where you can get amazing answers from some of the most knowledgeable people. Lab talk is alright, but remember how to get a particular lab's product would be prohibited source talk.

*  We hope everybody enjoys this thread Thanks to the /r/steroids community to help make this work. They have been a huge help and will be chiming in on this post.",3,2024-08-24 05:00:03,1,https://www.reddit.com/r/bodybuilding/comments/1ezxfdk/steroid_saturday/
"17, 175lbs. Down 15 from peak bulk 7 weeks ago. Going to drop 5 more lbs and then push the weight up to 200","Natty, for those of you who think 175 is too big for that to be impossible, please consider going to the gym for more than 6 weeks in a row.",86,2024-08-23 14:56:47,20,https://www.reddit.com/gallery/1ezeusa
Steroid Saturday,"Welcome to the steroid Saturday discussion. Please follow the rules, and be kind. If you see any hatred, arguing, etc. Please report the comment so it can be removed. If you do not agree with this post, do not participate. It is that simple.


*  **NO SOURCE TALK**. This is very important for a variety of what we hope are obvious reasons.

*  **NO FIGHTING**. Arguing and ridiculing others will only get your comment deleted. Constructive criticism only. Post anything that is on topic. This involves how cycles change close to competition prep, what has worked for you in the past, before/after cycle pictures, dietary changes with different compounds, etc.

*  Questions are allowed, but should be limited. /r/steroids has a specific thread just for new comers, where you can get amazing answers from some of the most knowledgeable people. Lab talk is alright, but remember how to get a particular lab's product would be prohibited source talk.

*  We hope everybody enjoys this thread Thanks to the /r/steroids community to help make this work. They have been a huge help and will be chiming in on this post.",7,2024-08-17 05:00:04,35,https://www.reddit.com/r/bodybuilding/comments/1eu9s02/steroid_saturday/
7 weeks out first natural classic physique show at 21 years old ,"First 3 pics are in downlighting with a pump, last pic is morning flat shape, natty lighting on a completely empty stomach (and a very very unimpressed face to go along with it) ",211,2024-08-12 20:51:07,30,https://www.reddit.com/gallery/1eqoyzk
Steroid Saturday,"Welcome to the steroid Saturday discussion. Please follow the rules, and be kind. If you see any hatred, arguing, etc. Please report the comment so it can be removed. If you do not agree with this post, do not participate. It is that simple.


*  **NO SOURCE TALK**. This is very important for a variety of what we hope are obvious reasons.

*  **NO FIGHTING**. Arguing and ridiculing others will only get your comment deleted. Constructive criticism only. Post anything that is on topic. This involves how cycles change close to competition prep, what has worked for you in the past, before/after cycle pictures, dietary changes with different compounds, etc.

*  Questions are allowed, but should be limited. /r/steroids has a specific thread just for new comers, where you can get amazing answers from some of the most knowledgeable people. Lab talk is alright, but remember how to get a particular lab's product would be prohibited source talk.

*  We hope everybody enjoys this thread Thanks to the /r/steroids community to help make this work. They have been a huge help and will be chiming in on this post.",12,2024-08-10 05:00:03,39,https://www.reddit.com/r/bodybuilding/comments/1eokvul/steroid_saturday/
13 Week Men’s Physique Contest Prep,"Might delete later but wanted to share my before/after because I’m pretty pleased with this prep… my show is on Saturday in NYC. I am in Peak Week.

I’m only 5 ft 4 and ended up cutting from 160 lbs to about 142 lbs with my body fat coming down from 16% to 5% as measured by InBody scan. I’m not natty. I am competing in Men’s Physique and this will be my second show ever. Training my whole life, but took bodybuilding seriously about 5-6 years ago

13 Week Prep
Training: 5-6 days/week bro split mostly
Cardio: Everday from the start, ramping up from 30 min to 90 min as prep went on
Diet: Began at 2k calories and tapered down to 1.3k calories by peak week. Been on zero carb for the last 3 weeks

Let me know what you guys think! ",607,2024-08-06 18:57:31,85,https://i.redd.it/o5egp2hcc3hd1.jpeg
12 Weeks Out Natural Men’s Physique,"Wrapping up this clean up phase and starting my second prep! Look back at previous posts to see how my last prep went. Planning on doing 2-3 shows this season, first one tentatively in 12 weeks. Feedback last year was to improve the back and bring sharper core. Definitely feel I’ve grown my back, shoulders and legs this offseason.
Definitely think I’m in a much better position than I was at 12 weeks out last year and I haven’t even started cardio yet with food higher than it ever was last year. Main goal is to bring the most undeniably shredded look to the stage and let the cards fall where they may. Feedback welcome!",43,2024-08-04 21:07:53,6,https://www.reddit.com/gallery/1ek5yhw
"13 weeks out, first show","Competing as a natty in NPC. Any feedback?
 
",66,2024-08-03 23:37:20,18,https://www.reddit.com/gallery/1ejh9ca
Steroid Saturday,"Welcome to the steroid Saturday discussion. Please follow the rules, and be kind. If you see any hatred, arguing, etc. Please report the comment so it can be removed. If you do not agree with this post, do not participate. It is that simple.


*  **NO SOURCE TALK**. This is very important for a variety of what we hope are obvious reasons.

*  **NO FIGHTING**. Arguing and ridiculing others will only get your comment deleted. Constructive criticism only. Post anything that is on topic. This involves how cycles change close to competition prep, what has worked for you in the past, before/after cycle pictures, dietary changes with different compounds, etc.

*  Questions are allowed, but should be limited. /r/steroids has a specific thread just for new comers, where you can get amazing answers from some of the most knowledgeable people. Lab talk is alright, but remember how to get a particular lab's product would be prohibited source talk.

*  We hope everybody enjoys this thread Thanks to the /r/steroids community to help make this work. They have been a huge help and will be chiming in on this post.",6,2024-08-03 05:00:03,6,https://www.reddit.com/r/bodybuilding/comments/1eiv2ov/steroid_saturday/
Steroid Saturday,"Welcome to the steroid Saturday discussion. Please follow the rules, and be kind. If you see any hatred, arguing, etc. Please report the comment so it can be removed. If you do not agree with this post, do not participate. It is that simple.


*  **NO SOURCE TALK**. This is very important for a variety of what we hope are obvious reasons.

*  **NO FIGHTING**. Arguing and ridiculing others will only get your comment deleted. Constructive criticism only. Post anything that is on topic. This involves how cycles change close to competition prep, what has worked for you in the past, before/after cycle pictures, dietary changes with different compounds, etc.

*  Questions are allowed, but should be limited. /r/steroids has a specific thread just for new comers, where you can get amazing answers from some of the most knowledgeable people. Lab talk is alright, but remember how to get a particular lab's product would be prohibited source talk.

*  We hope everybody enjoys this thread Thanks to the /r/steroids community to help make this work. They have been a huge help and will be chiming in on this post.",3,2024-07-27 05:00:04,0,https://www.reddit.com/r/bodybuilding/comments/1ed8ewq/steroid_saturday/
Steroid Saturday,"Welcome to the steroid Saturday discussion. Please follow the rules, and be kind. If you see any hatred, arguing, etc. Please report the comment so it can be removed. If you do not agree with this post, do not participate. It is that simple.


*  **NO SOURCE TALK**. This is very important for a variety of what we hope are obvious reasons.

*  **NO FIGHTING**. Arguing and ridiculing others will only get your comment deleted. Constructive criticism only. Post anything that is on topic. This involves how cycles change close to competition prep, what has worked for you in the past, before/after cycle pictures, dietary changes with different compounds, etc.

*  Questions are allowed, but should be limited. /r/steroids has a specific thread just for new comers, where you can get amazing answers from some of the most knowledgeable people. Lab talk is alright, but remember how to get a particular lab's product would be prohibited source talk.

*  We hope everybody enjoys this thread Thanks to the /r/steroids community to help make this work. They have been a huge help and will be chiming in on this post.",3,2024-07-20 05:00:03,6,https://www.reddit.com/r/bodybuilding/comments/1e7nsy7/steroid_saturday/
Steroid Saturday,"Welcome to the steroid Saturday discussion. Please follow the rules, and be kind. If you see any hatred, arguing, etc. Please report the comment so it can be removed. If you do not agree with this post, do not participate. It is that simple.


*  **NO SOURCE TALK**. This is very important for a variety of what we hope are obvious reasons.

*  **NO FIGHTING**. Arguing and ridiculing others will only get your comment deleted. Constructive criticism only. Post anything that is on topic. This involves how cycles change close to competition prep, what has worked for you in the past, before/after cycle pictures, dietary changes with different compounds, etc.

*  Questions are allowed, but should be limited. /r/steroids has a specific thread just for new comers, where you can get amazing answers from some of the most knowledgeable people. Lab talk is alright, but remember how to get a particular lab's product would be prohibited source talk.

*  We hope everybody enjoys this thread Thanks to the /r/steroids community to help make this work. They have been a huge help and will be chiming in on this post.",6,2024-07-13 05:00:03,14,https://www.reddit.com/r/bodybuilding/comments/1e228qc/steroid_saturday/
Peak Offseason 90kg Natty. 53 Weeks Out ,,197,2024-07-11 10:18:44,26,https://www.reddit.com/gallery/1e0li9a
Steroid Saturday,"Welcome to the steroid Saturday discussion. Please follow the rules, and be kind. If you see any hatred, arguing, etc. Please report the comment so it can be removed. If you do not agree with this post, do not participate. It is that simple.


*  **NO SOURCE TALK**. This is very important for a variety of what we hope are obvious reasons.

*  **NO FIGHTING**. Arguing and ridiculing others will only get your comment deleted. Constructive criticism only. Post anything that is on topic. This involves how cycles change close to competition prep, what has worked for you in the past, before/after cycle pictures, dietary changes with different compounds, etc.

*  Questions are allowed, but should be limited. /r/steroids has a specific thread just for new comers, where you can get amazing answers from some of the most knowledgeable people. Lab talk is alright, but remember how to get a particular lab's product would be prohibited source talk.

*  We hope everybody enjoys this thread Thanks to the /r/steroids community to help make this work. They have been a huge help and will be chiming in on this post.",1,2024-07-06 05:00:03,10,https://www.reddit.com/r/bodybuilding/comments/1dwhtxo/steroid_saturday/
Steroid Saturday,"Welcome to the steroid Saturday discussion. Please follow the rules, and be kind. If you see any hatred, arguing, etc. Please report the comment so it can be removed. If you do not agree with this post, do not participate. It is that simple.


*  **NO SOURCE TALK**. This is very important for a variety of what we hope are obvious reasons.

*  **NO FIGHTING**. Arguing and ridiculing others will only get your comment deleted. Constructive criticism only. Post anything that is on topic. This involves how cycles change close to competition prep, what has worked for you in the past, before/after cycle pictures, dietary changes with different compounds, etc.

*  Questions are allowed, but should be limited. /r/steroids has a specific thread just for new comers, where you can get amazing answers from some of the most knowledgeable people. Lab talk is alright, but remember how to get a particular lab's product would be prohibited source talk.

*  We hope everybody enjoys this thread Thanks to the /r/steroids community to help make this work. They have been a huge help and will be chiming in on this post.",5,2024-06-29 05:00:03,10,https://www.reddit.com/r/bodybuilding/comments/1dr3hqu/steroid_saturday/
Steroid Saturday,"Welcome to the steroid Saturday discussion. Please follow the rules, and be kind. If you see any hatred, arguing, etc. Please report the comment so it can be removed. If you do not agree with this post, do not participate. It is that simple.


*  **NO SOURCE TALK**. This is very important for a variety of what we hope are obvious reasons.

*  **NO FIGHTING**. Arguing and ridiculing others will only get your comment deleted. Constructive criticism only. Post anything that is on topic. This involves how cycles change close to competition prep, what has worked for you in the past, before/after cycle pictures, dietary changes with different compounds, etc.

*  Questions are allowed, but should be limited. /r/steroids has a specific thread just for new comers, where you can get amazing answers from some of the most knowledgeable people. Lab talk is alright, but remember how to get a particular lab's product would be prohibited source talk.

*  We hope everybody enjoys this thread Thanks to the /r/steroids community to help make this work. They have been a huge help and will be chiming in on this post.",5,2024-06-22 05:00:04,0,https://www.reddit.com/r/bodybuilding/comments/1dlnxdf/steroid_saturday/
Steroid Saturday,"Welcome to the steroid Saturday discussion. Please follow the rules, and be kind. If you see any hatred, arguing, etc. Please report the comment so it can be removed. If you do not agree with this post, do not participate. It is that simple.


*  **NO SOURCE TALK**. This is very important for a variety of what we hope are obvious reasons.

*  **NO FIGHTING**. Arguing and ridiculing others will only get your comment deleted. Constructive criticism only. Post anything that is on topic. This involves how cycles change close to competition prep, what has worked for you in the past, before/after cycle pictures, dietary changes with different compounds, etc.

*  Questions are allowed, but should be limited. /r/steroids has a specific thread just for new comers, where you can get amazing answers from some of the most knowledgeable people. Lab talk is alright, but remember how to get a particular lab's product would be prohibited source talk.

*  We hope everybody enjoys this thread Thanks to the /r/steroids community to help make this work. They have been a huge help and will be chiming in on this post.",5,2024-06-15 05:00:03,35,https://www.reddit.com/r/bodybuilding/comments/1dgac5k/steroid_saturday/
10.5 weeks out North Americans ,"5-10 (5-9.8 after I lose the fat on the bottom of my feet lol) , 217 fasted (probably 221ish here post workout) with a 202 weight cap. Best shape I’ve been in this far out—now it’s time to get NAILZZZZ/PEELT/INHUMAN/[other synonyms of mega- shredded]",129,2024-06-12 03:45:31,13,https://www.reddit.com/gallery/1ddxcjl
"Eric Abelon, 2.5 weeks Indy Pro. Fasted check in. Dedicated to Benny. 🐈","Trying some different things this time around.  This is the first time ever I am prepping myself and will be peaking myself based on how I look and feel.  I have talked with my coach, and I told him I want to try some things on my own for a little bit.  So far this is how the experiment is going.

My test is actually LOWER, than my Tren and Mast right now.  Theoretically, I want to use the Test as the “hormone homogenizer” in this regard and let the Tren and Mast do the lion’s share of the work.  Tren has properties that pull water from under the skin and INTO the muscle, so I will also be running injections all the way through to competition.  So far I feel good, strong, and my cardio is only at 35 minutes per day.  My diet I changed completely based on foods with 3 criteria; high volume, low calorie, low glycemic index values.  Mainly right now I am eating egg whites, chicken, spinach, oatmeal, and sweet potatoes.  ",368,2024-06-11 14:39:59,24,https://i.redd.it/v5kexopcfy5d1.jpeg
Steroid Saturday,"Welcome to the steroid Saturday discussion. Please follow the rules, and be kind. If you see any hatred, arguing, etc. Please report the comment so it can be removed. If you do not agree with this post, do not participate. It is that simple.


*  **NO SOURCE TALK**. This is very important for a variety of what we hope are obvious reasons.

*  **NO FIGHTING**. Arguing and ridiculing others will only get your comment deleted. Constructive criticism only. Post anything that is on topic. This involves how cycles change close to competition prep, what has worked for you in the past, before/after cycle pictures, dietary changes with different compounds, etc.

*  Questions are allowed, but should be limited. /r/steroids has a specific thread just for new comers, where you can get amazing answers from some of the most knowledgeable people. Lab talk is alright, but remember how to get a particular lab's product would be prohibited source talk.

*  We hope everybody enjoys this thread Thanks to the /r/steroids community to help make this work. They have been a huge help and will be chiming in on this post.",10,2024-06-08 05:00:03,55,https://www.reddit.com/r/bodybuilding/comments/1dav3s1/steroid_saturday/
‘Natty or not?’: how steroids got big,,90,2024-06-06 07:44:01,45,https://www.theguardian.com/society/article/2024/jun/06/how-steroids-got-big-bodybuilding-influencers
How do you not get bored of diet?,"Hello!!!

Currently trying to shred and the blandness/sameness of the diet is killing me. How do you guys get over it? I’ve cut out mayo, ranch and cheese which is doesn’t help flavour wise. Extra lean mince meat/chicken breast for the 15th time in a week gets reaaaal sickly",42,2024-06-03 01:35:21,127,https://www.reddit.com/r/bodybuilding/comments/1d6sze5/how_do_you_not_get_bored_of_diet/
Steroid Saturday,"Welcome to the steroid Saturday discussion. Please follow the rules, and be kind. If you see any hatred, arguing, etc. Please report the comment so it can be removed. If you do not agree with this post, do not participate. It is that simple.


*  **NO SOURCE TALK**. This is very important for a variety of what we hope are obvious reasons.

*  **NO FIGHTING**. Arguing and ridiculing others will only get your comment deleted. Constructive criticism only. Post anything that is on topic. This involves how cycles change close to competition prep, what has worked for you in the past, before/after cycle pictures, dietary changes with different compounds, etc.

*  Questions are allowed, but should be limited. /r/steroids has a specific thread just for new comers, where you can get amazing answers from some of the most knowledgeable people. Lab talk is alright, but remember how to get a particular lab's product would be prohibited source talk.

*  We hope everybody enjoys this thread Thanks to the /r/steroids community to help make this work. They have been a huge help and will be chiming in on this post.",7,2024-06-01 05:00:03,21,https://www.reddit.com/r/bodybuilding/comments/1d5fcie/steroid_saturday/
Steroid Saturday,"Welcome to the steroid Saturday discussion. Please follow the rules, and be kind. If you see any hatred, arguing, etc. Please report the comment so it can be removed. If you do not agree with this post, do not participate. It is that simple.


*  **NO SOURCE TALK**. This is very important for a variety of what we hope are obvious reasons.

*  **NO FIGHTING**. Arguing and ridiculing others will only get your comment deleted. Constructive criticism only. Post anything that is on topic. This involves how cycles change close to competition prep, what has worked for you in the past, before/after cycle pictures, dietary changes with different compounds, etc.

*  Questions are allowed, but should be limited. /r/steroids has a specific thread just for new comers, where you can get amazing answers from some of the most knowledgeable people. Lab talk is alright, but remember how to get a particular lab's product would be prohibited source talk.

*  We hope everybody enjoys this thread Thanks to the /r/steroids community to help make this work. They have been a huge help and will be chiming in on this post.",9,2024-05-25 05:00:04,34,https://www.reddit.com/r/bodybuilding/comments/1d04ett/steroid_saturday/
Couple of shots with my man Wesley Vissers,"Although there’s clearly a size disparity, I’m happy with the hold up. Seen as he’s realistically top 3-4 classic physique in the world 

",382,2024-05-18 16:28:51,30,https://www.reddit.com/gallery/1cv147z
Steroid Saturday,"Welcome to the steroid Saturday discussion. Please follow the rules, and be kind. If you see any hatred, arguing, etc. Please report the comment so it can be removed. If you do not agree with this post, do not participate. It is that simple.


*  **NO SOURCE TALK**. This is very important for a variety of what we hope are obvious reasons.

*  **NO FIGHTING**. Arguing and ridiculing others will only get your comment deleted. Constructive criticism only. Post anything that is on topic. This involves how cycles change close to competition prep, what has worked for you in the past, before/after cycle pictures, dietary changes with different compounds, etc.

*  Questions are allowed, but should be limited. /r/steroids has a specific thread just for new comers, where you can get amazing answers from some of the most knowledgeable people. Lab talk is alright, but remember how to get a particular lab's product would be prohibited source talk.

*  We hope everybody enjoys this thread Thanks to the /r/steroids community to help make this work. They have been a huge help and will be chiming in on this post.",8,2024-05-18 05:00:04,24,https://www.reddit.com/r/bodybuilding/comments/1cupmgn/steroid_saturday/
Steroid Saturday,"Welcome to the steroid Saturday discussion. Please follow the rules, and be kind. If you see any hatred, arguing, etc. Please report the comment so it can be removed. If you do not agree with this post, do not participate. It is that simple.


*  **NO SOURCE TALK**. This is very important for a variety of what we hope are obvious reasons.

*  **NO FIGHTING**. Arguing and ridiculing others will only get your comment deleted. Constructive criticism only. Post anything that is on topic. This involves how cycles change close to competition prep, what has worked for you in the past, before/after cycle pictures, dietary changes with different compounds, etc.

*  Questions are allowed, but should be limited. /r/steroids has a specific thread just for new comers, where you can get amazing answers from some of the most knowledgeable people. Lab talk is alright, but remember how to get a particular lab's product would be prohibited source talk.

*  We hope everybody enjoys this thread Thanks to the /r/steroids community to help make this work. They have been a huge help and will be chiming in on this post.",14,2024-05-11 05:00:04,51,https://www.reddit.com/r/bodybuilding/comments/1cp9l8d/steroid_saturday/
Steroid Saturday,"Welcome to the steroid Saturday discussion. Please follow the rules, and be kind. If you see any hatred, arguing, etc. Please report the comment so it can be removed. If you do not agree with this post, do not participate. It is that simple.


*  **NO SOURCE TALK**. This is very important for a variety of what we hope are obvious reasons.

*  **NO FIGHTING**. Arguing and ridiculing others will only get your comment deleted. Constructive criticism only. Post anything that is on topic. This involves how cycles change close to competition prep, what has worked for you in the past, before/after cycle pictures, dietary changes with different compounds, etc.

*  Questions are allowed, but should be limited. /r/steroids has a specific thread just for new comers, where you can get amazing answers from some of the most knowledgeable people. Lab talk is alright, but remember how to get a particular lab's product would be prohibited source talk.

*  We hope everybody enjoys this thread Thanks to the /r/steroids community to help make this work. They have been a huge help and will be chiming in on this post.",5,2024-05-04 05:00:03,5,https://www.reddit.com/r/bodybuilding/comments/1cjsglg/steroid_saturday/
First show!,"A few weeks ago i made a post (it's gone, can't find it anymore..) , i was uncertain if i was stage ready.  
I almost cancelled my show since most of you here said i looked like i was 10 weeks out etc..  
Well i did it.  I had 3 weeks to kick ass and i did it.

I did not get any medals, but beating social anxiety and stepping up on stage was my big win for me!  Everyone said i should have made it in the top 3 since i looked the most shredded but i think i might have lost some points during pre-judging on my posing.  When stress kicked in, i might have screwed up some of my poses.  It was a great experience and i am most def going to do another show in a near future.

Another thing i noticed is our heights.  Class A was supposed to be Up to 5'4""  but you can clearly see 2 of them much taller than us.  No clue how they got into Class A but they sure look like at least 5'7"".

Overall, F\*CKING great experience. I had a blast and that is what matters to me. Loved the prep, loved the stage experience.  Hating the postshow blues. haha

Here are some pics of last Saturday

https://preview.redd.it/73e324qi9fxc1.jpg?width=4096&format=pjpg&auto=webp&s=f72e53b5f717dbf3031ce370cd00e3277584933a

https://preview.redd.it/e0rkx6qi9fxc1.jpg?width=1512&format=pjpg&auto=webp&s=889b48743944d4651982f836855835fe2527b799

https://preview.redd.it/o1nyo5qi9fxc1.jpg?width=1656&format=pjpg&auto=webp&s=8f95a184dd8aed5ccc5977895dc5d99972d9068c

https://preview.redd.it/p2q9a8qi9fxc1.jpg?width=1656&format=pjpg&auto=webp&s=3d87107e46de32e05ce732779c3e3531282923fc",31,2024-04-29 13:39:41,6,https://www.reddit.com/r/bodybuilding/comments/1cfzd7d/first_show/
Steroid Saturday,"Welcome to the steroid Saturday discussion. Please follow the rules, and be kind. If you see any hatred, arguing, etc. Please report the comment so it can be removed. If you do not agree with this post, do not participate. It is that simple.


*  **NO SOURCE TALK**. This is very important for a variety of what we hope are obvious reasons.

*  **NO FIGHTING**. Arguing and ridiculing others will only get your comment deleted. Constructive criticism only. Post anything that is on topic. This involves how cycles change close to competition prep, what has worked for you in the past, before/after cycle pictures, dietary changes with different compounds, etc.

*  Questions are allowed, but should be limited. /r/steroids has a specific thread just for new comers, where you can get amazing answers from some of the most knowledgeable people. Lab talk is alright, but remember how to get a particular lab's product would be prohibited source talk.

*  We hope everybody enjoys this thread Thanks to the /r/steroids community to help make this work. They have been a huge help and will be chiming in on this post.",4,2024-04-27 05:00:04,21,https://www.reddit.com/r/bodybuilding/comments/1ce6b6h/steroid_saturday/
Maybe 7 weeks out?,"https://streamable.com/03rq65
Coming off an injury my weight class is 194 I have 7 weeks to shred 10 pounds I think I can do that. 🤷‍♂️ I’ve never done a show before, it’s a npc show I’m going to do classic. I can get my legs more separated in 7 weeks.",23,2024-04-26 22:59:02,10,https://www.reddit.com/r/bodybuilding/comments/1cdz8yz/maybe_7_weeks_out/
Steroid Saturday,"Welcome to the steroid Saturday discussion. Please follow the rules, and be kind. If you see any hatred, arguing, etc. Please report the comment so it can be removed. If you do not agree with this post, do not participate. It is that simple.


*  **NO SOURCE TALK**. This is very important for a variety of what we hope are obvious reasons.

*  **NO FIGHTING**. Arguing and ridiculing others will only get your comment deleted. Constructive criticism only. Post anything that is on topic. This involves how cycles change close to competition prep, what has worked for you in the past, before/after cycle pictures, dietary changes with different compounds, etc.

*  Questions are allowed, but should be limited. /r/steroids has a specific thread just for new comers, where you can get amazing answers from some of the most knowledgeable people. Lab talk is alright, but remember how to get a particular lab's product would be prohibited source talk.

*  We hope everybody enjoys this thread Thanks to the /r/steroids community to help make this work. They have been a huge help and will be chiming in on this post.",20,2024-04-20 05:00:04,24,https://www.reddit.com/r/bodybuilding/comments/1c8hq65/steroid_saturday/
Neil Currey: Parents blame steroids for bodybuilder son's death,,164,2024-04-17 04:51:58,81,https://www.bbc.co.uk/news/uk-england-south-yorkshire-68821985
Steroid Saturday,"Welcome to the steroid Saturday discussion. Please follow the rules, and be kind. If you see any hatred, arguing, etc. Please report the comment so it can be removed. If you do not agree with this post, do not participate. It is that simple.


*  **NO SOURCE TALK**. This is very important for a variety of what we hope are obvious reasons.

*  **NO FIGHTING**. Arguing and ridiculing others will only get your comment deleted. Constructive criticism only. Post anything that is on topic. This involves how cycles change close to competition prep, what has worked for you in the past, before/after cycle pictures, dietary changes with different compounds, etc.

*  Questions are allowed, but should be limited. /r/steroids has a specific thread just for new comers, where you can get amazing answers from some of the most knowledgeable people. Lab talk is alright, but remember how to get a particular lab's product would be prohibited source talk.

*  We hope everybody enjoys this thread Thanks to the /r/steroids community to help make this work. They have been a huge help and will be chiming in on this post.",7,2024-04-13 05:00:04,22,https://www.reddit.com/r/bodybuilding/comments/1c2txl4/steroid_saturday/
6 Weeks Out | Mens Physique,"6-Weeks Out!

Need more shreds 🔪

198lb
31.25” waist. Need another 1.25” removed here!

Today is post mini-carb up (500c). Learning more about what foods to avoid or include to aid digestion for the upcoming deplete & backload test (this run had a lot of bloat). I will be trialing mini 4- to 5-day depletes and mini carb-ups each week until I get it right! Definitely honing in the process. Late April will be the official trial run with full deplete, carb backload, water and electrolyte manipulation. ",225,2024-04-08 00:03:26,20,https://i.redd.it/0tdkwhkmc5tc1.jpeg
Andreas Munzer-Most Shredded man”Mr.Ripped”,,122,2024-04-06 23:21:51,32,https://www.reddit.com/gallery/1bxpdd9
Steroid Saturday,"Welcome to the steroid Saturday discussion. Please follow the rules, and be kind. If you see any hatred, arguing, etc. Please report the comment so it can be removed. If you do not agree with this post, do not participate. It is that simple.


*  **NO SOURCE TALK**. This is very important for a variety of what we hope are obvious reasons.

*  **NO FIGHTING**. Arguing and ridiculing others will only get your comment deleted. Constructive criticism only. Post anything that is on topic. This involves how cycles change close to competition prep, what has worked for you in the past, before/after cycle pictures, dietary changes with different compounds, etc.

*  Questions are allowed, but should be limited. /r/steroids has a specific thread just for new comers, where you can get amazing answers from some of the most knowledgeable people. Lab talk is alright, but remember how to get a particular lab's product would be prohibited source talk.

*  We hope everybody enjoys this thread Thanks to the /r/steroids community to help make this work. They have been a huge help and will be chiming in on this post.",2,2024-04-06 05:00:04,7,https://www.reddit.com/r/bodybuilding/comments/1bx39hp/steroid_saturday/
Attention: r/bb star flairs still exist,"I know you're probably tired of my long-winded posts, however, over the past few days I've seen some comments in the DD regarding star flairs, and have granted 2 or 3 of them to new submissions that saw the comments. [I asked in the DD](https://www.reddit.com/r/bodybuilding/comments/1bw9oii/daily_discussion_thread_04052024/ky5t837/?context=3) if you guys thought it'd be a good idea to make a stars post to hopefully drum up some more submissions for them and some traffic. 

Information:

**What are star flairs?**

See my flair. Star flairs are a 1-5 rating given on your physique after submitting photos to the mods. No, I didn't rate myself, I've had this flair since long before I was a mod, but maybe I'll go and give myself a fifth and sixth. Really though, I am most likely the person who will be reviewing your submission. In the past, many of the frequent users here had their stars, the original point being some type of credit behind what they were saying and who is commenting reliable information. 

**What qualifies each rating?**

In the past, this has been pretty vague. The former qualifications going off memory and whatever tidbits of information I can find from back then were: 1 - DYEL, 2 - not DYEL but not great, 3 - decent physique, nothing special, 4 - noticeably better than 3, 4.5 - top tier 4s but not quite 5s, 5 - could step on stage and win/mass monster.

As you can see, these were pretty vague, but they have molded fairly distinguishable ratings just through the volume of submissions. Is every 5-star an IFBB pro physique? Most likely not, but that is the absolute best 0.01% of submissions were received, so the point I'm trying to make is that the ratings are *relative*. 

There have also always been more *unwritten* rules on them, that basically say if you're natty you're not going to get 5 stars. Fat free mass index is probably a pretty decent indicator of if you're in 5 star territory. If your FFMI isn't over ~26-27, you probably are not, based on the existing 5 stars. FFMI is not the end all be all, nor was it ever even really considered in the ratings as far as I am aware, but generally you should be aware that your size and leanness do, in fact, matter when getting rated. 1 or the other is great, but will probably land you in 3-4 territory, both are necessary to reach the higher ratings.

**How many times can I submit?**

As many times as you'd like, you'll never be demoted if you submit pictures that are evaluated to be worse than the prior submission, they've always been a reflection of the best you've attained.

**What should I submit?**

Clear & unedited (no filters) photos. You should be hitting poses in these if you want an accurate assessment. If you submit photos not hitting poses, you will very likely not be given the benefit of the doubt if you're on the border of the new ranking. Reddit messages do not offer in platform image hosting, use third-party host such as imgur or imgbb. Imgbb also offers a setting to auto-delete the images in 'x' amount of time if you're concerned with that. 

**Where do I submit?**

Message modmail with the subject ""STARS"", or message me direct if you're more comfortable doing it that way. 

**Will my images be shared?**

No, but if it makes you more comfortable you can blur/block your face in them. The only images that are being shared from these submissions are from people that I've already asked to use as templates/bars for particular ratings, something I feel was lacking in the past due to the vagueness of the rules. 


**Examples--**

- 3 star - (still waiting on a 3 star to come forward and allow me to use their photos), remember, this is someone that clearly lifts but lacks the mass and/or leanness of a 4 star.

- 4 star - /u/haydorama [5 years ago](https://imgur.com/gallery/FT5v2gu)

- 4.5 star - /u/haydorama [currently](https://ibb.co/album/Gs609b)  - note: this is peak 4.5 star, Haydorama has since been promoted to 5

- 5 star - /u/kcmuscle [currently](https://www.reddit.com/r/bodybuilding/comments/1ayw4yx/5_days_out_59_199/)

Remember, these are some of the best at their respective rankings, people will fall into the above rankings without necessarily having the same level of physique but being in the same ballpark. All prior ratings still stand. I had nothing to do with them but am trying to stay true to where things were falling in those ratings, the only difference now is I'm publicizing some sort of rating system.

_____

Irrelevant sidenotes about potential new things coming and looking for some input:

1. A flair similar to the r/fitness ""MVP"" flair. Would go to high-value contributors and would exist either alongside or without consideration of stars. I.e. you don't need a 5-star physique or a star rating at all to receive this flair. There's no submission to request it, if you're noted as being a high-value contributor who is regularly posting good and reliable content, helping people, and furthering the goals of this community, it will be granted to you.

2. The rules prevent self promo right now, meaning if you link basically anything from your personal youtube, tiktok, Instagram, etc. it'll get removed. We used to have a thread to share social media handles and follow each other off Reddit and connect in other ways, would there be interest in this returning? Rather than an intermittent IG thread, I was thinking maybe a monthly or bi-monthly self-promo thread, where you can go ahead and link your socials for anyone else here to find you.

____

Edit - I meant to include this in the original post, but for any women who want to submit for stars, you're more than welcome, there's just a whole lot less data and history to base the ratings on. As far as I can recall there were no more than ~5-10 women on here at the stars peak that had ratings, and most of them were high-level competitors, so rating the hobbyist women has a lot less relativity compared to peers to base it on. 

All of that said, if you do want to submit photos and you're uncomfortable sending them to me and/or the general modmail and would rather send them to a woman, you can submit them to /u/pro_vese and she can relay a rating to me

_______

Edit 2 - Promoted Haydorama to 5 stars",29,2024-04-05 19:43:26,14,https://www.reddit.com/r/bodybuilding/comments/1bwr39i/attention_rbb_star_flairs_still_exist/
Steroid Saturday,"Welcome to the steroid Saturday discussion. Please follow the rules, and be kind. If you see any hatred, arguing, etc. Please report the comment so it can be removed. If you do not agree with this post, do not participate. It is that simple.


*  **NO SOURCE TALK**. This is very important for a variety of what we hope are obvious reasons.

*  **NO FIGHTING**. Arguing and ridiculing others will only get your comment deleted. Constructive criticism only. Post anything that is on topic. This involves how cycles change close to competition prep, what has worked for you in the past, before/after cycle pictures, dietary changes with different compounds, etc.

*  Questions are allowed, but should be limited. /r/steroids has a specific thread just for new comers, where you can get amazing answers from some of the most knowledgeable people. Lab talk is alright, but remember how to get a particular lab's product would be prohibited source talk.

*  We hope everybody enjoys this thread Thanks to the /r/steroids community to help make this work. They have been a huge help and will be chiming in on this post.",4,2024-03-30 05:00:04,20,https://www.reddit.com/r/bodybuilding/comments/1br9ncg/steroid_saturday/
No coach ! First Natty show in 5 weeks… any help 🙏🏼,"Hey fam ! Just started a new reddit for my bodybuilding journey. Decided to do my first Natty show (ICN) in 5 weeks, here’s a video of me hitting the mandatory’s + some transitions ! Any tips, or advice is appreciated 🙏🏼 (p.s struggling to activate my hammies) 

Instagram: Luke_Liftzz ",52,2024-03-25 02:15:09,27,https://v.redd.it/g88lab4i2eqc1
"10 weeks, 6 days out from first show of year. OCB. 5'5.",163lbs. Tryna be natty ping.,269,2024-03-25 01:07:50,55,https://v.redd.it/bb2zam3crdqc1
Are you thinking of posting? Click here first,"The r/bodybuilding subreddit gets around 1000 new subscribers every day, so here's a quick intro to this sub:

This is a community specifically for competitive bodybuilding. It is NOT for general health and fitness, fat loss advice, how to bulk up, how to get started at the gym, or how to get into shape in general. If that's what you're looking for, go to these subreddits and read their quick start guides:

[r/fitness Wiki link](https://thefitness.wiki/)

[r/loseit Quick Start Quide](https://www.reddit.com/r/loseit/wiki/quick_start_guide)

[r/gainit FAQ](https://www.reddit.com/r/gainit/wiki/index)

- This subreddit is also NOT for general progress pictures, memes, or questions about whether you should bulk or cut. Those belong in r/progresspics, r/Brogress, r/GymMemes, r/swoleacceptance, and r/BulkOrCut. 

- Please take a moment to consider if you are in the right subreddit, there are also many subreddits for general fitness, lifting, powerlifting, homegyms, and lifestyle such as r/fitness, r/gym, r/weightroom, r/gainit, r/loseit, r/homegym, r/powerlifting, r/naturalbodybuilding . 

- With all of the above in mind, this is also not a place for the ""natty police"". Asking someone if they're natural or enhanced is okay, if they don't want to discuss it that is their decision, if you ask and they answer, any further pushing or accusations will be met with comment removal and bans regardless of how much you/everyone else believes their word. Take it to r/nattyorjuice if you want to act like that.

- If you'd like to participate in r/bodybuilding specifically, but don't believe your question/post warrants a standalone post, it likely belongs in the pinned Daily Discussion thread (you can ask basically whatever you want here) or the weekly newbie thread.


As always, general reddiquette and Reddit rules apply. If you see someone breaking r/bodybuilding rules or Reddit's sitewide rules please report them by hitting the report button.

If you would like to ask before you post you're welcome to reply here or message the modmail, there have recently been some changes to automod and the posting rules have become a bit more lenient and it's much more moderator discretion than automod removal currently.

_______

**Update-- You will be temporarily banned if you post something that blatantly violates the rules and/or what this post is telling you. This is your warning, the ban will not be lifted**.",117,2024-03-23 12:37:55,125,https://www.reddit.com/r/bodybuilding/comments/1blr61a/are_you_thinking_of_posting_click_here_first/
"2 Weeks out from first show, 6'4""/196 lbs, self coached, natty. How's my conditioning?",,173,2024-03-23 08:43:50,42,https://www.reddit.com/gallery/1blnj3p
Steroid Saturday,"Welcome to the steroid Saturday discussion. Please follow the rules, and be kind. If you see any hatred, arguing, etc. Please report the comment so it can be removed. If you do not agree with this post, do not participate. It is that simple.


*  **NO SOURCE TALK**. This is very important for a variety of what we hope are obvious reasons.

*  **NO FIGHTING**. Arguing and ridiculing others will only get your comment deleted. Constructive criticism only. Post anything that is on topic. This involves how cycles change close to competition prep, what has worked for you in the past, before/after cycle pictures, dietary changes with different compounds, etc.

*  Questions are allowed, but should be limited. /r/steroids has a specific thread just for new comers, where you can get amazing answers from some of the most knowledgeable people. Lab talk is alright, but remember how to get a particular lab's product would be prohibited source talk.

*  We hope everybody enjoys this thread Thanks to the /r/steroids community to help make this work. They have been a huge help and will be chiming in on this post.",1,2024-03-23 05:00:04,7,https://www.reddit.com/r/bodybuilding/comments/1blk75h/steroid_saturday/
Announcement: Automoderator is back online,"Most of the feedback received was some form of a realization that automod was doing a pretty good job at keeping the shitty low effort posts out, after a few days of this and letting the sub be overrun by shit, I've decided to turn it back on and have received a good number of requests to do so.

Some people wanted to go back to incredibly strict, I'd say more wanted to land somewhere in the middle. 

I've reactivated the code for automod, deleted all of the shitpost/stupid post removal triggers, and will add them back as needed.

Along with that, I've also reduced account age and karma thresholds to basically nothing (-5 comment karma, 0 account age). These will also be adjusted *if* needed. 

Lastly, I've removed the youtube autoremoval code.

Things that automod will still pick up: 

1. Racism, sexism, bigotry, etc. 

2. The shadowban list is still in tact. 99.9% of you will have no issues with this, most of the accounts on the list are alternate troll accounts from the old AAA guy. 

3. URL shortened links: simply post the full URL and this shouldn't be an issue, if it is, I will adjust it.

4. Spam sites: this is basically just an on-going list of blacklisted sites that have been spammed here in the past that have no business here, i.e. steroid sales and only fans. 


5. Using the word ""mod"" will still send us a modmail message that someone is talking about us and link us to the comment.

6. Autoflaring weekly threads, the DD, and check ins

That's pretty much it. This is very much a work in progress and will need to be tuned, but with the removal of the shitpost/stupid post triggers, a lot more posts should make it through, which means they'll more often fall to moderator discretion as for what gets removed and what doesn't.

For the time being, text posts *are* permitted. These posts should be aimed at starting discussion and be in the intermediate-advanced category as far as diet, training, and programming go. Beginner-level questions were unanimously considered to be pretty off-topic for a bodybuilding subreddit, we will still direct these elsewhere. 

[Example of a text post](https://www.reddit.com/r/bodybuilding/comments/1bjye9o/the_myth_of_widegrip_superiority_by_dorian_yates/) from /u/INTHEMIDSTOFLIONS over the past few days that has been brought up multiple times as a high quality post that users were enjoying.

All posts do not need to be this extensive or in-depth to make it through, but this is a quality example of what people mean when they say they want more content on here. 

Users have also said they would appreciate *more* physique posts from non-competitors. We will try our best to handle these, but there's a difficult line to draw that becomes a lot more subjective here. If you dislike some of the physique posts that end up showing up, feel free to speak up. Conversely, if you feel like you'd like to see *more* physique posts, also speak up. 

To reiterate **this is still a work in process but I've decided it's been long enough of allowing the shitposting judging by user feedback**. None of these changes are final, and kinks will certainly need to continue to be worked out. Hopefully the above changes have an immediate impact, but please continue to reach out if you're unhappy with the content here. 

Thanks for all of the input and I hope this helps!

Edit -- questions for you guys: 

1. How do you feel about bulk, cut, and bodyfat estimate posts assuming there are decent photos and information attached? 

2. We already have weekly threads that are basically ghost towns for stuff like programming, physique pictures, dieting/nutrition, steroids, etc. Should we remove these and allow them as standalone posts, once again the assumption being there was some effort and thought put into them?",77,2024-03-21 19:30:55,30,https://www.reddit.com/r/bodybuilding/comments/1bkf594/announcement_automoderator_is_back_online/
5’9 - 214. 17 and 23 weeks away?,"3 weeks post show, up 15 lbs or so. Yes, back double - arms need to be adjusted. 

Got some feedback on the Arnold from a couple npc/IFBB of the judges; said they wouldn’t be opposed to seeing me come back shredded with another couple lbs of lean tissue. 

Ideally, I’d put all that tissue in the lower half. 

Next chances for that are 17 and 23 weeks away. Timing wise, the 23 is more attractive, leaves more time to account for variables that want to be problematic. 

I shouldn’t have any problem adding some lean tissue.  But in a 23 week time frame… hmm. 

Just going to continue to increase food and let training improve. Already matching / setting lifetime PR’s on some movements. 😬",146,2024-03-20 14:17:44,17,https://www.reddit.com/gallery/1bjej1h
Autoimmune diseases and bodybuilding ,"Hey everyone so i have ulcerative colitis been diagnosed few months ago and i had to have a corse of prednisolone wich ruined my physique completely and for reference i was still training during a flare and was on test E tren E anavar mk677 and STILL i lost some substantial amount of muscle strenght and gained some body fat! Im finally off the prednisolone as its only a tapper for 8 weeks and i can see my physique getting better and my strength gains coming back again for reference my PRs used to be :

Deadlift - 300kg
Squats - 260kg
Bench -165 kg

And after the Prednisolone my PRs now are

Deadlift - 260kg
Squats - 200kg
Bench - 140kg

So does this mean i am fucked? When it comes to bodybuilding and powerlifting? Because i will have to use these drugs on a regular basis not so much the prednisolone but immunosuppressants and its really getting to me mentally going backwards even though im fighting through actual pain to keep myself fit and regain what i have lost... I just want someone that has the same condition as me or similar to give me some sort of hope as i been googling the side effects of immunosuppressants and they look all very catabolic some more than others but yeah the fact that i been working out and been on PEDs the entire time and i still managed to lose this much strenght and muscle is quite discouraging...

Please share your experiences and hopefully they can shed some clarity on how to work around these horrible autoimmune diseases!",0,2024-03-20 11:21:00,11,https://www.reddit.com/r/bodybuilding/comments/1bjb2jd/autoimmune_diseases_and_bodybuilding/
Liposuction and cutting/bulking,"Hello!

I wonder if anyone has experience with liposuction of the lovehandles/abs and the results after several cutting/bulking cycle. I've been lifting for 10 years and pretty much reached my natty potential. Not planning on competing 

More specifically, my midsection gains fat really fast to the point that I have to be quite lean to have reasonable abs (striations on delts) which is getting really tiring as I loose size in the process. I have been thinking about doing a liposuction during the peak of a bulk in order to balance out fat distribution, though I am worried the fat will return to the midsection during the next cut/bulk cycle or show up in weird places.

Thanks for your input",0,2024-03-19 21:20:45,17,https://www.reddit.com/r/bodybuilding/comments/1bivoqz/liposuction_and_cuttingbulking/
Steroid Saturday,"Welcome to the steroid Saturday discussion. Please follow the rules, and be kind. If you see any hatred, arguing, etc. Please report the comment so it can be removed. If you do not agree with this post, do not participate. It is that simple.


*  **NO SOURCE TALK**. This is very important for a variety of what we hope are obvious reasons.

*  **NO FIGHTING**. Arguing and ridiculing others will only get your comment deleted. Constructive criticism only. Post anything that is on topic. This involves how cycles change close to competition prep, what has worked for you in the past, before/after cycle pictures, dietary changes with different compounds, etc.

*  Questions are allowed, but should be limited. /r/steroids has a specific thread just for new comers, where you can get amazing answers from some of the most knowledgeable people. Lab talk is alright, but remember how to get a particular lab's product would be prohibited source talk.

*  We hope everybody enjoys this thread Thanks to the /r/steroids community to help make this work. They have been a huge help and will be chiming in on this post.",13,2024-03-16 05:00:04,32,https://www.reddit.com/r/bodybuilding/comments/1bfyeb3/steroid_saturday/
Steroid Saturday,"Welcome to the steroid Saturday discussion. Please follow the rules, and be kind. If you see any hatred, arguing, etc. Please report the comment so it can be removed. If you do not agree with this post, do not participate. It is that simple.


*  **NO SOURCE TALK**. This is very important for a variety of what we hope are obvious reasons.

*  **NO FIGHTING**. Arguing and ridiculing others will only get your comment deleted. Constructive criticism only. Post anything that is on topic. This involves how cycles change close to competition prep, what has worked for you in the past, before/after cycle pictures, dietary changes with different compounds, etc.

*  Questions are allowed, but should be limited. /r/steroids has a specific thread just for new comers, where you can get amazing answers from some of the most knowledgeable people. Lab talk is alright, but remember how to get a particular lab's product would be prohibited source talk.

*  We hope everybody enjoys this thread Thanks to the /r/steroids community to help make this work. They have been a huge help and will be chiming in on this post.",4,2024-03-09 05:00:03,8,https://www.reddit.com/r/bodybuilding/comments/1ba9l6o/steroid_saturday/
Steroid Saturday,"Welcome to the steroid Saturday discussion. Please follow the rules, and be kind. If you see any hatred, arguing, etc. Please report the comment so it can be removed. If you do not agree with this post, do not participate. It is that simple.


*  **NO SOURCE TALK**. This is very important for a variety of what we hope are obvious reasons.

*  **NO FIGHTING**. Arguing and ridiculing others will only get your comment deleted. Constructive criticism only. Post anything that is on topic. This involves how cycles change close to competition prep, what has worked for you in the past, before/after cycle pictures, dietary changes with different compounds, etc.

*  Questions are allowed, but should be limited. /r/steroids has a specific thread just for new comers, where you can get amazing answers from some of the most knowledgeable people. Lab talk is alright, but remember how to get a particular lab's product would be prohibited source talk.

*  We hope everybody enjoys this thread Thanks to the /r/steroids community to help make this work. They have been a huge help and will be chiming in on this post.",1,2024-03-02 05:00:03,4,https://www.reddit.com/r/bodybuilding/comments/1b4g1pe/steroid_saturday/
Steroid Saturday,"Welcome to the steroid Saturday discussion. Please follow the rules, and be kind. If you see any hatred, arguing, etc. Please report the comment so it can be removed. If you do not agree with this post, do not participate. It is that simple.


*  **NO SOURCE TALK**. This is very important for a variety of what we hope are obvious reasons.

*  **NO FIGHTING**. Arguing and ridiculing others will only get your comment deleted. Constructive criticism only. Post anything that is on topic. This involves how cycles change close to competition prep, what has worked for you in the past, before/after cycle pictures, dietary changes with different compounds, etc.

*  Questions are allowed, but should be limited. /r/steroids has a specific thread just for new comers, where you can get amazing answers from some of the most knowledgeable people. Lab talk is alright, but remember how to get a particular lab's product would be prohibited source talk.

*  We hope everybody enjoys this thread Thanks to the /r/steroids community to help make this work. They have been a huge help and will be chiming in on this post.",2,2024-02-24 05:00:03,4,https://www.reddit.com/r/bodybuilding/comments/1aym5hc/steroid_saturday/
15wks out Natty Amateur/Debut,"~200lb 5’9

Have been a long time lurker and recreational bodybuilder. Finally decide to prep for my first amateur/debut show to get the experience. Doing the natty OCB Rochester on June 8th. Going to “coach” myself. Was thinking of trying to do classic?

Any advice is welcome, especially on posing.",102,2024-02-22 17:31:00,26,https://www.reddit.com/gallery/1axc80f
Steroid Saturday,"Welcome to the steroid Saturday discussion. Please follow the rules, and be kind. If you see any hatred, arguing, etc. Please report the comment so it can be removed. If you do not agree with this post, do not participate. It is that simple.


*  **NO SOURCE TALK**. This is very important for a variety of what we hope are obvious reasons.

*  **NO FIGHTING**. Arguing and ridiculing others will only get your comment deleted. Constructive criticism only. Post anything that is on topic. This involves how cycles change close to competition prep, what has worked for you in the past, before/after cycle pictures, dietary changes with different compounds, etc.

*  Questions are allowed, but should be limited. /r/steroids has a specific thread just for new comers, where you can get amazing answers from some of the most knowledgeable people. Lab talk is alright, but remember how to get a particular lab's product would be prohibited source talk.

*  We hope everybody enjoys this thread Thanks to the /r/steroids community to help make this work. They have been a huge help and will be chiming in on this post.",4,2024-02-17 05:00:03,18,https://www.reddit.com/r/bodybuilding/comments/1astu6t/steroid_saturday/
"My response to a military recruiter. Not sure if this is against the rules, but I thought it was funny.",,689,2024-02-13 03:02:04,92,https://i.redd.it/qo0f2a2dq9ic1.jpeg
Steroid Saturday,"Welcome to the steroid Saturday discussion. Please follow the rules, and be kind. If you see any hatred, arguing, etc. Please report the comment so it can be removed. If you do not agree with this post, do not participate. It is that simple.


*  **NO SOURCE TALK**. This is very important for a variety of what we hope are obvious reasons.

*  **NO FIGHTING**. Arguing and ridiculing others will only get your comment deleted. Constructive criticism only. Post anything that is on topic. This involves how cycles change close to competition prep, what has worked for you in the past, before/after cycle pictures, dietary changes with different compounds, etc.

*  Questions are allowed, but should be limited. /r/steroids has a specific thread just for new comers, where you can get amazing answers from some of the most knowledgeable people. Lab talk is alright, but remember how to get a particular lab's product would be prohibited source talk.

*  We hope everybody enjoys this thread Thanks to the /r/steroids community to help make this work. They have been a huge help and will be chiming in on this post.",6,2024-02-10 05:00:05,13,https://www.reddit.com/r/bodybuilding/comments/1an8g6g/steroid_saturday/
Steroid Saturday,"Welcome to the steroid Saturday discussion. Please follow the rules, and be kind. If you see any hatred, arguing, etc. Please report the comment so it can be removed. If you do not agree with this post, do not participate. It is that simple.


*  **NO SOURCE TALK**. This is very important for a variety of what we hope are obvious reasons.

*  **NO FIGHTING**. Arguing and ridiculing others will only get your comment deleted. Constructive criticism only. Post anything that is on topic. This involves how cycles change close to competition prep, what has worked for you in the past, before/after cycle pictures, dietary changes with different compounds, etc.

*  Questions are allowed, but should be limited. /r/steroids has a specific thread just for new comers, where you can get amazing answers from some of the most knowledgeable people. Lab talk is alright, but remember how to get a particular lab's product would be prohibited source talk.

*  We hope everybody enjoys this thread Thanks to the /r/steroids community to help make this work. They have been a huge help and will be chiming in on this post.",5,2024-02-03 05:00:06,8,https://www.reddit.com/r/bodybuilding/comments/1aho5t7/steroid_saturday/
17 -164lbs - 6 weeks out OCB classic physique pro card attempt - natty,"1. Yes I know I’m not big enough to actually win the show
2. Yes I’m natural. You can have your own opinions I guess, but I literally could not possibly manage to care less than I already do",281,2024-01-27 05:46:39,103,https://www.reddit.com/gallery/1ac3rpa
Steroid Saturday,"Welcome to the steroid Saturday discussion. Please follow the rules, and be kind. If you see any hatred, arguing, etc. Please report the comment so it can be removed. If you do not agree with this post, do not participate. It is that simple.


*  **NO SOURCE TALK**. This is very important for a variety of what we hope are obvious reasons.

*  **NO FIGHTING**. Arguing and ridiculing others will only get your comment deleted. Constructive criticism only. Post anything that is on topic. This involves how cycles change close to competition prep, what has worked for you in the past, before/after cycle pictures, dietary changes with different compounds, etc.

*  Questions are allowed, but should be limited. /r/steroids has a specific thread just for new comers, where you can get amazing answers from some of the most knowledgeable people. Lab talk is alright, but remember how to get a particular lab's product would be prohibited source talk.

*  We hope everybody enjoys this thread Thanks to the /r/steroids community to help make this work. They have been a huge help and will be chiming in on this post.",7,2024-01-27 05:00:03,73,https://www.reddit.com/r/bodybuilding/comments/1ac2xp9/steroid_saturday/
Steroid Saturday,"Welcome to the steroid Saturday discussion. Please follow the rules, and be kind. If you see any hatred, arguing, etc. Please report the comment so it can be removed. If you do not agree with this post, do not participate. It is that simple.


*  **NO SOURCE TALK**. This is very important for a variety of what we hope are obvious reasons.

*  **NO FIGHTING**. Arguing and ridiculing others will only get your comment deleted. Constructive criticism only. Post anything that is on topic. This involves how cycles change close to competition prep, what has worked for you in the past, before/after cycle pictures, dietary changes with different compounds, etc.

*  Questions are allowed, but should be limited. /r/steroids has a specific thread just for new comers, where you can get amazing answers from some of the most knowledgeable people. Lab talk is alright, but remember how to get a particular lab's product would be prohibited source talk.

*  We hope everybody enjoys this thread Thanks to the /r/steroids community to help make this work. They have been a huge help and will be chiming in on this post.",5,2024-01-20 05:00:04,15,https://www.reddit.com/r/bodybuilding/comments/19b3vog/steroid_saturday/
11 weeks out first competition - 5’7” 160lb - which division recommended?,"Hey all, I’m prepping for my first competition (OCB) in early April and I’m new to competitive bodybuilding. 

Would you recommend I sign up for men’s physique or classic physique? I am not sure what to expect from these natty competitions. I’ve had knee injuries so I have not been able to train my legs enough over the last year and a half. I feel like that’s a main impediment from going the classic route, but I’d like some thoughts from you all with experience. 

I know I need a lot of work on posing. I just started practicing them recently. Also I do not have a pump in these photos with the last one being an exception - it’s my favorite pic. I made the decision to post here on a whim while working from home lol

Thanks in advance for any feedback!",123,2024-01-16 21:10:48,138,https://www.reddit.com/gallery/198e26c
My 2nd natural bodybuilding show,"Post is a bit late but better late than never.
As a 19yo i won Estonian national championship in junior bodybuilding category.
All of you who called me not natty before why didnt u make the effort come and test me? This is achieavble naturally but just with hard work.",299,2024-01-13 20:56:34,37,https://www.reddit.com/gallery/195xypo
Steroid Saturday,"Welcome to the steroid Saturday discussion. Please follow the rules, and be kind. If you see any hatred, arguing, etc. Please report the comment so it can be removed. If you do not agree with this post, do not participate. It is that simple.


*  **NO SOURCE TALK**. This is very important for a variety of what we hope are obvious reasons.

*  **NO FIGHTING**. Arguing and ridiculing others will only get your comment deleted. Constructive criticism only. Post anything that is on topic. This involves how cycles change close to competition prep, what has worked for you in the past, before/after cycle pictures, dietary changes with different compounds, etc.

*  Questions are allowed, but should be limited. /r/steroids has a specific thread just for new comers, where you can get amazing answers from some of the most knowledgeable people. Lab talk is alright, but remember how to get a particular lab's product would be prohibited source talk.

*  We hope everybody enjoys this thread Thanks to the /r/steroids community to help make this work. They have been a huge help and will be chiming in on this post.",7,2024-01-13 05:00:03,14,https://www.reddit.com/r/bodybuilding/comments/195g28u/steroid_saturday/
Steroid Saturday,"Welcome to the steroid Saturday discussion. Please follow the rules, and be kind. If you see any hatred, arguing, etc. Please report the comment so it can be removed. If you do not agree with this post, do not participate. It is that simple.


*  **NO SOURCE TALK**. This is very important for a variety of what we hope are obvious reasons.

*  **NO FIGHTING**. Arguing and ridiculing others will only get your comment deleted. Constructive criticism only. Post anything that is on topic. This involves how cycles change close to competition prep, what has worked for you in the past, before/after cycle pictures, dietary changes with different compounds, etc.

*  Questions are allowed, but should be limited. /r/steroids has a specific thread just for new comers, where you can get amazing answers from some of the most knowledgeable people. Lab talk is alright, but remember how to get a particular lab's product would be prohibited source talk.

*  We hope everybody enjoys this thread Thanks to the /r/steroids community to help make this work. They have been a huge help and will be chiming in on this post.",6,2024-01-06 05:00:04,34,https://www.reddit.com/r/bodybuilding/comments/18zrzcb/steroid_saturday/
Steroid Saturday,"Welcome to the steroid Saturday discussion. Please follow the rules, and be kind. If you see any hatred, arguing, etc. Please report the comment so it can be removed. If you do not agree with this post, do not participate. It is that simple.


*  **NO SOURCE TALK**. This is very important for a variety of what we hope are obvious reasons.

*  **NO FIGHTING**. Arguing and ridiculing others will only get your comment deleted. Constructive criticism only. Post anything that is on topic. This involves how cycles change close to competition prep, what has worked for you in the past, before/after cycle pictures, dietary changes with different compounds, etc.

*  Questions are allowed, but should be limited. /r/steroids has a specific thread just for new comers, where you can get amazing answers from some of the most knowledgeable people. Lab talk is alright, but remember how to get a particular lab's product would be prohibited source talk.

*  We hope everybody enjoys this thread Thanks to the /r/steroids community to help make this work. They have been a huge help and will be chiming in on this post.",15,2023-12-30 05:00:03,31,https://www.reddit.com/r/bodybuilding/comments/18u7g34/steroid_saturday/
Steroid Saturday,"Welcome to the steroid Saturday discussion. Please follow the rules, and be kind. If you see any hatred, arguing, etc. Please report the comment so it can be removed. If you do not agree with this post, do not participate. It is that simple.


*  **NO SOURCE TALK**. This is very important for a variety of what we hope are obvious reasons.

*  **NO FIGHTING**. Arguing and ridiculing others will only get your comment deleted. Constructive criticism only. Post anything that is on topic. This involves how cycles change close to competition prep, what has worked for you in the past, before/after cycle pictures, dietary changes with different compounds, etc.

*  Questions are allowed, but should be limited. /r/steroids has a specific thread just for new comers, where you can get amazing answers from some of the most knowledgeable people. Lab talk is alright, but remember how to get a particular lab's product would be prohibited source talk.

*  We hope everybody enjoys this thread Thanks to the /r/steroids community to help make this work. They have been a huge help and will be chiming in on this post.",12,2023-12-23 05:00:04,22,https://www.reddit.com/r/bodybuilding/comments/18oy4l8/steroid_saturday/
"16, 172.5, 3 days into prep, 12 weeks out, OCB classic physique pro qualifier","I know I’m not pro level, dear god, I’m
Not blind. But, competing is fun, and the teen class in the OCB is literally like slaughtering baby ducks. No fun. Yes, I’m natural. If 170 at 5’10 is your bar for “impossible natty” that’s a you problem.",158,2023-12-18 00:39:26,37,https://www.reddit.com/gallery/18kvw0d
Steroid Saturday,"Welcome to the steroid Saturday discussion. Please follow the rules, and be kind. If you see any hatred, arguing, etc. Please report the comment so it can be removed. If you do not agree with this post, do not participate. It is that simple.


*  **NO SOURCE TALK**. This is very important for a variety of what we hope are obvious reasons.

*  **NO FIGHTING**. Arguing and ridiculing others will only get your comment deleted. Constructive criticism only. Post anything that is on topic. This involves how cycles change close to competition prep, what has worked for you in the past, before/after cycle pictures, dietary changes with different compounds, etc.

*  Questions are allowed, but should be limited. /r/steroids has a specific thread just for new comers, where you can get amazing answers from some of the most knowledgeable people. Lab talk is alright, but remember how to get a particular lab's product would be prohibited source talk.

*  We hope everybody enjoys this thread Thanks to the /r/steroids community to help make this work. They have been a huge help and will be chiming in on this post.",16,2023-12-16 05:00:05,34,https://www.reddit.com/r/bodybuilding/comments/18jjox1/steroid_saturday/
5 weeks post first show up 13 lb ready to start first offseason,"Nobody warned me how hard it is to stick to the diet post show! Got real bad edema and felt like shit after binging for two days but have been pretty good on the reverse diet since then, up 15lbs from stage weight in 5 weeks which I’m cool with considering I was depleted/shredded out of my mf mind on show day. I would say this is the first week I really feel myself and strength is exploding in a big way, feels good to enjoy training again. Now I just need to stop watching food videos on instagram.",195,2023-12-09 20:23:59,25,https://www.reddit.com/gallery/18em79d
Steroid Saturday,"Welcome to the steroid Saturday discussion. Please follow the rules, and be kind. If you see any hatred, arguing, etc. Please report the comment so it can be removed. If you do not agree with this post, do not participate. It is that simple.


*  **NO SOURCE TALK**. This is very important for a variety of what we hope are obvious reasons.

*  **NO FIGHTING**. Arguing and ridiculing others will only get your comment deleted. Constructive criticism only. Post anything that is on topic. This involves how cycles change close to competition prep, what has worked for you in the past, before/after cycle pictures, dietary changes with different compounds, etc.

*  Questions are allowed, but should be limited. /r/steroids has a specific thread just for new comers, where you can get amazing answers from some of the most knowledgeable people. Lab talk is alright, but remember how to get a particular lab's product would be prohibited source talk.

*  We hope everybody enjoys this thread Thanks to the /r/steroids community to help make this work. They have been a huge help and will be chiming in on this post.",13,2023-12-09 05:00:04,52,https://www.reddit.com/r/bodybuilding/comments/18e5yom/steroid_saturday/
Steroid Saturday,"Welcome to the steroid Saturday discussion. Please follow the rules, and be kind. If you see any hatred, arguing, etc. Please report the comment so it can be removed. If you do not agree with this post, do not participate. It is that simple.


*  **NO SOURCE TALK**. This is very important for a variety of what we hope are obvious reasons.

*  **NO FIGHTING**. Arguing and ridiculing others will only get your comment deleted. Constructive criticism only. Post anything that is on topic. This involves how cycles change close to competition prep, what has worked for you in the past, before/after cycle pictures, dietary changes with different compounds, etc.

*  Questions are allowed, but should be limited. /r/steroids has a specific thread just for new comers, where you can get amazing answers from some of the most knowledgeable people. Lab talk is alright, but remember how to get a particular lab's product would be prohibited source talk.

*  We hope everybody enjoys this thread Thanks to the /r/steroids community to help make this work. They have been a huge help and will be chiming in on this post.",24,2023-12-02 05:00:04,47,https://www.reddit.com/r/bodybuilding/comments/188w3zq/steroid_saturday/
Steroid Saturday,"Welcome to the steroid Saturday discussion. Please follow the rules, and be kind. If you see any hatred, arguing, etc. Please report the comment so it can be removed. If you do not agree with this post, do not participate. It is that simple.


*  **NO SOURCE TALK**. This is very important for a variety of what we hope are obvious reasons.

*  **NO FIGHTING**. Arguing and ridiculing others will only get your comment deleted. Constructive criticism only. Post anything that is on topic. This involves how cycles change close to competition prep, what has worked for you in the past, before/after cycle pictures, dietary changes with different compounds, etc.

*  Questions are allowed, but should be limited. /r/steroids has a specific thread just for new comers, where you can get amazing answers from some of the most knowledgeable people. Lab talk is alright, but remember how to get a particular lab's product would be prohibited source talk.

*  We hope everybody enjoys this thread Thanks to the /r/steroids community to help make this work. They have been a huge help and will be chiming in on this post.",15,2023-11-25 05:00:04,31,https://www.reddit.com/r/bodybuilding/comments/183c0vn/steroid_saturday/
Steroid Saturday,"Welcome to the steroid Saturday discussion. Please follow the rules, and be kind. If you see any hatred, arguing, etc. Please report the comment so it can be removed. If you do not agree with this post, do not participate. It is that simple.


*  **NO SOURCE TALK**. This is very important for a variety of what we hope are obvious reasons.

*  **NO FIGHTING**. Arguing and ridiculing others will only get your comment deleted. Constructive criticism only. Post anything that is on topic. This involves how cycles change close to competition prep, what has worked for you in the past, before/after cycle pictures, dietary changes with different compounds, etc.

*  Questions are allowed, but should be limited. /r/steroids has a specific thread just for new comers, where you can get amazing answers from some of the most knowledgeable people. Lab talk is alright, but remember how to get a particular lab's product would be prohibited source talk.

*  We hope everybody enjoys this thread Thanks to the /r/steroids community to help make this work. They have been a huge help and will be chiming in on this post.",18,2023-11-18 05:00:04,33,https://www.reddit.com/r/bodybuilding/comments/17xyx7r/steroid_saturday/
Steroid Saturday,"Welcome to the steroid Saturday discussion. Please follow the rules, and be kind. If you see any hatred, arguing, etc. Please report the comment so it can be removed. If you do not agree with this post, do not participate. It is that simple.


*  **NO SOURCE TALK**. This is very important for a variety of what we hope are obvious reasons.

*  **NO FIGHTING**. Arguing and ridiculing others will only get your comment deleted. Constructive criticism only. Post anything that is on topic. This involves how cycles change close to competition prep, what has worked for you in the past, before/after cycle pictures, dietary changes with different compounds, etc.

*  Questions are allowed, but should be limited. /r/steroids has a specific thread just for new comers, where you can get amazing answers from some of the most knowledgeable people. Lab talk is alright, but remember how to get a particular lab's product would be prohibited source talk.

*  We hope everybody enjoys this thread Thanks to the /r/steroids community to help make this work. They have been a huge help and will be chiming in on this post.",35,2023-11-11 05:00:04,126,https://www.reddit.com/r/bodybuilding/comments/17snbgs/steroid_saturday/
5 weeks out (OCB Men’s Physique),"Currently sitting at 185 lbs, will maintain for the next couple weeks and then shred for 2 weeks",300,2023-11-08 00:54:15,23,https://www.reddit.com/gallery/17q9moo
Are you a competitive strength athlete? Participate in survey of steroid knowledge.,"  

Hi everyone,

I'm Lorenzo Balzan, a master’s Strength and Conditioning student at the Atlantic Technological University in Galway, Ireland. I am currently collecting data for my MSc thesis looking at knowledge of the potential adverse effects Anabolic Androgenic Steroids (AAS) on health in competitive strength athletes (including bodybuilding); the first study of its kind. This survey also looks at participants' attitudes towards these health risks and at prevalence of AAS use.  
Neither myself, nor this project, is associated with any anti-doping organization.

I understand the sensitive nature of the topic, so guaranteeing anonymity was a priority in the design of the survey. **Please be assured that this survey is** **completely anonymous** **and that the data you provide will be unidentifiable, encrypted and password protected.**   
 

**The survey will only take 10 minutes; complete via the QR code in the poster below or the following link:** [https://www.soscisurvey.de/AAS\_Knowledge\_Survey/](https://www.soscisurvey.de/AAS_Knowledge_Survey/)

This is an opportunity for you to contribute to a new, and important area of research. I’m very passionate about the topic of harm-reduction. This survey is not intended to pass judgment or criticise strength athletes who use these substances, but rather to safeguard the health of those who are currently using AAS or may use them in the future. 

Education often plays an important role in influencing behaviors, such as substance use; therefore understanding the current knowledge of strength athletes that both use and do not use AAS, may be foundational in creating strategies to assist in harm reduction. 

Thank you, Lorenzo. 

https://preview.redd.it/hgggxvxxxryb1.png?width=1080&format=png&auto=webp&s=db2972def751a94d994e24b23b6b567a6213a71a",19,2023-11-06 19:22:13,8,https://www.reddit.com/r/bodybuilding/comments/17pandj/are_you_a_competitive_strength_athlete/
Steroid Saturday,"Welcome to the steroid Saturday discussion. Please follow the rules, and be kind. If you see any hatred, arguing, etc. Please report the comment so it can be removed. If you do not agree with this post, do not participate. It is that simple.


*  **NO SOURCE TALK**. This is very important for a variety of what we hope are obvious reasons.

*  **NO FIGHTING**. Arguing and ridiculing others will only get your comment deleted. Constructive criticism only. Post anything that is on topic. This involves how cycles change close to competition prep, what has worked for you in the past, before/after cycle pictures, dietary changes with different compounds, etc.

*  Questions are allowed, but should be limited. /r/steroids has a specific thread just for new comers, where you can get amazing answers from some of the most knowledgeable people. Lab talk is alright, but remember how to get a particular lab's product would be prohibited source talk.

*  We hope everybody enjoys this thread Thanks to the /r/steroids community to help make this work. They have been a huge help and will be chiming in on this post.",6,2023-11-04 05:00:03,18,https://www.reddit.com/r/bodybuilding/comments/17nedt4/steroid_saturday/
Steroid Saturday,"Welcome to the steroid Saturday discussion. Please follow the rules, and be kind. If you see any hatred, arguing, etc. Please report the comment so it can be removed. If you do not agree with this post, do not participate. It is that simple.


*  **NO SOURCE TALK**. This is very important for a variety of what we hope are obvious reasons.

*  **NO FIGHTING**. Arguing and ridiculing others will only get your comment deleted. Constructive criticism only. Post anything that is on topic. This involves how cycles change close to competition prep, what has worked for you in the past, before/after cycle pictures, dietary changes with different compounds, etc.

*  Questions are allowed, but should be limited. /r/steroids has a specific thread just for new comers, where you can get amazing answers from some of the most knowledgeable people. Lab talk is alright, but remember how to get a particular lab's product would be prohibited source talk.

*  We hope everybody enjoys this thread Thanks to the /r/steroids community to help make this work. They have been a huge help and will be chiming in on this post.",6,2023-10-28 05:00:04,14,https://www.reddit.com/r/bodybuilding/comments/17i6fxv/steroid_saturday/
Show Day Shots 📸,"Competed at Summer Shredding in Houston, TX this past weekend",51,2023-10-25 20:08:44,6,https://www.reddit.com/gallery/17gdsgj
"1 week out from my 2nd show of 1st prep, 19yo natty","77kg, 184cm, competing in ifbb. Should i go back to powerlifting or is there something to be achieved more with this physique as a natural? As ive seen ifbb is full of juice heads and i dont really see a point in competing anymore. Thoughts?",1421,2023-10-21 23:56:17,354,https://www.reddit.com/gallery/17dg498
Steroid Saturday,"Welcome to the steroid Saturday discussion. Please follow the rules, and be kind. If you see any hatred, arguing, etc. Please report the comment so it can be removed. If you do not agree with this post, do not participate. It is that simple.


*  **NO SOURCE TALK**. This is very important for a variety of what we hope are obvious reasons.

*  **NO FIGHTING**. Arguing and ridiculing others will only get your comment deleted. Constructive criticism only. Post anything that is on topic. This involves how cycles change close to competition prep, what has worked for you in the past, before/after cycle pictures, dietary changes with different compounds, etc.

*  Questions are allowed, but should be limited. /r/steroids has a specific thread just for new comers, where you can get amazing answers from some of the most knowledgeable people. Lab talk is alright, but remember how to get a particular lab's product would be prohibited source talk.

*  We hope everybody enjoys this thread Thanks to the /r/steroids community to help make this work. They have been a huge help and will be chiming in on this post.",14,2023-10-21 05:00:03,67,https://www.reddit.com/r/bodybuilding/comments/17cuv6m/steroid_saturday/
"Four weeks out- natty, figure, 5’11”, 147",I’ve got two more soft tissue work appointments before peak week to help with my right shoulder (Ehlers Danlos life 🤌🏻) and hammering cardio to deepen lines. Any other feedback?,206,2023-10-14 17:57:00,20,https://www.reddit.com/gallery/177v4s3
Steroid Saturday,"Welcome to the steroid Saturday discussion. Please follow the rules, and be kind. If you see any hatred, arguing, etc. Please report the comment so it can be removed. If you do not agree with this post, do not participate. It is that simple.


*  **NO SOURCE TALK**. This is very important for a variety of what we hope are obvious reasons.

*  **NO FIGHTING**. Arguing and ridiculing others will only get your comment deleted. Constructive criticism only. Post anything that is on topic. This involves how cycles change close to competition prep, what has worked for you in the past, before/after cycle pictures, dietary changes with different compounds, etc.

*  Questions are allowed, but should be limited. /r/steroids has a specific thread just for new comers, where you can get amazing answers from some of the most knowledgeable people. Lab talk is alright, but remember how to get a particular lab's product would be prohibited source talk.

*  We hope everybody enjoys this thread Thanks to the /r/steroids community to help make this work. They have been a huge help and will be chiming in on this post.",6,2023-10-14 05:00:03,18,https://www.reddit.com/r/bodybuilding/comments/177huni/steroid_saturday/
1 week 2 days out natural bodybuilding competition,"What is up Reddit, its me again but now a little bit more than a week for my natty show.
Im currently sitting at 163 lbs 5’9.
What would you recommend or criticise",846,2023-10-13 18:19:59,140,https://www.reddit.com/gallery/17753wg
Steroid Saturday,"Welcome to the steroid Saturday discussion. Please follow the rules, and be kind. If you see any hatred, arguing, etc. Please report the comment so it can be removed. If you do not agree with this post, do not participate. It is that simple.


*  **NO SOURCE TALK**. This is very important for a variety of what we hope are obvious reasons.

*  **NO FIGHTING**. Arguing and ridiculing others will only get your comment deleted. Constructive criticism only. Post anything that is on topic. This involves how cycles change close to competition prep, what has worked for you in the past, before/after cycle pictures, dietary changes with different compounds, etc.

*  Questions are allowed, but should be limited. /r/steroids has a specific thread just for new comers, where you can get amazing answers from some of the most knowledgeable people. Lab talk is alright, but remember how to get a particular lab's product would be prohibited source talk.

*  We hope everybody enjoys this thread Thanks to the /r/steroids community to help make this work. They have been a huge help and will be chiming in on this post.",3,2023-10-07 05:00:04,33,https://www.reddit.com/r/bodybuilding/comments/171xtul/steroid_saturday/
Prep,19yo 6’2 192lbs Natty 3 weeks out classic First show,38,2023-10-01 19:14:42,2,https://www.reddit.com/gallery/16x9y9p
Steroid Saturday,"Welcome to the steroid Saturday discussion. Please follow the rules, and be kind. If you see any hatred, arguing, etc. Please report the comment so it can be removed. If you do not agree with this post, do not participate. It is that simple.


*  **NO SOURCE TALK**. This is very important for a variety of what we hope are obvious reasons.

*  **NO FIGHTING**. Arguing and ridiculing others will only get your comment deleted. Constructive criticism only. Post anything that is on topic. This involves how cycles change close to competition prep, what has worked for you in the past, before/after cycle pictures, dietary changes with different compounds, etc.

*  Questions are allowed, but should be limited. /r/steroids has a specific thread just for new comers, where you can get amazing answers from some of the most knowledgeable people. Lab talk is alright, but remember how to get a particular lab's product would be prohibited source talk.

*  We hope everybody enjoys this thread Thanks to the /r/steroids community to help make this work. They have been a huge help and will be chiming in on this post.",8,2023-09-30 05:00:03,17,https://www.reddit.com/r/bodybuilding/comments/16vy0aq/steroid_saturday/
5 weeks out,"Natty, vegan, 14 yo",133,2023-09-27 16:39:12,16,https://i.redd.it/me1wq7vfttqb1.jpg
Steroid Saturday,"Welcome to the steroid Saturday discussion. Please follow the rules, and be kind. If you see any hatred, arguing, etc. Please report the comment so it can be removed. If you do not agree with this post, do not participate. It is that simple.


*  **NO SOURCE TALK**. This is very important for a variety of what we hope are obvious reasons.

*  **NO FIGHTING**. Arguing and ridiculing others will only get your comment deleted. Constructive criticism only. Post anything that is on topic. This involves how cycles change close to competition prep, what has worked for you in the past, before/after cycle pictures, dietary changes with different compounds, etc.

*  Questions are allowed, but should be limited. /r/steroids has a specific thread just for new comers, where you can get amazing answers from some of the most knowledgeable people. Lab talk is alright, but remember how to get a particular lab's product would be prohibited source talk.

*  We hope everybody enjoys this thread Thanks to the /r/steroids community to help make this work. They have been a huge help and will be chiming in on this post.",11,2023-09-23 05:00:09,12,https://www.reddit.com/r/bodybuilding/comments/16pvjhy/steroid_saturday/
Post show pics 3x Overall Champion Classic (natty bodybuilding),NPC show,152,2023-09-22 10:33:34,37,https://www.reddit.com/gallery/16p6sr5
A little over 4 weeks out first natty show (24 y.o.),"
Current check in weight is 151.4 and height is 5’6”. Slight progress in posing from where I started imo, but still have to perfect showing off the goods. 

Biggest concern is fat content in my legs but I believe these next weeks with cardio sessions will help. Honestly looking forward to the show but mostly eating normal again LMAO",272,2023-09-21 11:41:34,51,https://www.reddit.com/gallery/16odmje
5 Weeks out from my first Natty Show! 76kg here,,158,2023-09-20 11:32:11,26,https://www.reddit.com/gallery/16nix0b
8 weeks out from second show: natty figure 5’11” 150,"Some of y’all may have seen my journey to my April comp. Took a short 3- month build with amazing results and jumped back into prep for November. I’ll be taking a year off after this comp for serious growth but I wanted to come back better one time this year after coming in flat in April. Photos are today’s check in, followed by comparisons from April peak week to today.",102,2023-09-16 20:57:16,31,https://www.reddit.com/gallery/16khulg
Steroid Saturday,"Welcome to the steroid Saturday discussion. Please follow the rules, and be kind. If you see any hatred, arguing, etc. Please report the comment so it can be removed. If you do not agree with this post, do not participate. It is that simple.


*  **NO SOURCE TALK**. This is very important for a variety of what we hope are obvious reasons.

*  **NO FIGHTING**. Arguing and ridiculing others will only get your comment deleted. Constructive criticism only. Post anything that is on topic. This involves how cycles change close to competition prep, what has worked for you in the past, before/after cycle pictures, dietary changes with different compounds, etc.

*  Questions are allowed, but should be limited. /r/steroids has a specific thread just for new comers, where you can get amazing answers from some of the most knowledgeable people. Lab talk is alright, but remember how to get a particular lab's product would be prohibited source talk.

*  We hope everybody enjoys this thread Thanks to the /r/steroids community to help make this work. They have been a huge help and will be chiming in on this post.",2,2023-09-16 05:00:04,13,https://www.reddit.com/r/bodybuilding/comments/16jyqjh/steroid_saturday/
"1 WEEK OUT, 20y, natty, 5ft7/68kg",,119,2023-09-15 12:14:58,39,https://i.redd.it/e380g1vcveob1.jpg
One of the Largest Steroid Dealers in U.S. History Talks Science With the Anabolic Doc - Ryan Root, Ryan Root interview with the Anabolic Doc: [https://youtu.be/6ampKISfmyA?si=81V42wbBSnaaqTrD](https://youtu.be/6ampKISfmyA?si=81V42wbBSnaaqTrD) ,1,2023-09-14 14:46:01,0,https://www.reddit.com/r/bodybuilding/comments/16ikcdn/one_of_the_largest_steroid_dealers_in_us_history/
Steroid Saturday,"Welcome to the steroid Saturday discussion. Please follow the rules, and be kind. If you see any hatred, arguing, etc. Please report the comment so it can be removed. If you do not agree with this post, do not participate. It is that simple.


*  **NO SOURCE TALK**. This is very important for a variety of what we hope are obvious reasons.

*  **NO FIGHTING**. Arguing and ridiculing others will only get your comment deleted. Constructive criticism only. Post anything that is on topic. This involves how cycles change close to competition prep, what has worked for you in the past, before/after cycle pictures, dietary changes with different compounds, etc.

*  Questions are allowed, but should be limited. /r/steroids has a specific thread just for new comers, where you can get amazing answers from some of the most knowledgeable people. Lab talk is alright, but remember how to get a particular lab's product would be prohibited source talk.

*  We hope everybody enjoys this thread Thanks to the /r/steroids community to help make this work. They have been a huge help and will be chiming in on this post.",3,2023-09-09 05:00:03,3,https://www.reddit.com/r/bodybuilding/comments/16dwtpm/steroid_saturday/
"3 weeks out 20y, natty",,49,2023-09-03 12:06:32,18,https://i.redd.it/osh1yvsw61mb1.jpg
Steroid Saturday,"Welcome to the steroid Saturday discussion. Please follow the rules, and be kind. If you see any hatred, arguing, etc. Please report the comment so it can be removed. If you do not agree with this post, do not participate. It is that simple.


*  **NO SOURCE TALK**. This is very important for a variety of what we hope are obvious reasons.

*  **NO FIGHTING**. Arguing and ridiculing others will only get your comment deleted. Constructive criticism only. Post anything that is on topic. This involves how cycles change close to competition prep, what has worked for you in the past, before/after cycle pictures, dietary changes with different compounds, etc.

*  Questions are allowed, but should be limited. /r/steroids has a specific thread just for new comers, where you can get amazing answers from some of the most knowledgeable people. Lab talk is alright, but remember how to get a particular lab's product would be prohibited source talk.

*  We hope everybody enjoys this thread Thanks to the /r/steroids community to help make this work. They have been a huge help and will be chiming in on this post.",2,2023-09-02 05:00:04,26,https://www.reddit.com/r/bodybuilding/comments/167tg3q/steroid_saturday/
Urs 2 months out looking 2 days out. What is the point of being this shredded with 2 months of prep ahead?,,498,2023-08-30 00:06:27,123,https://i.redd.it/2er0x9ms25lb1.jpg
Steroid Saturday,"Welcome to the steroid Saturday discussion. Please follow the rules, and be kind. If you see any hatred, arguing, etc. Please report the comment so it can be removed. If you do not agree with this post, do not participate. It is that simple.


*  **NO SOURCE TALK**. This is very important for a variety of what we hope are obvious reasons.

*  **NO FIGHTING**. Arguing and ridiculing others will only get your comment deleted. Constructive criticism only. Post anything that is on topic. This involves how cycles change close to competition prep, what has worked for you in the past, before/after cycle pictures, dietary changes with different compounds, etc.

*  Questions are allowed, but should be limited. /r/steroids has a specific thread just for new comers, where you can get amazing answers from some of the most knowledgeable people. Lab talk is alright, but remember how to get a particular lab's product would be prohibited source talk.

*  We hope everybody enjoys this thread Thanks to the /r/steroids community to help make this work. They have been a huge help and will be chiming in on this post.",8,2023-08-26 05:00:04,0,https://www.reddit.com/r/bodybuilding/comments/161lokx/steroid_saturday/
Show day shreds!!,,112,2023-08-19 23:56:42,13,https://i.redd.it/g1yf0zxxn5jb1.jpg
Steroid Saturday,"Welcome to the steroid Saturday discussion. Please follow the rules, and be kind. If you see any hatred, arguing, etc. Please report the comment so it can be removed. If you do not agree with this post, do not participate. It is that simple.


*  **NO SOURCE TALK**. This is very important for a variety of what we hope are obvious reasons.

*  **NO FIGHTING**. Arguing and ridiculing others will only get your comment deleted. Constructive criticism only. Post anything that is on topic. This involves how cycles change close to competition prep, what has worked for you in the past, before/after cycle pictures, dietary changes with different compounds, etc.

*  Questions are allowed, but should be limited. /r/steroids has a specific thread just for new comers, where you can get amazing answers from some of the most knowledgeable people. Lab talk is alright, but remember how to get a particular lab's product would be prohibited source talk.

*  We hope everybody enjoys this thread Thanks to the /r/steroids community to help make this work. They have been a huge help and will be chiming in on this post.",6,2023-08-19 05:00:04,26,https://www.reddit.com/r/bodybuilding/comments/15v6qrd/steroid_saturday/
"6 week out Swedish Nationals🇸🇪, 20y, natty",,81,2023-08-12 21:14:33,18,https://i.redd.it/bp0y02llwqhb1.jpg
Steroid Saturday,"Welcome to the steroid Saturday discussion. Please follow the rules, and be kind. If you see any hatred, arguing, etc. Please report the comment so it can be removed. If you do not agree with this post, do not participate. It is that simple.


*  **NO SOURCE TALK**. This is very important for a variety of what we hope are obvious reasons.

*  **NO FIGHTING**. Arguing and ridiculing others will only get your comment deleted. Constructive criticism only. Post anything that is on topic. This involves how cycles change close to competition prep, what has worked for you in the past, before/after cycle pictures, dietary changes with different compounds, etc.

*  Questions are allowed, but should be limited. /r/steroids has a specific thread just for new comers, where you can get amazing answers from some of the most knowledgeable people. Lab talk is alright, but remember how to get a particular lab's product would be prohibited source talk.

*  We hope everybody enjoys this thread Thanks to the /r/steroids community to help make this work. They have been a huge help and will be chiming in on this post.",1,2023-08-12 05:00:03,13,https://www.reddit.com/r/bodybuilding/comments/15ovapv/steroid_saturday/
Shorts came in. 3 weeks out. Natty,,512,2023-08-11 11:43:23,235,https://www.reddit.com/gallery/15o6mux
Natty / 23 / Jnr Amateur Bodybuiling // Jamaican Bodybuilding 🇯🇲,"I entered this competition last year and ended up in 4th place. Entered this year and won the Junior, Novice Bodybuilding and Elite Category. Completed swept my country’s Amateur Competition held each year. I’ll be competing in the Natl’s in 3 weeks. I promised to keep you guys update well here it is. Some posing and some highlights from the show 🙏🏾",143,2023-08-10 15:57:55,16,https://v.redd.it/f7nhfnu42bhb1
Steroid Saturday,"Welcome to the steroid Saturday discussion. Please follow the rules, and be kind. If you see any hatred, arguing, etc. Please report the comment so it can be removed. If you do not agree with this post, do not participate. It is that simple.


*  **NO SOURCE TALK**. This is very important for a variety of what we hope are obvious reasons.

*  **NO FIGHTING**. Arguing and ridiculing others will only get your comment deleted. Constructive criticism only. Post anything that is on topic. This involves how cycles change close to competition prep, what has worked for you in the past, before/after cycle pictures, dietary changes with different compounds, etc.

*  Questions are allowed, but should be limited. /r/steroids has a specific thread just for new comers, where you can get amazing answers from some of the most knowledgeable people. Lab talk is alright, but remember how to get a particular lab's product would be prohibited source talk.

*  We hope everybody enjoys this thread Thanks to the /r/steroids community to help make this work. They have been a huge help and will be chiming in on this post.",1,2023-08-05 05:00:03,9,https://www.reddit.com/r/bodybuilding/comments/15imfqo/steroid_saturday/
4 weeks out NPC North Americans - Mens Physique,"2.5 weeks out of a local warm up show, 4 weeks out of NPC North Americans. Very happy with current shape, shredding up nicely. Energy low, legs feeling like cinder blocks but this is the shit I live for. Coming for that pro card and nothing will stop me 😤",88,2023-08-01 19:18:14,18,https://www.reddit.com/gallery/15flxti
Natty // 23 // Mr. Junior Jamaica // 1st place // 161.2 stage weight // 5’7 // Posing Routine from judges’ POV // ,"Again, view profile for backstory. Feel free to visit socials for more details about why this win was so special to me. I completely won all the bodybuilding categories as a junior!! Also, came to this page for some dietary recommendations & it PAID OFFF 🙏🏾💪🏾",20,2023-08-01 07:42:24,1,https://v.redd.it/2h8j9umhdgfb1
"23/ Natty / Winning Mr. Junior Jamaica , Novice Bodybuilding & Elite Bodybuilding Overall at JABBFA// Amateur Bodybuilding Competition in Jamaica","Please view my profile for some back story. I completely swept the competition by winning all the bodybuilding categories as a Junior!!! 😅 This will be my final year as a Junior & my second ever bodybuilding show (view Reddit profile for backstory. I weighed 161.2 on stage & I’m 5’7. ALSO, competed against some amazing Juniors & let’s just say, the future of Jamaican bodybuilding is in good hands 🏆🏆🏆🙏🏾 I WILL POST POSING ROUTINE AS WELL AS OFFICIAL PICTURES SOON!! Also Thanks Reddit!!!",58,2023-08-01 07:25:57,3,https://www.reddit.com/gallery/15f5apy
Steroid Saturday,"Welcome to the steroid Saturday discussion. Please follow the rules, and be kind. If you see any hatred, arguing, etc. Please report the comment so it can be removed. If you do not agree with this post, do not participate. It is that simple.


*  **NO SOURCE TALK**. This is very important for a variety of what we hope are obvious reasons.

*  **NO FIGHTING**. Arguing and ridiculing others will only get your comment deleted. Constructive criticism only. Post anything that is on topic. This involves how cycles change close to competition prep, what has worked for you in the past, before/after cycle pictures, dietary changes with different compounds, etc.

*  Questions are allowed, but should be limited. /r/steroids has a specific thread just for new comers, where you can get amazing answers from some of the most knowledgeable people. Lab talk is alright, but remember how to get a particular lab's product would be prohibited source talk.

*  We hope everybody enjoys this thread Thanks to the /r/steroids community to help make this work. They have been a huge help and will be chiming in on this post.",4,2023-07-29 05:00:03,22,https://www.reddit.com/r/bodybuilding/comments/15cjdbb/steroid_saturday/
Competed in my first show. Seeking constructive criticism.,"24 years old, 5'9 / 177cm. Former fat powerlifter, got injured, so I decided to give bodybuilding a stab.

[Start of prep, February 2023, 177 lbs](https://imgur.com/a/zRGZjxL)

[Various pics 2 weeks out to show day in no particular order, 147-151 lbs](https://imgur.com/a/G2XAW5J)

[Show day](https://imgur.com/a/XKSpPnN)

I competed in two shows, each 1 week apart. Placed first in Debut A, 2nd in Novice, and 4th in Open A for my first show. Placed 4th in Open B for my second show. 

Any suggestions/critiques? I'm planning on taking a 2+ year offseason to build more muscle, so I can go for my natty pro card next round. In my opinion my back needs a lot of work -- I got smoked from the back. Also just more size overall, especially in the arms. You can see here, going from 177 to 150, [my arms basically disintegrated.](https://imgur.com/a/LIjxxpR) All constructive feedback appreciated.",1,2023-07-25 23:08:01,1,https://www.reddit.com/r/bodybuilding/comments/159obw5/competed_in_my_first_show_seeking_constructive/
Steroid Saturday,"Welcome to the steroid Saturday discussion. Please follow the rules, and be kind. If you see any hatred, arguing, etc. Please report the comment so it can be removed. If you do not agree with this post, do not participate. It is that simple.


*  **NO SOURCE TALK**. This is very important for a variety of what we hope are obvious reasons.

*  **NO FIGHTING**. Arguing and ridiculing others will only get your comment deleted. Constructive criticism only. Post anything that is on topic. This involves how cycles change close to competition prep, what has worked for you in the past, before/after cycle pictures, dietary changes with different compounds, etc.

*  Questions are allowed, but should be limited. /r/steroids has a specific thread just for new comers, where you can get amazing answers from some of the most knowledgeable people. Lab talk is alright, but remember how to get a particular lab's product would be prohibited source talk.

*  We hope everybody enjoys this thread Thanks to the /r/steroids community to help make this work. They have been a huge help and will be chiming in on this post.",5,2023-07-22 05:00:03,35,https://www.reddit.com/r/bodybuilding/comments/156amz2/steroid_saturday/
Steroid Saturday,"Welcome to the steroid Saturday discussion. Please follow the rules, and be kind. If you see any hatred, arguing, etc. Please report the comment so it can be removed. If you do not agree with this post, do not participate. It is that simple.


*  **NO SOURCE TALK**. This is very important for a variety of what we hope are obvious reasons.

*  **NO FIGHTING**. Arguing and ridiculing others will only get your comment deleted. Constructive criticism only. Post anything that is on topic. This involves how cycles change close to competition prep, what has worked for you in the past, before/after cycle pictures, dietary changes with different compounds, etc.

*  Questions are allowed, but should be limited. /r/steroids has a specific thread just for new comers, where you can get amazing answers from some of the most knowledgeable people. Lab talk is alright, but remember how to get a particular lab's product would be prohibited source talk.

*  We hope everybody enjoys this thread Thanks to the /r/steroids community to help make this work. They have been a huge help and will be chiming in on this post.",5,2023-07-15 05:00:03,14,https://www.reddit.com/r/bodybuilding/comments/1502imb/steroid_saturday/
Steroid Saturday,"Welcome to the steroid Saturday discussion. Please follow the rules, and be kind. If you see any hatred, arguing, etc. Please report the comment so it can be removed. If you do not agree with this post, do not participate. It is that simple.


*  **NO SOURCE TALK**. This is very important for a variety of what we hope are obvious reasons.

*  **NO FIGHTING**. Arguing and ridiculing others will only get your comment deleted. Constructive criticism only. Post anything that is on topic. This involves how cycles change close to competition prep, what has worked for you in the past, before/after cycle pictures, dietary changes with different compounds, etc.

*  Questions are allowed, but should be limited. /r/steroids has a specific thread just for new comers, where you can get amazing answers from some of the most knowledgeable people. Lab talk is alright, but remember how to get a particular lab's product would be prohibited source talk.

*  We hope everybody enjoys this thread Thanks to the /r/steroids community to help make this work. They have been a huge help and will be chiming in on this post.",4,2023-07-08 05:00:03,9,https://www.reddit.com/r/bodybuilding/comments/14tuacc/steroid_saturday/
Steroid Saturday,"Welcome to the steroid Saturday discussion. Please follow the rules, and be kind. If you see any hatred, arguing, etc. Please report the comment so it can be removed. If you do not agree with this post, do not participate. It is that simple.


*  **NO SOURCE TALK**. This is very important for a variety of what we hope are obvious reasons.

*  **NO FIGHTING**. Arguing and ridiculing others will only get your comment deleted. Constructive criticism only. Post anything that is on topic. This involves how cycles change close to competition prep, what has worked for you in the past, before/after cycle pictures, dietary changes with different compounds, etc.

*  Questions are allowed, but should be limited. /r/steroids has a specific thread just for new comers, where you can get amazing answers from some of the most knowledgeable people. Lab talk is alright, but remember how to get a particular lab's product would be prohibited source talk.

*  We hope everybody enjoys this thread Thanks to the /r/steroids community to help make this work. They have been a huge help and will be chiming in on this post.",3,2023-07-01 05:00:04,15,https://www.reddit.com/r/bodybuilding/comments/14nm3t0/steroid_saturday/
Check in 15 days out,15 days out. Natty pro card on the line. 166.7. A little ahead of schedule but a re-feed tonight,18,2023-07-01 03:40:04,3,https://www.reddit.com/gallery/14nkml2
13 weeks out from the OCB Natty Viking/Men’s Physique,178.0 fasted this morning!,32,2023-06-29 18:24:53,14,https://www.reddit.com/gallery/14mcexa
Steroid Saturday,"Welcome to the steroid Saturday discussion. Please follow the rules, and be kind. If you see any hatred, arguing, etc. Please report the comment so it can be removed. If you do not agree with this post, do not participate. It is that simple.


*  **NO SOURCE TALK**. This is very important for a variety of what we hope are obvious reasons.

*  **NO FIGHTING**. Arguing and ridiculing others will only get your comment deleted. Constructive criticism only. Post anything that is on topic. This involves how cycles change close to competition prep, what has worked for you in the past, before/after cycle pictures, dietary changes with different compounds, etc.

*  Questions are allowed, but should be limited. /r/steroids has a specific thread just for new comers, where you can get amazing answers from some of the most knowledgeable people. Lab talk is alright, but remember how to get a particular lab's product would be prohibited source talk.

*  We hope everybody enjoys this thread Thanks to the /r/steroids community to help make this work. They have been a huge help and will be chiming in on this post.",6,2023-06-24 05:00:04,3,https://www.reddit.com/r/bodybuilding/comments/14hjvh2/steroid_saturday/
"10 weeks out, first natural men’s physique show!","So far prep has been great! Training intensity is still high and the scale keeps slowly coming down. 6’0” 184lbs fasted. Looking forward to dialing things up soon with the diet to get shredded. Bad lighting for the check-ins, very humbling haha. any feedback is welcome!",142,2023-06-17 17:21:56,46,https://www.reddit.com/gallery/14bwjeb
Steroid Saturday,"Welcome to the steroid Saturday discussion. Please follow the rules, and be kind. If you see any hatred, arguing, etc. Please report the comment so it can be removed. If you do not agree with this post, do not participate. It is that simple.


*  **NO SOURCE TALK**. This is very important for a variety of what we hope are obvious reasons.

*  **NO FIGHTING**. Arguing and ridiculing others will only get your comment deleted. Constructive criticism only. Post anything that is on topic. This involves how cycles change close to competition prep, what has worked for you in the past, before/after cycle pictures, dietary changes with different compounds, etc.

*  Questions are allowed, but should be limited. /r/steroids has a specific thread just for new comers, where you can get amazing answers from some of the most knowledgeable people. Lab talk is alright, but remember how to get a particular lab's product would be prohibited source talk.

*  We hope everybody enjoys this thread Thanks to the /r/steroids community to help make this work. They have been a huge help and will be chiming in on this post.",8,2023-06-17 05:00:03,12,https://www.reddit.com/r/bodybuilding/comments/14bhuqr/steroid_saturday/
8 Weeks Out - Natural Pro Qualifier Attempt (Nationals) ,"The natty nemesis of r/bodybuilding is back again this week for a check in! Your opportunity to troll is here again! Sitting at 189lbs, 5 foot 9.5 inches tall, and 36 years old. 

Bust out the popcorn, it's sure to be a wild ride in here as usual. ",115,2023-06-10 12:49:18,45,https://v.redd.it/x8bb05sps65b1
Steroid Saturday,"Welcome to the steroid Saturday discussion. Please follow the rules, and be kind. If you see any hatred, arguing, etc. Please report the comment so it can be removed. If you do not agree with this post, do not participate. It is that simple.


*  **NO SOURCE TALK**. This is very important for a variety of what we hope are obvious reasons.

*  **NO FIGHTING**. Arguing and ridiculing others will only get your comment deleted. Constructive criticism only. Post anything that is on topic. This involves how cycles change close to competition prep, what has worked for you in the past, before/after cycle pictures, dietary changes with different compounds, etc.

*  Questions are allowed, but should be limited. /r/steroids has a specific thread just for new comers, where you can get amazing answers from some of the most knowledgeable people. Lab talk is alright, but remember how to get a particular lab's product would be prohibited source talk.

*  We hope everybody enjoys this thread Thanks to the /r/steroids community to help make this work. They have been a huge help and will be chiming in on this post.",8,2023-06-10 05:00:04,9,https://www.reddit.com/r/bodybuilding/comments/145qzeb/steroid_saturday/
Steroid Saturday,"Welcome to the steroid Saturday discussion. Please follow the rules, and be kind. If you see any hatred, arguing, etc. Please report the comment so it can be removed. If you do not agree with this post, do not participate. It is that simple.


*  **NO SOURCE TALK**. This is very important for a variety of what we hope are obvious reasons.

*  **NO FIGHTING**. Arguing and ridiculing others will only get your comment deleted. Constructive criticism only. Post anything that is on topic. This involves how cycles change close to competition prep, what has worked for you in the past, before/after cycle pictures, dietary changes with different compounds, etc.

*  Questions are allowed, but should be limited. /r/steroids has a specific thread just for new comers, where you can get amazing answers from some of the most knowledgeable people. Lab talk is alright, but remember how to get a particular lab's product would be prohibited source talk.

*  We hope everybody enjoys this thread Thanks to the /r/steroids community to help make this work. They have been a huge help and will be chiming in on this post.",14,2023-06-03 05:00:03,77,https://www.reddit.com/r/bodybuilding/comments/13z1ew1/steroid_saturday/
"10 weeks out - Natural Pro Qualifier (Nationals, Pro Card Attempt)","The natty nemesis of r/bodybuilding is back! Some think I'm hiding the legs so I made sure to show them this time. I'm attending a posing seminar today to lock in some important details and get things square for show day. Your good faith critique is much appreciated, as always! ",260,2023-05-27 13:14:59,81,https://v.redd.it/g058ofoyid2b1
Steroid Saturday,"Welcome to the steroid Saturday discussion. Please follow the rules, and be kind. If you see any hatred, arguing, etc. Please report the comment so it can be removed. If you do not agree with this post, do not participate. It is that simple.


*  **NO SOURCE TALK**. This is very important for a variety of what we hope are obvious reasons.

*  **NO FIGHTING**. Arguing and ridiculing others will only get your comment deleted. Constructive criticism only. Post anything that is on topic. This involves how cycles change close to competition prep, what has worked for you in the past, before/after cycle pictures, dietary changes with different compounds, etc.

*  Questions are allowed, but should be limited. /r/steroids has a specific thread just for new comers, where you can get amazing answers from some of the most knowledgeable people. Lab talk is alright, but remember how to get a particular lab's product would be prohibited source talk.

*  We hope everybody enjoys this thread Thanks to the /r/steroids community to help make this work. They have been a huge help and will be chiming in on this post.",6,2023-05-27 05:00:04,30,https://www.reddit.com/r/bodybuilding/comments/13sygo2/steroid_saturday/
"3 / 8 Weeks Out, Natty Pro Shows","Got a warm up show in a few weeks to get the rust off and then the show that matters in about two months against some guys that I really look up to.

5’11.5 @ 189",462,2023-05-23 14:30:54,128,https://www.reddit.com/gallery/13pq88n
14 weeks out first natural men’s physique show!,"Super excited to get dialed in and shredded. Feedback is welcome. 
I know I could have brought more size before stepping into this prep but I’ve been working out over 6 years now and the stage is an itch I’ve been needing to scratch!",101,2023-05-22 00:46:59,22,https://www.reddit.com/gallery/13obm56
Steroid Saturday,"Welcome to the steroid Saturday discussion. Please follow the rules, and be kind. If you see any hatred, arguing, etc. Please report the comment so it can be removed. If you do not agree with this post, do not participate. It is that simple.


*  **NO SOURCE TALK**. This is very important for a variety of what we hope are obvious reasons.

*  **NO FIGHTING**. Arguing and ridiculing others will only get your comment deleted. Constructive criticism only. Post anything that is on topic. This involves how cycles change close to competition prep, what has worked for you in the past, before/after cycle pictures, dietary changes with different compounds, etc.

*  Questions are allowed, but should be limited. /r/steroids has a specific thread just for new comers, where you can get amazing answers from some of the most knowledgeable people. Lab talk is alright, but remember how to get a particular lab's product would be prohibited source talk.

*  We hope everybody enjoys this thread Thanks to the /r/steroids community to help make this work. They have been a huge help and will be chiming in on this post.",5,2023-05-20 05:00:04,12,https://www.reddit.com/r/bodybuilding/comments/13mig47/steroid_saturday/
Steroid Saturday,"Welcome to the steroid Saturday discussion. Please follow the rules, and be kind. If you see any hatred, arguing, etc. Please report the comment so it can be removed. If you do not agree with this post, do not participate. It is that simple.


*  **NO SOURCE TALK**. This is very important for a variety of what we hope are obvious reasons.

*  **NO FIGHTING**. Arguing and ridiculing others will only get your comment deleted. Constructive criticism only. Post anything that is on topic. This involves how cycles change close to competition prep, what has worked for you in the past, before/after cycle pictures, dietary changes with different compounds, etc.

*  Questions are allowed, but should be limited. /r/steroids has a specific thread just for new comers, where you can get amazing answers from some of the most knowledgeable people. Lab talk is alright, but remember how to get a particular lab's product would be prohibited source talk.

*  We hope everybody enjoys this thread Thanks to the /r/steroids community to help make this work. They have been a huge help and will be chiming in on this post.",10,2023-05-13 05:00:03,43,https://www.reddit.com/r/bodybuilding/comments/13g7rr6/steroid_saturday/
8 days out. First prep of my life. Natty,,183,2023-05-12 08:52:14,38,https://www.reddit.com/gallery/13ffd40
Steroid Saturday,"Welcome to the steroid Saturday discussion. Please follow the rules, and be kind. If you see any hatred, arguing, etc. Please report the comment so it can be removed. If you do not agree with this post, do not participate. It is that simple.


*  **NO SOURCE TALK**. This is very important for a variety of what we hope are obvious reasons.

*  **NO FIGHTING**. Arguing and ridiculing others will only get your comment deleted. Constructive criticism only. Post anything that is on topic. This involves how cycles change close to competition prep, what has worked for you in the past, before/after cycle pictures, dietary changes with different compounds, etc.

*  Questions are allowed, but should be limited. /r/steroids has a specific thread just for new comers, where you can get amazing answers from some of the most knowledgeable people. Lab talk is alright, but remember how to get a particular lab's product would be prohibited source talk.

*  We hope everybody enjoys this thread Thanks to the /r/steroids community to help make this work. They have been a huge help and will be chiming in on this post.",1,2023-05-06 05:00:04,5,https://www.reddit.com/r/bodybuilding/comments/139cnes/steroid_saturday/
Natty 23 // Amateur Jnr BB in Jamaica // 10 Weeks Out // 3.4 Years of Training // 1 year update.,"Just some insights. Last year I made a post here about two weeks out and asked for some advice after accepting to join an amateur Bodybuilding show in my country Jamaica around 2-3 weeks prior because what’s the worst that could happen. Well I came back a little earlier with 10 weeks to spare in hopes to get some more advice of dieting. I know I am behind again but the help is always welcomed. I currently am working with 200G Protein, 65G of Fats & 90G carbs bulk of which is ate before my workout). I only have been doing 30 minutes cardio three times a week as I don’t do cardio on my two leg days. Any tips on getting more lean? Will keep you all updated. Also, still no coach just been raw dogging it and ensuring that my Macros for the last 3 weeks being met. ",92,2023-05-06 03:48:10,12,https://v.redd.it/4iqweoekc6ya1
10 weeks out Natty pro card here we come,,475,2023-05-06 00:19:56,154,https://i.redd.it/wo0zzwmgb5ya1.jpg
"23 y/o, 5’8, 183. 13 weeks out my first show, Natty Men’s Physique",,325,2023-05-05 04:35:05,41,https://www.reddit.com/gallery/138ar0h
Steroid Saturday,"Welcome to the steroid Saturday discussion. Please follow the rules, and be kind. If you see any hatred, arguing, etc. Please report the comment so it can be removed. If you do not agree with this post, do not participate. It is that simple.


*  **NO SOURCE TALK**. This is very important for a variety of what we hope are obvious reasons.

*  **NO FIGHTING**. Arguing and ridiculing others will only get your comment deleted. Constructive criticism only. Post anything that is on topic. This involves how cycles change close to competition prep, what has worked for you in the past, before/after cycle pictures, dietary changes with different compounds, etc.

*  Questions are allowed, but should be limited. /r/steroids has a specific thread just for new comers, where you can get amazing answers from some of the most knowledgeable people. Lab talk is alright, but remember how to get a particular lab's product would be prohibited source talk.

*  We hope everybody enjoys this thread Thanks to the /r/steroids community to help make this work. They have been a huge help and will be chiming in on this post.",6,2023-04-29 05:00:04,5,https://www.reddit.com/r/bodybuilding/comments/132jpqz/steroid_saturday/
Steroid Saturday,"Welcome to the steroid Saturday discussion. Please follow the rules, and be kind. If you see any hatred, arguing, etc. Please report the comment so it can be removed. If you do not agree with this post, do not participate. It is that simple.


*  **NO SOURCE TALK**. This is very important for a variety of what we hope are obvious reasons.

*  **NO FIGHTING**. Arguing and ridiculing others will only get your comment deleted. Constructive criticism only. Post anything that is on topic. This involves how cycles change close to competition prep, what has worked for you in the past, before/after cycle pictures, dietary changes with different compounds, etc.

*  Questions are allowed, but should be limited. /r/steroids has a specific thread just for new comers, where you can get amazing answers from some of the most knowledgeable people. Lab talk is alright, but remember how to get a particular lab's product would be prohibited source talk.

*  We hope everybody enjoys this thread Thanks to the /r/steroids community to help make this work. They have been a huge help and will be chiming in on this post.",0,2023-04-22 05:00:04,6,https://www.reddit.com/r/bodybuilding/comments/12uv9dr/steroid_saturday/
3 weeks out from my first OCB show,"Conditioning is improving but I still gotta keep my foot on the gas. Also, keep the fake natty accusations coming, they’re good for engagement lol. Though I’d like every person who thinks I’m lying about being natural to post what they think is the natty limit in the replies",70,2023-04-21 05:07:02,17,https://www.reddit.com/gallery/12tr2tp
Steroid Saturday,"Welcome to the steroid Saturday discussion. Please follow the rules, and be kind. If you see any hatred, arguing, etc. Please report the comment so it can be removed. If you do not agree with this post, do not participate. It is that simple.


*  **NO SOURCE TALK**. This is very important for a variety of what we hope are obvious reasons.

*  **NO FIGHTING**. Arguing and ridiculing others will only get your comment deleted. Constructive criticism only. Post anything that is on topic. This involves how cycles change close to competition prep, what has worked for you in the past, before/after cycle pictures, dietary changes with different compounds, etc.

*  Questions are allowed, but should be limited. /r/steroids has a specific thread just for new comers, where you can get amazing answers from some of the most knowledgeable people. Lab talk is alright, but remember how to get a particular lab's product would be prohibited source talk.

*  We hope everybody enjoys this thread Thanks to the /r/steroids community to help make this work. They have been a huge help and will be chiming in on this post.",0,2023-04-15 05:00:04,16,https://www.reddit.com/r/bodybuilding/comments/12mqnbu/steroid_saturday/
5 weeks out first competition of my life. Natty,,377,2023-04-14 14:44:53,78,https://www.reddit.com/gallery/12lzmab
Vegetarian and lifetime natty. Just competed again after a six year pause. Took 1st in Open Bodybuilding.,,548,2023-04-11 14:38:30,207,https://www.reddit.com/gallery/12ilv7p
Steroid Saturday,"Welcome to the steroid Saturday discussion. Please follow the rules, and be kind. If you see any hatred, arguing, etc. Please report the comment so it can be removed. If you do not agree with this post, do not participate. It is that simple.


*  **NO SOURCE TALK**. This is very important for a variety of what we hope are obvious reasons.

*  **NO FIGHTING**. Arguing and ridiculing others will only get your comment deleted. Constructive criticism only. Post anything that is on topic. This involves how cycles change close to competition prep, what has worked for you in the past, before/after cycle pictures, dietary changes with different compounds, etc.

*  Questions are allowed, but should be limited. /r/steroids has a specific thread just for new comers, where you can get amazing answers from some of the most knowledgeable people. Lab talk is alright, but remember how to get a particular lab's product would be prohibited source talk.

*  We hope everybody enjoys this thread Thanks to the /r/steroids community to help make this work. They have been a huge help and will be chiming in on this post.",0,2023-04-08 05:00:04,1,https://www.reddit.com/r/bodybuilding/comments/12fc4ao/steroid_saturday/
Steroid Saturday,"Welcome to the steroid Saturday discussion. Please follow the rules, and be kind. If you see any hatred, arguing, etc. Please report the comment so it can be removed. If you do not agree with this post, do not participate. It is that simple.


*  **NO SOURCE TALK**. This is very important for a variety of what we hope are obvious reasons.

*  **NO FIGHTING**. Arguing and ridiculing others will only get your comment deleted. Constructive criticism only. Post anything that is on topic. This involves how cycles change close to competition prep, what has worked for you in the past, before/after cycle pictures, dietary changes with different compounds, etc.

*  Questions are allowed, but should be limited. /r/steroids has a specific thread just for new comers, where you can get amazing answers from some of the most knowledgeable people. Lab talk is alright, but remember how to get a particular lab's product would be prohibited source talk.

*  We hope everybody enjoys this thread Thanks to the /r/steroids community to help make this work. They have been a huge help and will be chiming in on this post.",2,2023-04-01 05:00:03,13,https://www.reddit.com/r/bodybuilding/comments/128bs0j/steroid_saturday/
6 weeks out from my first natty show,,35,2023-03-30 21:56:52,5,https://www.reddit.com/gallery/1270k9z
Steroid Saturday,"Welcome to the steroid Saturday discussion. Please follow the rules, and be kind. If you see any hatred, arguing, etc. Please report the comment so it can be removed. If you do not agree with this post, do not participate. It is that simple.


*  **NO SOURCE TALK**. This is very important for a variety of what we hope are obvious reasons.

*  **NO FIGHTING**. Arguing and ridiculing others will only get your comment deleted. Constructive criticism only. Post anything that is on topic. This involves how cycles change close to competition prep, what has worked for you in the past, before/after cycle pictures, dietary changes with different compounds, etc.

*  Questions are allowed, but should be limited. /r/steroids has a specific thread just for new comers, where you can get amazing answers from some of the most knowledgeable people. Lab talk is alright, but remember how to get a particular lab's product would be prohibited source talk.

*  We hope everybody enjoys this thread Thanks to the /r/steroids community to help make this work. They have been a huge help and will be chiming in on this post.",6,2023-03-25 05:00:05,21,https://www.reddit.com/r/bodybuilding/comments/121b9wo/steroid_saturday/
5 weeks out from first show 188 5’9 natty,,684,2023-03-21 06:36:35,140,https://www.reddit.com/gallery/11x8zk3
Steroid Saturday,"Welcome to the steroid Saturday discussion. Please follow the rules, and be kind. If you see any hatred, arguing, etc. Please report the comment so it can be removed. If you do not agree with this post, do not participate. It is that simple.


*  **NO SOURCE TALK**. This is very important for a variety of what we hope are obvious reasons.

*  **NO FIGHTING**. Arguing and ridiculing others will only get your comment deleted. Constructive criticism only. Post anything that is on topic. This involves how cycles change close to competition prep, what has worked for you in the past, before/after cycle pictures, dietary changes with different compounds, etc.

*  Questions are allowed, but should be limited. /r/steroids has a specific thread just for new comers, where you can get amazing answers from some of the most knowledgeable people. Lab talk is alright, but remember how to get a particular lab's product would be prohibited source talk.

*  We hope everybody enjoys this thread Thanks to the /r/steroids community to help make this work. They have been a huge help and will be chiming in on this post.",4,2023-03-18 05:00:03,31,https://www.reddit.com/r/bodybuilding/comments/11uewnk/steroid_saturday/
Steroid Saturday,"Welcome to the steroid Saturday discussion. Please follow the rules, and be kind. If you see any hatred, arguing, etc. Please report the comment so it can be removed. If you do not agree with this post, do not participate. It is that simple.


*  **NO SOURCE TALK**. This is very important for a variety of what we hope are obvious reasons.

*  **NO FIGHTING**. Arguing and ridiculing others will only get your comment deleted. Constructive criticism only. Post anything that is on topic. This involves how cycles change close to competition prep, what has worked for you in the past, before/after cycle pictures, dietary changes with different compounds, etc.

*  Questions are allowed, but should be limited. /r/steroids has a specific thread just for new comers, where you can get amazing answers from some of the most knowledgeable people. Lab talk is alright, but remember how to get a particular lab's product would be prohibited source talk.

*  We hope everybody enjoys this thread Thanks to the /r/steroids community to help make this work. They have been a huge help and will be chiming in on this post.",5,2023-03-11 05:00:04,21,https://www.reddit.com/r/bodybuilding/comments/11ob8w8/steroid_saturday/
Steroid Saturday,"Welcome to the steroid Saturday discussion. Please follow the rules, and be kind. If you see any hatred, arguing, etc. Please report the comment so it can be removed. If you do not agree with this post, do not participate. It is that simple.


*  **NO SOURCE TALK**. This is very important for a variety of what we hope are obvious reasons.

*  **NO FIGHTING**. Arguing and ridiculing others will only get your comment deleted. Constructive criticism only. Post anything that is on topic. This involves how cycles change close to competition prep, what has worked for you in the past, before/after cycle pictures, dietary changes with different compounds, etc.

*  Questions are allowed, but should be limited. /r/steroids has a specific thread just for new comers, where you can get amazing answers from some of the most knowledgeable people. Lab talk is alright, but remember how to get a particular lab's product would be prohibited source talk.

*  We hope everybody enjoys this thread Thanks to the /r/steroids community to help make this work. They have been a huge help and will be chiming in on this post.",8,2023-03-04 05:00:04,5,https://www.reddit.com/r/bodybuilding/comments/11hq2rf/steroid_saturday/
Steroid Saturday,"Welcome to the steroid Saturday discussion. Please follow the rules, and be kind. If you see any hatred, arguing, etc. Please report the comment so it can be removed. If you do not agree with this post, do not participate. It is that simple.


*  **NO SOURCE TALK**. This is very important for a variety of what we hope are obvious reasons.

*  **NO FIGHTING**. Arguing and ridiculing others will only get your comment deleted. Constructive criticism only. Post anything that is on topic. This involves how cycles change close to competition prep, what has worked for you in the past, before/after cycle pictures, dietary changes with different compounds, etc.

*  Questions are allowed, but should be limited. /r/steroids has a specific thread just for new comers, where you can get amazing answers from some of the most knowledgeable people. Lab talk is alright, but remember how to get a particular lab's product would be prohibited source talk.

*  We hope everybody enjoys this thread Thanks to the /r/steroids community to help make this work. They have been a huge help and will be chiming in on this post.",4,2023-02-25 05:00:04,11,https://www.reddit.com/r/bodybuilding/comments/11bcin4/steroid_saturday/
Steroid Saturday,"Welcome to the steroid Saturday discussion. Please follow the rules, and be kind. If you see any hatred, arguing, etc. Please report the comment so it can be removed. If you do not agree with this post, do not participate. It is that simple.


*  **NO SOURCE TALK**. This is very important for a variety of what we hope are obvious reasons.

*  **NO FIGHTING**. Arguing and ridiculing others will only get your comment deleted. Constructive criticism only. Post anything that is on topic. This involves how cycles change close to competition prep, what has worked for you in the past, before/after cycle pictures, dietary changes with different compounds, etc.

*  Questions are allowed, but should be limited. /r/steroids has a specific thread just for new comers, where you can get amazing answers from some of the most knowledgeable people. Lab talk is alright, but remember how to get a particular lab's product would be prohibited source talk.

*  We hope everybody enjoys this thread Thanks to the /r/steroids community to help make this work. They have been a huge help and will be chiming in on this post.",6,2023-02-18 05:00:05,12,https://www.reddit.com/r/bodybuilding/comments/1157bmk/steroid_saturday/
Steroid Saturday,"Welcome to the steroid Saturday discussion. Please follow the rules, and be kind. If you see any hatred, arguing, etc. Please report the comment so it can be removed. If you do not agree with this post, do not participate. It is that simple.


*  **NO SOURCE TALK**. This is very important for a variety of what we hope are obvious reasons.

*  **NO FIGHTING**. Arguing and ridiculing others will only get your comment deleted. Constructive criticism only. Post anything that is on topic. This involves how cycles change close to competition prep, what has worked for you in the past, before/after cycle pictures, dietary changes with different compounds, etc.

*  Questions are allowed, but should be limited. /r/steroids has a specific thread just for new comers, where you can get amazing answers from some of the most knowledgeable people. Lab talk is alright, but remember how to get a particular lab's product would be prohibited source talk.

*  We hope everybody enjoys this thread Thanks to the /r/steroids community to help make this work. They have been a huge help and will be chiming in on this post.",7,2023-02-11 05:00:04,47,https://www.reddit.com/r/bodybuilding/comments/10zcp4b/steroid_saturday/
Steroid Saturday,"Welcome to the steroid Saturday discussion. Please follow the rules, and be kind. If you see any hatred, arguing, etc. Please report the comment so it can be removed. If you do not agree with this post, do not participate. It is that simple.


*  **NO SOURCE TALK**. This is very important for a variety of what we hope are obvious reasons.

*  **NO FIGHTING**. Arguing and ridiculing others will only get your comment deleted. Constructive criticism only. Post anything that is on topic. This involves how cycles change close to competition prep, what has worked for you in the past, before/after cycle pictures, dietary changes with different compounds, etc.

*  Questions are allowed, but should be limited. /r/steroids has a specific thread just for new comers, where you can get amazing answers from some of the most knowledgeable people. Lab talk is alright, but remember how to get a particular lab's product would be prohibited source talk.

*  We hope everybody enjoys this thread Thanks to the /r/steroids community to help make this work. They have been a huge help and will be chiming in on this post.",2,2023-02-04 05:00:04,0,https://www.reddit.com/r/bodybuilding/comments/10t5ipp/steroid_saturday/
Steroid Saturday,"Welcome to the steroid Saturday discussion. Please follow the rules, and be kind. If you see any hatred, arguing, etc. Please report the comment so it can be removed. If you do not agree with this post, do not participate. It is that simple.


*  **NO SOURCE TALK**. This is very important for a variety of what we hope are obvious reasons.

*  **NO FIGHTING**. Arguing and ridiculing others will only get your comment deleted. Constructive criticism only. Post anything that is on topic. This involves how cycles change close to competition prep, what has worked for you in the past, before/after cycle pictures, dietary changes with different compounds, etc.

*  Questions are allowed, but should be limited. /r/steroids has a specific thread just for new comers, where you can get amazing answers from some of the most knowledgeable people. Lab talk is alright, but remember how to get a particular lab's product would be prohibited source talk.

*  We hope everybody enjoys this thread Thanks to the /r/steroids community to help make this work. They have been a huge help and will be chiming in on this post.",9,2023-01-28 05:00:04,76,https://www.reddit.com/r/bodybuilding/comments/10n6o9d/steroid_saturday/
Steroid Saturday,"Welcome to the steroid Saturday discussion. Please follow the rules, and be kind. If you see any hatred, arguing, etc. Please report the comment so it can be removed. If you do not agree with this post, do not participate. It is that simple.


*  **NO SOURCE TALK**. This is very important for a variety of what we hope are obvious reasons.

*  **NO FIGHTING**. Arguing and ridiculing others will only get your comment deleted. Constructive criticism only. Post anything that is on topic. This involves how cycles change close to competition prep, what has worked for you in the past, before/after cycle pictures, dietary changes with different compounds, etc.

*  Questions are allowed, but should be limited. /r/steroids has a specific thread just for new comers, where you can get amazing answers from some of the most knowledgeable people. Lab talk is alright, but remember how to get a particular lab's product would be prohibited source talk.

*  We hope everybody enjoys this thread Thanks to the /r/steroids community to help make this work. They have been a huge help and will be chiming in on this post.",5,2023-01-21 05:00:04,28,https://www.reddit.com/r/bodybuilding/comments/10hj5nv/steroid_saturday/
Steroid Saturday,"Welcome to the steroid Saturday discussion. Please follow the rules, and be kind. If you see any hatred, arguing, etc. Please report the comment so it can be removed. If you do not agree with this post, do not participate. It is that simple.


*  **NO SOURCE TALK**. This is very important for a variety of what we hope are obvious reasons.

*  **NO FIGHTING**. Arguing and ridiculing others will only get your comment deleted. Constructive criticism only. Post anything that is on topic. This involves how cycles change close to competition prep, what has worked for you in the past, before/after cycle pictures, dietary changes with different compounds, etc.

*  Questions are allowed, but should be limited. /r/steroids has a specific thread just for new comers, where you can get amazing answers from some of the most knowledgeable people. Lab talk is alright, but remember how to get a particular lab's product would be prohibited source talk.

*  We hope everybody enjoys this thread Thanks to the /r/steroids community to help make this work. They have been a huge help and will be chiming in on this post.",8,2023-01-14 05:00:03,59,https://www.reddit.com/r/bodybuilding/comments/10bfyg6/steroid_saturday/
Steroid Saturday,"Welcome to the steroid Saturday discussion. Please follow the rules, and be kind. If you see any hatred, arguing, etc. Please report the comment so it can be removed. If you do not agree with this post, do not participate. It is that simple.


*  **NO SOURCE TALK**. This is very important for a variety of what we hope are obvious reasons.

*  **NO FIGHTING**. Arguing and ridiculing others will only get your comment deleted. Constructive criticism only. Post anything that is on topic. This involves how cycles change close to competition prep, what has worked for you in the past, before/after cycle pictures, dietary changes with different compounds, etc.

*  Questions are allowed, but should be limited. /r/steroids has a specific thread just for new comers, where you can get amazing answers from some of the most knowledgeable people. Lab talk is alright, but remember how to get a particular lab's product would be prohibited source talk.

*  We hope everybody enjoys this thread Thanks to the /r/steroids community to help make this work. They have been a huge help and will be chiming in on this post.",10,2023-01-07 05:00:04,98,https://www.reddit.com/r/bodybuilding/comments/105gbo6/steroid_saturday/
Steroid Saturday,"Welcome to the steroid Saturday discussion. Please follow the rules, and be kind. If you see any hatred, arguing, etc. Please report the comment so it can be removed. If you do not agree with this post, do not participate. It is that simple.


*  **NO SOURCE TALK**. This is very important for a variety of what we hope are obvious reasons.

*  **NO FIGHTING**. Arguing and ridiculing others will only get your comment deleted. Constructive criticism only. Post anything that is on topic. This involves how cycles change close to competition prep, what has worked for you in the past, before/after cycle pictures, dietary changes with different compounds, etc.

*  Questions are allowed, but should be limited. /r/steroids has a specific thread just for new comers, where you can get amazing answers from some of the most knowledgeable people. Lab talk is alright, but remember how to get a particular lab's product would be prohibited source talk.

*  We hope everybody enjoys this thread Thanks to the /r/steroids community to help make this work. They have been a huge help and will be chiming in on this post.",14,2022-12-31 05:00:04,44,https://www.reddit.com/r/bodybuilding/comments/zzlwi2/steroid_saturday/
Steroid Saturday,"Welcome to the steroid Saturday discussion. Please follow the rules, and be kind. If you see any hatred, arguing, etc. Please report the comment so it can be removed. If you do not agree with this post, do not participate. It is that simple.


*  **NO SOURCE TALK**. This is very important for a variety of what we hope are obvious reasons.

*  **NO FIGHTING**. Arguing and ridiculing others will only get your comment deleted. Constructive criticism only. Post anything that is on topic. This involves how cycles change close to competition prep, what has worked for you in the past, before/after cycle pictures, dietary changes with different compounds, etc.

*  Questions are allowed, but should be limited. /r/steroids has a specific thread just for new comers, where you can get amazing answers from some of the most knowledgeable people. Lab talk is alright, but remember how to get a particular lab's product would be prohibited source talk.

*  We hope everybody enjoys this thread Thanks to the /r/steroids community to help make this work. They have been a huge help and will be chiming in on this post.",8,2022-12-24 05:00:04,14,https://www.reddit.com/r/bodybuilding/comments/zu27ju/steroid_saturday/
Steroid Saturday,"Welcome to the steroid Saturday discussion. Please follow the rules, and be kind. If you see any hatred, arguing, etc. Please report the comment so it can be removed. If you do not agree with this post, do not participate. It is that simple.


*  **NO SOURCE TALK**. This is very important for a variety of what we hope are obvious reasons.

*  **NO FIGHTING**. Arguing and ridiculing others will only get your comment deleted. Constructive criticism only. Post anything that is on topic. This involves how cycles change close to competition prep, what has worked for you in the past, before/after cycle pictures, dietary changes with different compounds, etc.

*  Questions are allowed, but should be limited. /r/steroids has a specific thread just for new comers, where you can get amazing answers from some of the most knowledgeable people. Lab talk is alright, but remember how to get a particular lab's product would be prohibited source talk.

*  We hope everybody enjoys this thread Thanks to the /r/steroids community to help make this work. They have been a huge help and will be chiming in on this post.",16,2022-12-17 05:00:03,2,https://www.reddit.com/r/bodybuilding/comments/znyk7i/steroid_saturday/
Steroid Saturday,"Welcome to the steroid Saturday discussion. Please follow the rules, and be kind. If you see any hatred, arguing, etc. Please report the comment so it can be removed. If you do not agree with this post, do not participate. It is that simple.


*  **NO SOURCE TALK**. This is very important for a variety of what we hope are obvious reasons.

*  **NO FIGHTING**. Arguing and ridiculing others will only get your comment deleted. Constructive criticism only. Post anything that is on topic. This involves how cycles change close to competition prep, what has worked for you in the past, before/after cycle pictures, dietary changes with different compounds, etc.

*  Questions are allowed, but should be limited. /r/steroids has a specific thread just for new comers, where you can get amazing answers from some of the most knowledgeable people. Lab talk is alright, but remember how to get a particular lab's product would be prohibited source talk.

*  We hope everybody enjoys this thread Thanks to the /r/steroids community to help make this work. They have been a huge help and will be chiming in on this post.",9,2022-12-10 05:00:04,14,https://www.reddit.com/r/bodybuilding/comments/zhjf49/steroid_saturday/
Steroid Saturday,"Welcome to the steroid Saturday discussion. Please follow the rules, and be kind. If you see any hatred, arguing, etc. Please report the comment so it can be removed. If you do not agree with this post, do not participate. It is that simple.


*  **NO SOURCE TALK**. This is very important for a variety of what we hope are obvious reasons.

*  **NO FIGHTING**. Arguing and ridiculing others will only get your comment deleted. Constructive criticism only. Post anything that is on topic. This involves how cycles change close to competition prep, what has worked for you in the past, before/after cycle pictures, dietary changes with different compounds, etc.

*  Questions are allowed, but should be limited. /r/steroids has a specific thread just for new comers, where you can get amazing answers from some of the most knowledgeable people. Lab talk is alright, but remember how to get a particular lab's product would be prohibited source talk.

*  We hope everybody enjoys this thread Thanks to the /r/steroids community to help make this work. They have been a huge help and will be chiming in on this post.",11,2022-12-03 05:00:04,14,https://www.reddit.com/r/bodybuilding/comments/zb8515/steroid_saturday/
Steroid Saturday,"Welcome to the steroid Saturday discussion. Please follow the rules, and be kind. If you see any hatred, arguing, etc. Please report the comment so it can be removed. If you do not agree with this post, do not participate. It is that simple.


*  **NO SOURCE TALK**. This is very important for a variety of what we hope are obvious reasons.

*  **NO FIGHTING**. Arguing and ridiculing others will only get your comment deleted. Constructive criticism only. Post anything that is on topic. This involves how cycles change close to competition prep, what has worked for you in the past, before/after cycle pictures, dietary changes with different compounds, etc.

*  Questions are allowed, but should be limited. /r/steroids has a specific thread just for new comers, where you can get amazing answers from some of the most knowledgeable people. Lab talk is alright, but remember how to get a particular lab's product would be prohibited source talk.

*  We hope everybody enjoys this thread Thanks to the /r/steroids community to help make this work. They have been a huge help and will be chiming in on this post.",9,2022-11-26 05:00:03,38,https://www.reddit.com/r/bodybuilding/comments/z4yl82/steroid_saturday/
Steroid Saturday,"Welcome to the steroid Saturday discussion. Please follow the rules, and be kind. If you see any hatred, arguing, etc. Please report the comment so it can be removed. If you do not agree with this post, do not participate. It is that simple.


*  **NO SOURCE TALK**. This is very important for a variety of what we hope are obvious reasons.

*  **NO FIGHTING**. Arguing and ridiculing others will only get your comment deleted. Constructive criticism only. Post anything that is on topic. This involves how cycles change close to competition prep, what has worked for you in the past, before/after cycle pictures, dietary changes with different compounds, etc.

*  Questions are allowed, but should be limited. /r/steroids has a specific thread just for new comers, where you can get amazing answers from some of the most knowledgeable people. Lab talk is alright, but remember how to get a particular lab's product would be prohibited source talk.

*  We hope everybody enjoys this thread Thanks to the /r/steroids community to help make this work. They have been a huge help and will be chiming in on this post.",7,2022-11-19 05:00:04,3,https://www.reddit.com/r/bodybuilding/comments/yz4020/steroid_saturday/
"4 weeks out from my first bodybuilding comp. I’m pale as fuck and the lighting is off. 5,2” (158cm) 140lbs (62kg) 33 years old natty. Be as brutally honest as possible, I personally feel I desperately need a lot more conditioning and have since ramped up the cardio and dropped the calories a little.",,96,2022-11-18 11:31:31,24,https://www.reddit.com/gallery/yyhwak
2 weeks out 🥲 here are some comparisons from last year around the same time . Will be competing in the WPD at Nationals Dec 2. I could def use more mass and can def shred down more . Wish me luck,,184,2022-11-17 02:17:54,13,https://www.reddit.com/gallery/yxdopl
Steroid Saturday,"Welcome to the steroid Saturday discussion. Please follow the rules, and be kind. If you see any hatred, arguing, etc. Please report the comment so it can be removed. If you do not agree with this post, do not participate. It is that simple.


*  **NO SOURCE TALK**. This is very important for a variety of what we hope are obvious reasons.

*  **NO FIGHTING**. Arguing and ridiculing others will only get your comment deleted. Constructive criticism only. Post anything that is on topic. This involves how cycles change close to competition prep, what has worked for you in the past, before/after cycle pictures, dietary changes with different compounds, etc.

*  Questions are allowed, but should be limited. /r/steroids has a specific thread just for new comers, where you can get amazing answers from some of the most knowledgeable people. Lab talk is alright, but remember how to get a particular lab's product would be prohibited source talk.

*  We hope everybody enjoys this thread Thanks to the /r/steroids community to help make this work. They have been a huge help and will be chiming in on this post.",16,2022-11-12 05:00:03,142,https://www.reddit.com/r/bodybuilding/comments/ysx0cn/steroid_saturday/
Steroid Saturday,"Welcome to the steroid Saturday discussion. Please follow the rules, and be kind. If you see any hatred, arguing, etc. Please report the comment so it can be removed. If you do not agree with this post, do not participate. It is that simple.


*  **NO SOURCE TALK**. This is very important for a variety of what we hope are obvious reasons.

*  **NO FIGHTING**. Arguing and ridiculing others will only get your comment deleted. Constructive criticism only. Post anything that is on topic. This involves how cycles change close to competition prep, what has worked for you in the past, before/after cycle pictures, dietary changes with different compounds, etc.

*  Questions are allowed, but should be limited. /r/steroids has a specific thread just for new comers, where you can get amazing answers from some of the most knowledgeable people. Lab talk is alright, but remember how to get a particular lab's product would be prohibited source talk.

*  We hope everybody enjoys this thread Thanks to the /r/steroids community to help make this work. They have been a huge help and will be chiming in on this post.",2,2022-11-05 05:00:03,9,https://www.reddit.com/r/bodybuilding/comments/ymknju/steroid_saturday/
"LEFT: 5 weeks out from a local show in Hawaii (2021) RIGHT: 5 weeks out from nationals, Woman’s physique Division . I’m 5’5 and started off at 143 lbs, now I’m at 135lbs. Let the shred begin 🥵!! Will post updates every 2 weeks until show day",,148,2022-10-31 04:25:37,19,https://www.reddit.com/gallery/yi0n20
"Edward Kato taking shredded to the next level, paper thin skin",,386,2022-10-30 20:40:37,31,https://i.redd.it/g07wacqc80x91.jpg
Steroid Saturday,"Welcome to the steroid Saturday discussion. Please follow the rules, and be kind. If you see any hatred, arguing, etc. Please report the comment so it can be removed. If you do not agree with this post, do not participate. It is that simple.


*  **NO SOURCE TALK**. This is very important for a variety of what we hope are obvious reasons.

*  **NO FIGHTING**. Arguing and ridiculing others will only get your comment deleted. Constructive criticism only. Post anything that is on topic. This involves how cycles change close to competition prep, what has worked for you in the past, before/after cycle pictures, dietary changes with different compounds, etc.

*  Questions are allowed, but should be limited. /r/steroids has a specific thread just for new comers, where you can get amazing answers from some of the most knowledgeable people. Lab talk is alright, but remember how to get a particular lab's product would be prohibited source talk.

*  We hope everybody enjoys this thread Thanks to the /r/steroids community to help make this work. They have been a huge help and will be chiming in on this post.",4,2022-10-29 05:00:04,19,https://www.reddit.com/r/bodybuilding/comments/ygaibj/steroid_saturday/
Steroid Saturday,"Welcome to the steroid Saturday discussion. Please follow the rules, and be kind. If you see any hatred, arguing, etc. Please report the comment so it can be removed. If you do not agree with this post, do not participate. It is that simple.


*  **NO SOURCE TALK**. This is very important for a variety of what we hope are obvious reasons.

*  **NO FIGHTING**. Arguing and ridiculing others will only get your comment deleted. Constructive criticism only. Post anything that is on topic. This involves how cycles change close to competition prep, what has worked for you in the past, before/after cycle pictures, dietary changes with different compounds, etc.

*  Questions are allowed, but should be limited. /r/steroids has a specific thread just for new comers, where you can get amazing answers from some of the most knowledgeable people. Lab talk is alright, but remember how to get a particular lab's product would be prohibited source talk.

*  We hope everybody enjoys this thread Thanks to the /r/steroids community to help make this work. They have been a huge help and will be chiming in on this post.",4,2022-10-22 05:00:04,6,https://www.reddit.com/r/bodybuilding/comments/yaelfs/steroid_saturday/
Steroid Saturday,"Welcome to the steroid Saturday discussion. Please follow the rules, and be kind. If you see any hatred, arguing, etc. Please report the comment so it can be removed. If you do not agree with this post, do not participate. It is that simple.


*  **NO SOURCE TALK**. This is very important for a variety of what we hope are obvious reasons.

*  **NO FIGHTING**. Arguing and ridiculing others will only get your comment deleted. Constructive criticism only. Post anything that is on topic. This involves how cycles change close to competition prep, what has worked for you in the past, before/after cycle pictures, dietary changes with different compounds, etc.

*  Questions are allowed, but should be limited. /r/steroids has a specific thread just for new comers, where you can get amazing answers from some of the most knowledgeable people. Lab talk is alright, but remember how to get a particular lab's product would be prohibited source talk.

*  We hope everybody enjoys this thread Thanks to the /r/steroids community to help make this work. They have been a huge help and will be chiming in on this post.",5,2022-10-15 05:00:03,4,https://www.reddit.com/r/bodybuilding/comments/y4f10e/steroid_saturday/
1 week out true novice/novice classic natty,,587,2022-10-11 17:55:58,165,https://www.reddit.com/gallery/y1fn27
8 weeks out 17yo time to bring in the shreds 176.5lbs fasted diet in comments,,641,2022-10-11 11:39:20,137,https://www.reddit.com/gallery/y16tpv
Steroid Saturday,"Welcome to the steroid Saturday discussion. Please follow the rules, and be kind. If you see any hatred, arguing, etc. Please report the comment so it can be removed. If you do not agree with this post, do not participate. It is that simple.


*  **NO SOURCE TALK**. This is very important for a variety of what we hope are obvious reasons.

*  **NO FIGHTING**. Arguing and ridiculing others will only get your comment deleted. Constructive criticism only. Post anything that is on topic. This involves how cycles change close to competition prep, what has worked for you in the past, before/after cycle pictures, dietary changes with different compounds, etc.

*  Questions are allowed, but should be limited. /r/steroids has a specific thread just for new comers, where you can get amazing answers from some of the most knowledgeable people. Lab talk is alright, but remember how to get a particular lab's product would be prohibited source talk.

*  We hope everybody enjoys this thread Thanks to the /r/steroids community to help make this work. They have been a huge help and will be chiming in on this post.",3,2022-10-08 05:00:03,0,https://www.reddit.com/r/bodybuilding/comments/xyjxdk/steroid_saturday/
Steroid Saturday,"Welcome to the steroid Saturday discussion. Please follow the rules, and be kind. If you see any hatred, arguing, etc. Please report the comment so it can be removed. If you do not agree with this post, do not participate. It is that simple.


*  **NO SOURCE TALK**. This is very important for a variety of what we hope are obvious reasons.

*  **NO FIGHTING**. Arguing and ridiculing others will only get your comment deleted. Constructive criticism only. Post anything that is on topic. This involves how cycles change close to competition prep, what has worked for you in the past, before/after cycle pictures, dietary changes with different compounds, etc.

*  Questions are allowed, but should be limited. /r/steroids has a specific thread just for new comers, where you can get amazing answers from some of the most knowledgeable people. Lab talk is alright, but remember how to get a particular lab's product would be prohibited source talk.

*  We hope everybody enjoys this thread Thanks to the /r/steroids community to help make this work. They have been a huge help and will be chiming in on this post.",4,2022-10-01 05:00:04,1,https://www.reddit.com/r/bodybuilding/comments/xsmkux/steroid_saturday/
"Just done my first ever bodybuilding comp at 47, won the over 40s three weeks to get proper shred for finals, self preped no coach and never had one involved. Lots of improvements needed, every single one taken on board and already being made.",,73,2022-09-28 09:11:03,22,https://www.reddit.com/gallery/xq7otn
"Less than 2 weeks out, Lifetime Natty, first timer 👊",,944,2022-09-27 19:09:19,110,https://i.redd.it/nzuiek8z9gq91.jpg
"10 weeks out from first men's physique. 5'4"" 137lbs 24 yr/o natty",,109,2022-09-24 22:15:44,17,https://www.reddit.com/gallery/xn5pfh
Steroid Saturday,"Welcome to the steroid Saturday discussion. Please follow the rules, and be kind. If you see any hatred, arguing, etc. Please report the comment so it can be removed. If you do not agree with this post, do not participate. It is that simple.


*  **NO SOURCE TALK**. This is very important for a variety of what we hope are obvious reasons.

*  **NO FIGHTING**. Arguing and ridiculing others will only get your comment deleted. Constructive criticism only. Post anything that is on topic. This involves how cycles change close to competition prep, what has worked for you in the past, before/after cycle pictures, dietary changes with different compounds, etc.

*  Questions are allowed, but should be limited. /r/steroids has a specific thread just for new comers, where you can get amazing answers from some of the most knowledgeable people. Lab talk is alright, but remember how to get a particular lab's product would be prohibited source talk.

*  We hope everybody enjoys this thread Thanks to the /r/steroids community to help make this work. They have been a huge help and will be chiming in on this post.",2,2022-09-24 05:00:03,21,https://www.reddit.com/r/bodybuilding/comments/xmji6w/steroid_saturday/
"20 years old natty - 13 weeks out of classic and men physique junior. behind in conditioning but still working and will do it. Got told that i have bad genetics for body building last time i posted here, NOPE.",,13,2022-09-23 17:08:16,44,https://www.reddit.com/gallery/xm38jn
just under 2 weeks out from 3rd natty show and under 4 weeks out from 1st NPC show,,235,2022-09-20 15:54:07,67,https://www.reddit.com/gallery/xjchxf
4 weeks out 179.8 lbs. Natty Classic Comp. Cutting down to 165-168.,,1501,2022-09-19 20:36:17,191,https://i.redd.it/bbyeh467mvo91.jpg
Steroid Saturday,"Welcome to the steroid Saturday discussion. Please follow the rules, and be kind. If you see any hatred, arguing, etc. Please report the comment so it can be removed. If you do not agree with this post, do not participate. It is that simple.


*  **NO SOURCE TALK**. This is very important for a variety of what we hope are obvious reasons.

*  **NO FIGHTING**. Arguing and ridiculing others will only get your comment deleted. Constructive criticism only. Post anything that is on topic. This involves how cycles change close to competition prep, what has worked for you in the past, before/after cycle pictures, dietary changes with different compounds, etc.

*  Questions are allowed, but should be limited. /r/steroids has a specific thread just for new comers, where you can get amazing answers from some of the most knowledgeable people. Lab talk is alright, but remember how to get a particular lab's product would be prohibited source talk.

*  We hope everybody enjoys this thread Thanks to the /r/steroids community to help make this work. They have been a huge help and will be chiming in on this post.",5,2022-09-17 05:00:04,34,https://www.reddit.com/r/bodybuilding/comments/xgd56r/steroid_saturday/
Steroid Saturday,"Welcome to the steroid Saturday discussion. Please follow the rules, and be kind. If you see any hatred, arguing, etc. Please report the comment so it can be removed. If you do not agree with this post, do not participate. It is that simple.


*  **NO SOURCE TALK**. This is very important for a variety of what we hope are obvious reasons.

*  **NO FIGHTING**. Arguing and ridiculing others will only get your comment deleted. Constructive criticism only. Post anything that is on topic. This involves how cycles change close to competition prep, what has worked for you in the past, before/after cycle pictures, dietary changes with different compounds, etc.

*  Questions are allowed, but should be limited. /r/steroids has a specific thread just for new comers, where you can get amazing answers from some of the most knowledgeable people. Lab talk is alright, but remember how to get a particular lab's product would be prohibited source talk.

*  We hope everybody enjoys this thread Thanks to the /r/steroids community to help make this work. They have been a huge help and will be chiming in on this post.",2,2022-09-10 05:00:04,43,https://www.reddit.com/r/bodybuilding/comments/xagizn/steroid_saturday/
Steroid Saturday,"Welcome to the steroid Saturday discussion. Please follow the rules, and be kind. If you see any hatred, arguing, etc. Please report the comment so it can be removed. If you do not agree with this post, do not participate. It is that simple.


*  **NO SOURCE TALK**. This is very important for a variety of what we hope are obvious reasons.

*  **NO FIGHTING**. Arguing and ridiculing others will only get your comment deleted. Constructive criticism only. Post anything that is on topic. This involves how cycles change close to competition prep, what has worked for you in the past, before/after cycle pictures, dietary changes with different compounds, etc.

*  Questions are allowed, but should be limited. /r/steroids has a specific thread just for new comers, where you can get amazing answers from some of the most knowledgeable people. Lab talk is alright, but remember how to get a particular lab's product would be prohibited source talk.

*  We hope everybody enjoys this thread Thanks to the /r/steroids community to help make this work. They have been a huge help and will be chiming in on this post.",6,2022-09-03 05:00:04,78,https://www.reddit.com/r/bodybuilding/comments/x4m139/steroid_saturday/
Steroid Saturday,"Welcome to the steroid Saturday discussion. Please follow the rules, and be kind. If you see any hatred, arguing, etc. Please report the comment so it can be removed. If you do not agree with this post, do not participate. It is that simple.


*  **NO SOURCE TALK**. This is very important for a variety of what we hope are obvious reasons.

*  **NO FIGHTING**. Arguing and ridiculing others will only get your comment deleted. Constructive criticism only. Post anything that is on topic. This involves how cycles change close to competition prep, what has worked for you in the past, before/after cycle pictures, dietary changes with different compounds, etc.

*  Questions are allowed, but should be limited. /r/steroids has a specific thread just for new comers, where you can get amazing answers from some of the most knowledgeable people. Lab talk is alright, but remember how to get a particular lab's product would be prohibited source talk.

*  We hope everybody enjoys this thread Thanks to the /r/steroids community to help make this work. They have been a huge help and will be chiming in on this post.",14,2022-08-27 05:00:04,57,https://www.reddit.com/r/bodybuilding/comments/wyu2tj/steroid_saturday/
